ship,lon,lat,time_utc
255752000,9.103883,53.883202,2023-01-23T00:52:24Z
255752000,9.105261,53.883353,2023-01-23T00:52:55Z
255752000,9.106728,53.883562,2023-01-23T00:53:26Z
255752000,9.108175,53.883849,2023-01-23T00:54:14Z
255752000,9.110756,53.884483,2023-01-23T00:54:45Z
255752000,9.111490,53.884686,2023-01-23T00:55:15Z
255752000,9.113976,53.885226,2023-01-23T00:55:49Z
255752000,9.114757,53.885350,2023-01-23T00:56:19Z
255752000,9.117012,53.885528,2023-01-23T00:56:55Z
255752000,9.118407,53.885662,2023-01-23T00:57:26Z
255752000,9.119694,53.885750,2023-01-23T00:58:15Z
255752000,9.122342,53.885976,2023-01-23T00:58:55Z
255752000,9.123683,53.886104,2023-01-23T00:59:26Z
255752000,9.124977,53.886207,2023-01-23T01:00:15Z
255752000,9.127026,53.886419,2023-01-23T01:00:45Z
255752000,9.127881,53.886498,2023-01-23T01:01:18Z
255752000,9.129631,53.886775,2023-01-23T01:01:55Z
255752000,9.130621,53.886970,2023-01-23T01:02:26Z
255752000,9.131555,53.887183,2023-01-23T01:03:13Z
255752000,9.132987,53.887592,2023-01-23T01:03:45Z
255752000,9.133217,53.887661,2023-01-23T01:04:16Z
255752000,9.134728,53.888247,2023-01-23T01:04:55Z
255752000,9.135329,53.888551,2023-01-23T01:05:27Z
255752000,9.135868,53.888821,2023-01-23T01:06:15Z
255752000,9.136898,53.889392,2023-01-23T01:06:55Z
255752000,9.137365,53.889664,2023-01-23T01:07:26Z
255752000,9.137807,53.889904,2023-01-23T01:08:14Z
255752000,9.138525,53.890296,2023-01-23T01:08:44Z
255752000,9.138655,53.890381,2023-01-23T01:09:15Z
255752000,9.139377,53.890768,2023-01-23T01:09:55Z
255752000,9.139760,53.890958,2023-01-23T01:10:25Z
255752000,9.140097,53.891111,2023-01-23T01:11:14Z
255752000,9.140772,53.891437,2023-01-23T01:11:44Z
255752000,9.141047,53.891582,2023-01-23T01:12:19Z
255752000,9.141667,53.891902,2023-01-23T01:12:55Z
255752000,9.142002,53.892081,2023-01-23T01:13:26Z
255752000,9.142290,53.892243,2023-01-23T01:14:14Z
255752000,9.142773,53.892523,2023-01-23T01:14:46Z
255752000,9.142970,53.892628,2023-01-23T01:15:18Z
255752000,9.143362,53.892868,2023-01-23T01:15:55Z
255752000,9.143607,53.892988,2023-01-23T01:16:27Z
255752000,9.143803,53.893079,2023-01-23T01:17:15Z
255752000,9.144120,53.893208,2023-01-23T01:17:46Z
255752000,9.144242,53.893263,2023-01-23T01:18:17Z
255752000,9.144587,53.893404,2023-01-23T01:18:55Z
255752000,9.144733,53.893476,2023-01-23T01:19:27Z
255752000,9.144887,53.893542,2023-01-23T01:20:15Z
255752000,9.145112,53.893646,2023-01-23T01:20:46Z
255752000,9.145182,53.893679,2023-01-23T01:21:19Z
255752000,9.145333,53.893754,2023-01-23T01:21:55Z
255752000,9.145416,53.893796,2023-01-23T01:22:35Z
255752000,9.145458,53.893816,2023-01-23T01:23:13Z
255752000,9.145507,53.893866,2023-01-23T01:23:45Z
255752000,9.145541,53.893877,2023-01-23T01:24:19Z
255752000,9.145593,53.893894,2023-01-23T01:24:55Z
255752000,9.145606,53.893907,2023-01-23T01:25:36Z
255752000,9.145590,53.893906,2023-01-23T01:26:15Z
255752000,9.145603,53.893927,2023-01-23T01:26:45Z
255752000,9.145603,53.893919,2023-01-23T01:27:20Z
255752000,9.145575,53.893884,2023-01-23T01:27:54Z
255752000,9.145581,53.893884,2023-01-23T01:28:26Z
255752000,9.145556,53.893881,2023-01-23T01:29:15Z
255752000,9.145565,53.893877,2023-01-23T01:29:46Z
255752000,9.145573,53.893876,2023-01-23T01:30:20Z
255752000,9.145591,53.893887,2023-01-23T01:30:56Z
255752000,9.145588,53.893889,2023-01-23T01:31:26Z
255752000,9.145586,53.893884,2023-01-23T01:32:13Z
255752000,9.145585,53.893876,2023-01-23T01:32:46Z
255752000,9.145588,53.893881,2023-01-23T01:33:20Z
255752000,9.145571,53.893881,2023-01-23T01:33:56Z
255752000,9.145561,53.893879,2023-01-23T01:34:26Z
255752000,9.145585,53.893891,2023-01-23T01:35:15Z
255752000,9.145593,53.893882,2023-01-23T01:35:46Z
255752000,9.145580,53.893877,2023-01-23T01:36:19Z
255752000,9.145585,53.893894,2023-01-23T01:36:56Z
255752000,9.145600,53.893881,2023-01-23T01:37:28Z
255752000,9.145596,53.893884,2023-01-23T01:38:14Z
255752000,9.145605,53.893882,2023-01-23T01:38:46Z
255752000,9.145603,53.893879,2023-01-23T01:39:18Z
255752000,9.145571,53.893871,2023-01-23T01:39:56Z
255752000,9.145573,53.893882,2023-01-23T01:40:27Z
255752000,9.145596,53.893889,2023-01-23T01:41:13Z
255752000,9.145603,53.893894,2023-01-23T01:41:46Z
255752000,9.145610,53.893904,2023-01-23T01:42:20Z
255752000,9.145728,53.893979,2023-01-23T01:42:56Z
255752000,9.146113,53.894204,2023-01-23T01:43:36Z
255752000,9.146420,53.894377,2023-01-23T01:44:14Z
255752000,9.147643,53.895047,2023-01-23T01:44:46Z
255752000,9.148273,53.895392,2023-01-23T01:45:20Z
255752000,9.150193,53.896416,2023-01-23T01:45:56Z
255752000,9.151403,53.897074,2023-01-23T01:46:27Z
255752000,9.152723,53.897811,2023-01-23T01:47:13Z
255752000,9.154850,53.898929,2023-01-23T01:47:46Z
255752000,9.155750,53.899386,2023-01-23T01:48:18Z
255752000,9.157800,53.900489,2023-01-23T01:48:56Z
255752000,9.159012,53.901109,2023-01-23T01:49:26Z
255752000,9.160280,53.901756,2023-01-23T01:50:14Z
255752000,9.162240,53.902756,2023-01-23T01:50:46Z
255752000,9.163045,53.903159,2023-01-23T01:51:18Z
255752000,9.165037,53.904166,2023-01-23T01:51:56Z
255752000,9.166577,53.904924,2023-01-23T01:52:35Z
255752000,9.167458,53.905356,2023-01-23T01:53:14Z
255752000,9.169343,53.906319,2023-01-23T01:53:45Z
255752000,9.170167,53.906739,2023-01-23T01:54:18Z
255752000,9.172088,53.907733,2023-01-23T01:54:55Z
255752000,9.173277,53.908317,2023-01-23T01:55:29Z
255752000,9.174473,53.908916,2023-01-23T01:56:14Z
255752000,9.176337,53.909904,2023-01-23T01:56:45Z
255752000,9.177186,53.910332,2023-01-23T01:57:18Z
255752000,9.179119,53.911392,2023-01-23T01:57:55Z
305301000,9.177725,53.912639,2023-01-23T01:02:00Z
305301000,9.176757,53.912103,2023-01-23T01:02:39Z
305301000,9.176267,53.911838,2023-01-23T01:03:14Z
305301000,9.175097,53.911231,2023-01-23T01:03:49Z
305301000,9.174705,53.910996,2023-01-23T01:04:22Z
305301000,9.173677,53.910445,2023-01-23T01:05:00Z
305301000,9.172914,53.910032,2023-01-23T01:05:39Z
305301000,9.172516,53.909828,2023-01-23T01:06:17Z
305301000,9.171516,53.909293,2023-01-23T01:06:50Z
305301000,9.170897,53.909022,2023-01-23T01:07:22Z
305301000,9.170152,53.908596,2023-01-23T01:08:00Z
305301000,9.169216,53.908106,2023-01-23T01:08:39Z
305301000,9.168675,53.907813,2023-01-23T01:09:16Z
305301000,9.167108,53.906959,2023-01-23T01:09:50Z
305301000,9.165939,53.906368,2023-01-23T01:10:23Z
305301000,9.164408,53.905491,2023-01-23T01:11:00Z
305301000,9.163001,53.904597,2023-01-23T01:11:40Z
305301000,9.162326,53.904119,2023-01-23T01:12:15Z
305301000,9.160671,53.903097,2023-01-23T01:12:50Z
305301000,9.159834,53.902519,2023-01-23T01:13:23Z
305301000,9.158649,53.901753,2023-01-23T01:13:59Z
305301000,9.157629,53.901062,2023-01-23T01:14:39Z
305301000,9.157041,53.900725,2023-01-23T01:15:15Z
305301000,9.155776,53.899967,2023-01-23T01:15:49Z
305301000,9.155236,53.899657,2023-01-23T01:16:22Z
305301000,9.153937,53.898923,2023-01-23T01:16:59Z
305301000,9.152916,53.898340,2023-01-23T01:17:39Z
305301000,9.152409,53.898057,2023-01-23T01:18:14Z
305301000,9.151109,53.897368,2023-01-23T01:18:50Z
305301000,9.150579,53.897103,2023-01-23T01:19:21Z
305301000,9.149355,53.896409,2023-01-23T01:19:59Z
305301000,9.148631,53.896032,2023-01-23T01:20:30Z
305301000,9.148058,53.895693,2023-01-23T01:21:15Z
305301000,9.147043,53.895247,2023-01-23T01:21:50Z
305301000,9.146550,53.895037,2023-01-23T01:22:22Z
305301000,9.146081,53.894749,2023-01-23T01:22:58Z
305301000,9.145686,53.894562,2023-01-23T01:23:30Z
305301000,9.145431,53.894440,2023-01-23T01:24:16Z
305301000,9.145086,53.894232,2023-01-23T01:24:50Z
305301000,9.144980,53.894153,2023-01-23T01:25:20Z
305301000,9.144743,53.893996,2023-01-23T01:25:58Z
305301000,9.144571,53.893891,2023-01-23T01:26:28Z
305301000,9.144417,53.893803,2023-01-23T01:26:58Z
305301000,9.144274,53.893734,2023-01-23T01:27:39Z
305301000,9.144271,53.893729,2023-01-23T01:28:15Z
305301000,9.144264,53.893739,2023-01-23T01:28:49Z
305301000,9.144213,53.893746,2023-01-23T01:29:20Z
305301000,9.144174,53.893756,2023-01-23T01:29:59Z
305301000,9.144116,53.893775,2023-01-23T01:30:39Z
305301000,9.144117,53.893785,2023-01-23T01:31:15Z
305301000,9.144094,53.893795,2023-01-23T01:31:49Z
305301000,9.144102,53.893772,2023-01-23T01:32:22Z
305301000,9.144081,53.893768,2023-01-23T01:32:59Z
305301000,9.144086,53.893785,2023-01-23T01:33:39Z
305301000,9.144072,53.893805,2023-01-23T01:34:16Z
305301000,9.144079,53.893785,2023-01-23T01:34:49Z
305301000,9.144096,53.893785,2023-01-23T01:35:20Z
305301000,9.144096,53.893763,2023-01-23T01:35:59Z
305301000,9.144121,53.893762,2023-01-23T01:36:30Z
305301000,9.144103,53.893770,2023-01-23T01:37:17Z
305301000,9.144130,53.893754,2023-01-23T01:37:48Z
305301000,9.144079,53.893738,2023-01-23T01:38:19Z
305301000,9.144126,53.893774,2023-01-23T01:38:59Z
305301000,9.144156,53.893790,2023-01-23T01:39:30Z
305301000,9.144116,53.893767,2023-01-23T01:40:17Z
305301000,9.144153,53.893760,2023-01-23T01:40:48Z
305301000,9.144118,53.893774,2023-01-23T01:41:19Z
305301000,9.144131,53.893804,2023-01-23T01:41:59Z
305301000,9.144133,53.893827,2023-01-23T01:42:30Z
305301000,9.144110,53.893789,2023-01-23T01:43:16Z
305301000,9.144145,53.893810,2023-01-23T01:43:48Z
305301000,9.144130,53.893807,2023-01-23T01:44:20Z
305301000,9.144148,53.893779,2023-01-23T01:44:59Z
305301000,9.144136,53.893772,2023-01-23T01:45:30Z
305301000,9.144121,53.893780,2023-01-23T01:46:16Z
305301000,9.144150,53.893844,2023-01-23T01:46:49Z
305301000,9.144098,53.893814,2023-01-23T01:47:19Z
305301000,9.144155,53.893764,2023-01-23T01:47:59Z
305301000,9.144115,53.893800,2023-01-23T01:48:29Z
305301000,9.144086,53.893789,2023-01-23T01:49:16Z
305301000,9.144076,53.893797,2023-01-23T01:49:49Z
305301000,9.144091,53.893792,2023-01-23T01:50:20Z
305301000,9.144086,53.893775,2023-01-23T01:50:59Z
305301000,9.144116,53.893767,2023-01-23T01:51:29Z
305301000,9.144116,53.893767,2023-01-23T01:52:16Z
305301000,9.144141,53.893755,2023-01-23T01:52:49Z
305301000,9.144155,53.893775,2023-01-23T01:53:23Z
305301000,9.144161,53.893764,2023-01-23T01:53:59Z
305301000,9.144160,53.893754,2023-01-23T01:54:29Z
305301000,9.144150,53.893789,2023-01-23T01:55:18Z
305301000,9.144155,53.893760,2023-01-23T01:55:49Z
305301000,9.144155,53.893752,2023-01-23T01:56:22Z
305301000,9.144143,53.893784,2023-01-23T01:56:59Z
305301000,9.144098,53.893747,2023-01-23T01:57:29Z
305301000,9.144113,53.893737,2023-01-23T01:58:16Z
305301000,9.144135,53.893762,2023-01-23T01:58:49Z
305301000,9.144101,53.893780,2023-01-23T01:59:22Z
305301000,9.144030,53.893780,2023-01-23T01:59:59Z
305301000,9.144138,53.893792,2023-01-23T02:00:39Z
305301000,9.144155,53.893784,2023-01-23T02:01:16Z
305301000,9.144150,53.893785,2023-01-23T02:01:48Z
305301000,9.144156,53.893787,2023-01-23T02:02:21Z
305301000,9.144136,53.893800,2023-01-23T02:02:59Z
305301000,9.144136,53.893785,2023-01-23T02:03:39Z
305301000,9.144123,53.893814,2023-01-23T02:04:17Z
305301000,9.144160,53.893779,2023-01-23T02:04:48Z
305301000,9.144130,53.893745,2023-01-23T02:05:20Z
305301000,9.144140,53.893780,2023-01-23T02:05:59Z
305301000,9.144138,53.893769,2023-01-23T02:06:29Z
305301000,9.144195,53.893747,2023-01-23T02:07:17Z
305301000,9.144116,53.893834,2023-01-23T02:07:48Z
305301000,9.144135,53.893830,2023-01-23T02:08:19Z
305301000,9.144113,53.893794,2023-01-23T02:08:59Z
305301000,9.144153,53.893759,2023-01-23T02:09:29Z
305301000,9.144101,53.893744,2023-01-23T02:10:16Z
305301000,9.144215,53.893759,2023-01-23T02:10:48Z
305301000,9.144143,53.893765,2023-01-23T02:11:22Z
305301000,9.144171,53.893792,2023-01-23T02:11:59Z
305301000,9.144100,53.893795,2023-01-23T02:12:30Z
305301000,9.144178,53.893817,2023-01-23T02:13:00Z
305301000,9.144110,53.893832,2023-01-23T02:13:38Z
305301000,9.144110,53.893854,2023-01-23T02:14:17Z
305301000,9.144095,53.893790,2023-01-23T02:14:49Z
305301000,9.144091,53.893780,2023-01-23T02:15:21Z
305301000,9.144135,53.893742,2023-01-23T02:16:00Z
305301000,9.144148,53.893750,2023-01-23T02:16:30Z
305301000,9.144116,53.893770,2023-01-23T02:17:16Z
305301000,9.144105,53.893819,2023-01-23T02:17:49Z
305301000,9.144101,53.893799,2023-01-23T02:18:21Z
305301000,9.144136,53.893795,2023-01-23T02:18:58Z
305301000,9.144114,53.893797,2023-01-23T02:19:30Z
305301000,9.144087,53.893757,2023-01-23T02:20:15Z
305301000,9.144126,53.893778,2023-01-23T02:20:49Z
305301000,9.144134,53.893758,2023-01-23T02:21:20Z
305301000,9.144102,53.893762,2023-01-23T02:21:58Z
305301000,9.144094,53.893740,2023-01-23T02:22:30Z
305301000,9.144129,53.893715,2023-01-23T02:23:15Z
305301000,9.144099,53.893777,2023-01-23T02:23:49Z
305301000,9.144102,53.893753,2023-01-23T02:24:21Z
305301000,9.144037,53.893797,2023-01-23T02:24:59Z
305301000,9.144009,53.893798,2023-01-23T02:25:30Z
305301000,9.144166,53.893748,2023-01-23T02:26:16Z
305301000,9.144107,53.893787,2023-01-23T02:26:50Z
305301000,9.144139,53.893787,2023-01-23T02:27:20Z
305301000,9.144101,53.893758,2023-01-23T02:27:59Z
305301000,9.144117,53.893765,2023-01-23T02:28:40Z
305301000,9.144139,53.893750,2023-01-23T02:29:15Z
305301000,9.144146,53.893758,2023-01-23T02:29:50Z
305301000,9.144132,53.893738,2023-01-23T02:30:21Z
305301000,9.144141,53.893745,2023-01-23T02:30:59Z
305301000,9.144091,53.893752,2023-01-23T02:31:38Z
305301000,9.144087,53.893765,2023-01-23T02:32:14Z
305301000,9.144137,53.893772,2023-01-23T02:32:50Z
305301000,9.144144,53.893768,2023-01-23T02:33:24Z
305301000,9.144099,53.893772,2023-01-23T02:33:59Z
305301000,9.144129,53.893768,2023-01-23T02:34:38Z
305301000,9.144099,53.893810,2023-01-23T02:35:15Z
305301000,9.144107,53.893832,2023-01-23T02:35:50Z
305301000,9.144111,53.893818,2023-01-23T02:36:20Z
305301000,9.144091,53.893787,2023-01-23T02:36:59Z
305301000,9.144101,53.893797,2023-01-23T02:37:39Z
305301000,9.144129,53.893778,2023-01-23T02:38:15Z
305301000,9.144157,53.893782,2023-01-23T02:38:48Z
305301000,9.144152,53.893798,2023-01-23T02:39:22Z
305301000,9.144144,53.893768,2023-01-23T02:39:59Z
305301000,9.144077,53.893778,2023-01-23T02:40:29Z
305301000,9.144104,53.893760,2023-01-23T02:41:16Z
305301000,9.144086,53.893778,2023-01-23T02:41:48Z
305301000,9.144090,53.893792,2023-01-23T02:42:21Z
305301000,9.144081,53.893743,2023-01-23T02:42:59Z
305301000,9.144036,53.893715,2023-01-23T02:43:30Z
305301000,9.143888,53.893634,2023-01-23T02:44:15Z
305301000,9.143462,53.893373,2023-01-23T02:44:48Z
305301000,9.143163,53.893214,2023-01-23T02:45:18Z
305301000,9.142435,53.892801,2023-01-23T02:45:48Z
305301000,9.141982,53.892546,2023-01-23T02:46:19Z
305301000,9.140627,53.891786,2023-01-23T02:46:58Z
305301000,9.139434,53.891171,2023-01-23T02:47:29Z
305301000,9.138231,53.890629,2023-01-23T02:48:16Z
305301000,9.135866,53.889566,2023-01-23T02:48:48Z
305301000,9.134896,53.889125,2023-01-23T02:49:21Z
305301000,9.132160,53.887913,2023-01-23T02:49:58Z
305301000,9.130315,53.887081,2023-01-23T02:50:29Z
305301000,9.128518,53.886240,2023-01-23T02:51:16Z
305301000,9.125331,53.884799,2023-01-23T02:51:48Z
305301000,9.123927,53.884151,2023-01-23T02:52:21Z
305301000,9.120320,53.882711,2023-01-23T02:53:00Z
305301000,9.117267,53.881762,2023-01-23T02:53:40Z
305301000,9.115766,53.881299,2023-01-23T02:54:16Z
305301000,9.111832,53.880545,2023-01-23T02:54:48Z
305301000,9.110120,53.880281,2023-01-23T02:55:20Z
255806513,9.178320,53.912307,2023-01-23T01:05:41Z
255806513,9.177601,53.911909,2023-01-23T01:06:15Z
255806513,9.175766,53.910882,2023-01-23T01:06:51Z
255806513,9.174680,53.910275,2023-01-23T01:07:23Z
255806513,9.173320,53.909556,2023-01-23T01:08:01Z
255806513,9.172328,53.908966,2023-01-23T01:08:32Z
255806513,9.171597,53.908638,2023-01-23T01:09:15Z
255806513,9.169658,53.907644,2023-01-23T01:09:51Z
255806513,9.168801,53.907119,2023-01-23T01:10:24Z
255806513,9.167695,53.906585,2023-01-23T01:11:01Z
255806513,9.166858,53.906146,2023-01-23T01:11:33Z
255806513,9.166370,53.905900,2023-01-23T01:12:14Z
255806513,9.164881,53.905126,2023-01-23T01:12:51Z
255806513,9.164135,53.904786,2023-01-23T01:13:24Z
255806513,9.163275,53.904241,2023-01-23T01:14:02Z
255806513,9.162633,53.903896,2023-01-23T01:14:33Z
255806513,9.162215,53.903671,2023-01-23T01:15:14Z
255806513,9.161020,53.903011,2023-01-23T01:15:53Z
255806513,9.160481,53.902793,2023-01-23T01:16:26Z
255806513,9.159681,53.902299,2023-01-23T01:17:02Z
255806513,9.159105,53.901998,2023-01-23T01:17:33Z
255806513,9.158745,53.901803,2023-01-23T01:18:13Z
255806513,9.157713,53.901228,2023-01-23T01:18:53Z
255806513,9.157205,53.900945,2023-01-23T01:19:25Z
255806513,9.156425,53.900502,2023-01-23T01:20:01Z
255806513,9.155747,53.900123,2023-01-23T01:20:32Z
255806513,9.155322,53.899883,2023-01-23T01:21:14Z
255806513,9.154028,53.899146,2023-01-23T01:21:53Z
255806513,9.153086,53.898634,2023-01-23T01:22:32Z
255806513,9.152620,53.898387,2023-01-23T01:23:14Z
255806513,9.151423,53.897730,2023-01-23T01:23:51Z
255806513,9.151081,53.897523,2023-01-23T01:24:22Z
255806513,9.150383,53.897110,2023-01-23T01:25:01Z
255806513,9.149981,53.896960,2023-01-23T01:25:32Z
255806513,9.149736,53.896761,2023-01-23T01:26:16Z
255806513,9.148943,53.896371,2023-01-23T01:26:51Z
255806513,9.148635,53.896286,2023-01-23T01:27:22Z
255806513,9.148135,53.895952,2023-01-23T01:28:02Z
255806513,9.147981,53.895793,2023-01-23T01:28:32Z
255806513,9.147733,53.895729,2023-01-23T01:29:15Z
255806513,9.147481,53.895460,2023-01-23T01:29:51Z
255806513,9.147315,53.895460,2023-01-23T01:30:22Z
255806513,9.147150,53.895369,2023-01-23T01:30:53Z
255806513,9.146961,53.895267,2023-01-23T01:31:33Z
255806513,9.146865,53.895229,2023-01-23T01:32:13Z
255806513,9.146625,53.895107,2023-01-23T01:32:53Z
255806513,9.146481,53.894960,2023-01-23T01:33:25Z
255806513,9.146353,53.894916,2023-01-23T01:34:01Z
255806513,9.146261,53.894885,2023-01-23T01:34:33Z
255806513,9.146275,53.894896,2023-01-23T01:35:15Z
255806513,9.146261,53.894896,2023-01-23T01:35:53Z
255806513,9.146148,53.894793,2023-01-23T01:36:25Z
255806513,9.146192,53.894831,2023-01-23T01:37:01Z
255806513,9.146171,53.894830,2023-01-23T01:37:33Z
255806513,9.146171,53.894821,2023-01-23T01:38:03Z
255806513,9.146148,53.894793,2023-01-23T01:38:42Z
255806513,9.146168,53.894820,2023-01-23T01:39:13Z
255806513,9.146171,53.894821,2023-01-23T01:39:51Z
255806513,9.146148,53.894793,2023-01-23T01:40:31Z
255806513,9.146160,53.894815,2023-01-23T01:41:02Z
255806513,9.146161,53.894815,2023-01-23T01:41:51Z
255806513,9.146163,53.894816,2023-01-23T01:42:22Z
255806513,9.146148,53.894793,2023-01-23T01:43:02Z
255806513,9.146148,53.894793,2023-01-23T01:43:42Z
255806513,9.146173,53.894826,2023-01-23T01:44:14Z
255806513,9.146173,53.894825,2023-01-23T01:44:51Z
255806513,9.146148,53.894793,2023-01-23T01:45:25Z
255806513,9.146148,53.894793,2023-01-23T01:46:02Z
255806513,9.146175,53.894825,2023-01-23T01:46:33Z
255806513,9.146190,53.894831,2023-01-23T01:47:13Z
255806513,9.146148,53.894793,2023-01-23T01:48:02Z
255806513,9.146176,53.894826,2023-01-23T01:48:33Z
255806513,9.146148,53.894793,2023-01-23T01:49:13Z
255806513,9.146162,53.894800,2023-01-23T01:49:52Z
255806513,9.146192,53.894833,2023-01-23T01:50:41Z
255806513,9.146148,53.894793,2023-01-23T01:51:17Z
255806513,9.146148,53.894793,2023-01-23T01:51:52Z
255806513,9.146183,53.894831,2023-01-23T01:52:24Z
255806513,9.146148,53.894793,2023-01-23T01:53:02Z
255806513,9.146148,53.894793,2023-01-23T01:53:42Z
255806513,9.146148,53.894793,2023-01-23T01:54:14Z
255806513,9.146162,53.894800,2023-01-23T01:54:52Z
255806513,9.146148,53.894793,2023-01-23T01:55:31Z
255806513,9.146162,53.894800,2023-01-23T01:56:02Z
255806513,9.146187,53.894836,2023-01-23T01:56:33Z
255806513,9.146162,53.894800,2023-01-23T01:57:13Z
255806513,9.146162,53.894800,2023-01-23T01:57:52Z
255806513,9.146190,53.894836,2023-01-23T01:58:33Z
255806513,9.146190,53.894836,2023-01-23T01:59:03Z
255806513,9.146162,53.894800,2023-01-23T01:59:52Z
255806513,9.146185,53.894830,2023-01-23T02:00:24Z
255806513,9.146183,53.894826,2023-01-23T02:01:03Z
255806513,9.146162,53.894800,2023-01-23T02:01:42Z
255806513,9.146183,53.894830,2023-01-23T02:02:15Z
255806513,9.146188,53.894830,2023-01-23T02:03:01Z
255806513,9.146188,53.894831,2023-01-23T02:03:33Z
255806513,9.146197,53.894835,2023-01-23T02:04:16Z
255806513,9.146205,53.894836,2023-01-23T02:04:51Z
255806513,9.146203,53.894838,2023-01-23T02:05:23Z
255806513,9.146197,53.894838,2023-01-23T02:06:01Z
255806513,9.146148,53.894793,2023-01-23T02:06:31Z
255806513,9.146183,53.894831,2023-01-23T02:07:15Z
255806513,9.146185,53.894835,2023-01-23T02:07:51Z
255806513,9.146175,53.894830,2023-01-23T02:08:22Z
255806513,9.146162,53.894800,2023-01-23T02:09:02Z
255806513,9.146187,53.894826,2023-01-23T02:09:33Z
255806513,9.146185,53.894831,2023-01-23T02:10:15Z
255806513,9.146162,53.894800,2023-01-23T02:11:02Z
255806513,9.146162,53.894800,2023-01-23T02:11:42Z
255806513,9.146162,53.894800,2023-01-23T02:12:16Z
255806513,9.146148,53.894793,2023-01-23T02:12:52Z
255806513,9.146210,53.894830,2023-01-23T02:13:23Z
255806513,9.146162,53.894800,2023-01-23T02:14:02Z
255806513,9.146212,53.894826,2023-01-23T02:14:33Z
255806513,9.146162,53.894800,2023-01-23T02:15:19Z
255806513,9.146162,53.894800,2023-01-23T02:15:52Z
255806513,9.146198,53.894830,2023-01-23T02:16:25Z
255806513,9.146162,53.894800,2023-01-23T02:17:02Z
255806513,9.146162,53.894800,2023-01-23T02:17:42Z
255806513,9.146162,53.894800,2023-01-23T02:18:15Z
255806513,9.146162,53.894800,2023-01-23T02:18:52Z
255806513,9.146205,53.894841,2023-01-23T02:19:23Z
255806513,9.146162,53.894800,2023-01-23T02:20:02Z
255806513,9.146162,53.894800,2023-01-23T02:20:52Z
255806513,9.146186,53.894835,2023-01-23T02:21:22Z
255806513,9.146162,53.894800,2023-01-23T02:21:52Z
255806513,9.146148,53.894793,2023-01-23T02:22:31Z
255806513,9.146148,53.894793,2023-01-23T02:23:02Z
255806513,9.146191,53.894826,2023-01-23T02:23:43Z
255806513,9.146148,53.894793,2023-01-23T02:24:14Z
255806513,9.146162,53.894800,2023-01-23T02:24:52Z
255806513,9.146217,53.894841,2023-01-23T02:25:25Z
255806513,9.146148,53.894793,2023-01-23T02:26:02Z
255806513,9.146148,53.894793,2023-01-23T02:26:42Z
255806513,9.146162,53.894800,2023-01-23T02:27:14Z
255806513,9.146148,53.894793,2023-01-23T02:27:52Z
255806513,9.146148,53.894793,2023-01-23T02:28:22Z
255806513,9.146205,53.894843,2023-01-23T02:29:01Z
255806513,9.146148,53.894793,2023-01-23T02:29:42Z
255806513,9.146148,53.894793,2023-01-23T02:30:14Z
255806513,9.146148,53.894793,2023-01-23T02:30:52Z
255806513,9.146148,53.894793,2023-01-23T02:31:32Z
255806513,9.146148,53.894793,2023-01-23T02:32:13Z
255806513,9.146148,53.894793,2023-01-23T02:32:52Z
255806513,9.146191,53.894833,2023-01-23T02:33:24Z
255806513,9.146190,53.894831,2023-01-23T02:34:01Z
255806513,9.146148,53.894793,2023-01-23T02:34:32Z
255806513,9.146181,53.894826,2023-01-23T02:35:17Z
255806513,9.146183,53.894828,2023-01-23T02:36:02Z
255806513,9.146176,53.894825,2023-01-23T02:36:33Z
255806513,9.146170,53.894823,2023-01-23T02:37:12Z
255806513,9.146176,53.894830,2023-01-23T02:38:02Z
255806513,9.146183,53.894833,2023-01-23T02:38:33Z
255806513,9.146176,53.894828,2023-01-23T02:39:14Z
255806513,9.146148,53.894793,2023-01-23T02:39:52Z
255806513,9.146176,53.894828,2023-01-23T02:40:23Z
255806513,9.146203,53.894841,2023-01-23T02:41:02Z
255806513,9.146198,53.894840,2023-01-23T02:41:33Z
255806513,9.146188,53.894833,2023-01-23T02:42:18Z
255806513,9.146148,53.894793,2023-01-23T02:42:52Z
255806513,9.146183,53.894831,2023-01-23T02:43:25Z
255806513,9.146181,53.894833,2023-01-23T02:44:03Z
255806513,9.146148,53.894793,2023-01-23T02:44:52Z
255806513,9.146196,53.894848,2023-01-23T02:45:31Z
255806513,9.146196,53.894848,2023-01-23T02:46:03Z
255806513,9.146198,53.894850,2023-01-23T02:46:41Z
255806513,9.146148,53.894793,2023-01-23T02:47:15Z
255806513,9.146135,53.894786,2023-01-23T02:47:52Z
255806513,9.146080,53.894809,2023-01-23T02:48:25Z
255806513,9.145968,53.894786,2023-01-23T02:49:01Z
255806513,9.145635,53.894619,2023-01-23T02:49:32Z
255806513,9.145468,53.894452,2023-01-23T02:50:16Z
255806513,9.144662,53.894133,2023-01-23T02:50:52Z
255806513,9.144162,53.893800,2023-01-23T02:51:25Z
255806513,9.143327,53.893350,2023-01-23T02:52:01Z
255806513,9.142613,53.892997,2023-01-23T02:52:32Z
255806513,9.142190,53.892813,2023-01-23T02:53:13Z
255806513,9.140356,53.891813,2023-01-23T02:53:52Z
255806513,9.139190,53.891313,2023-01-23T02:54:25Z
255806513,9.137407,53.890458,2023-01-23T02:55:01Z
255806513,9.135877,53.889736,2023-01-23T02:55:32Z
255806513,9.134947,53.889316,2023-01-23T02:56:13Z
255806513,9.131550,53.887821,2023-01-23T02:56:51Z
255806513,9.130219,53.887326,2023-01-23T02:57:22Z
255806513,9.127194,53.885821,2023-01-23T02:58:01Z
255806513,9.124948,53.884779,2023-01-23T02:58:32Z
255806513,9.123056,53.883908,2023-01-23T02:59:16Z
255806513,9.118988,53.882434,2023-01-23T02:59:48Z
255806513,9.117883,53.882162,2023-01-23T03:00:19Z
255806513,9.112846,53.881335,2023-01-23T03:00:51Z
255806513,9.109647,53.880935,2023-01-23T03:01:23Z
255806513,9.106452,53.880540,2023-01-23T03:02:15Z
244780569,9.178394,53.912420,2023-01-23T01:57:20Z
244780569,9.176873,53.911621,2023-01-23T01:57:51Z
244780569,9.175721,53.911052,2023-01-23T01:58:24Z
244780569,9.174109,53.910224,2023-01-23T01:59:01Z
244780569,9.172957,53.909610,2023-01-23T01:59:32Z
244780569,9.171823,53.908989,2023-01-23T02:00:13Z
244780569,9.169941,53.907949,2023-01-23T02:00:51Z
244780569,9.168832,53.907339,2023-01-23T02:01:23Z
244780569,9.167339,53.906537,2023-01-23T02:02:01Z
244780569,9.165825,53.905717,2023-01-23T02:02:41Z
244780569,9.165077,53.905304,2023-01-23T02:03:13Z
244780569,9.163179,53.904264,2023-01-23T02:03:51Z
244780569,9.162434,53.903869,2023-01-23T02:04:21Z
244780569,9.160639,53.902927,2023-01-23T02:05:01Z
244780569,9.159352,53.902275,2023-01-23T02:05:40Z
244780569,9.158706,53.901939,2023-01-23T02:06:14Z
244780569,9.157227,53.901165,2023-01-23T02:06:51Z
244780569,9.156699,53.900875,2023-01-23T02:07:22Z
244780569,9.155472,53.900222,2023-01-23T02:08:00Z
244780569,9.154579,53.899750,2023-01-23T02:08:40Z
244780569,9.154109,53.899509,2023-01-23T02:09:14Z
244780569,9.152955,53.898880,2023-01-23T02:09:52Z
244780569,9.152334,53.898549,2023-01-23T02:10:25Z
244780569,9.151400,53.898045,2023-01-23T02:11:01Z
244780569,9.150490,53.897570,2023-01-23T02:11:40Z
244780569,9.150032,53.897317,2023-01-23T02:12:14Z
244780569,9.148919,53.896720,2023-01-23T02:12:52Z
244780569,9.148330,53.896414,2023-01-23T02:13:23Z
244780569,9.147563,53.896002,2023-01-23T02:14:01Z
244780569,9.147069,53.895720,2023-01-23T02:14:31Z
244780569,9.146633,53.895475,2023-01-23T02:15:14Z
244780569,9.145861,53.895054,2023-01-23T02:15:51Z
244780569,9.145438,53.894820,2023-01-23T02:16:24Z
244780569,9.144740,53.894335,2023-01-23T02:17:01Z
244780569,9.144583,53.894271,2023-01-23T02:17:31Z
244780569,9.144294,53.894060,2023-01-23T02:18:13Z
244780569,9.143965,53.893917,2023-01-23T02:18:51Z
244780569,9.143840,53.893854,2023-01-23T02:19:23Z
244780569,9.143717,53.893674,2023-01-23T02:20:00Z
244780569,9.143605,53.893722,2023-01-23T02:20:31Z
244780569,9.143561,53.893728,2023-01-23T02:21:13Z
244780569,9.143641,53.893721,2023-01-23T02:21:51Z
244780569,9.143641,53.893707,2023-01-23T02:22:23Z
244780569,9.143620,53.893636,2023-01-23T02:23:00Z
244780569,9.143625,53.893666,2023-01-23T02:23:31Z
244780569,9.143613,53.893694,2023-01-23T02:24:13Z
244780569,9.143601,53.893629,2023-01-23T02:24:51Z
244780569,9.143671,53.893732,2023-01-23T02:25:21Z
244780569,9.143625,53.893699,2023-01-23T02:26:00Z
244780569,9.143613,53.893696,2023-01-23T02:26:30Z
244780569,9.143631,53.893717,2023-01-23T02:27:01Z
244780569,9.143635,53.893717,2023-01-23T02:27:40Z
244780569,9.143650,53.893721,2023-01-23T02:28:13Z
244780569,9.143636,53.893724,2023-01-23T02:28:51Z
244780569,9.143635,53.893739,2023-01-23T02:29:24Z
244780569,9.143631,53.893721,2023-01-23T02:30:01Z
244780569,9.143626,53.893726,2023-01-23T02:30:40Z
244780569,9.143656,53.893664,2023-01-23T02:31:13Z
244780569,9.143655,53.893726,2023-01-23T02:31:51Z
244780569,9.143625,53.893726,2023-01-23T02:32:21Z
244780569,9.143630,53.893744,2023-01-23T02:33:01Z
244780569,9.143635,53.893739,2023-01-23T02:33:31Z
244780569,9.143608,53.893724,2023-01-23T02:34:12Z
244780569,9.143628,53.893751,2023-01-23T02:34:51Z
244780569,9.143623,53.893757,2023-01-23T02:35:23Z
244780569,9.143625,53.893764,2023-01-23T02:36:01Z
244780569,9.143638,53.893756,2023-01-23T02:36:31Z
244780569,9.143650,53.893761,2023-01-23T02:37:11Z
244780569,9.143650,53.893749,2023-01-23T02:37:50Z
244780569,9.143650,53.893742,2023-01-23T02:38:22Z
244780569,9.143673,53.893724,2023-01-23T02:39:00Z
244780569,9.143686,53.893732,2023-01-23T02:39:31Z
244780569,9.143645,53.893739,2023-01-23T02:40:14Z
244780569,9.143626,53.893774,2023-01-23T02:40:50Z
244780569,9.143650,53.893747,2023-01-23T02:41:21Z
244780569,9.143661,53.893752,2023-01-23T02:42:01Z
244780569,9.143661,53.893751,2023-01-23T02:42:41Z
244780569,9.143661,53.893751,2023-01-23T02:43:14Z
244780569,9.143661,53.893744,2023-01-23T02:43:51Z
244780569,9.143665,53.893746,2023-01-23T02:44:21Z
244780569,9.143658,53.893751,2023-01-23T02:45:01Z
244780569,9.143641,53.893747,2023-01-23T02:45:41Z
244780569,9.143633,53.893739,2023-01-23T02:46:12Z
244780569,9.143641,53.893737,2023-01-23T02:46:51Z
244780569,9.143646,53.893727,2023-01-23T02:47:21Z
244780569,9.143646,53.893736,2023-01-23T02:47:51Z
244780569,9.143638,53.893734,2023-01-23T02:48:22Z
244780569,9.143638,53.893744,2023-01-23T02:49:02Z
244780569,9.143655,53.893751,2023-01-23T02:49:40Z
244780569,9.143653,53.893751,2023-01-23T02:50:14Z
244780569,9.143623,53.893729,2023-01-23T02:50:51Z
244780569,9.143626,53.893726,2023-01-23T02:51:22Z
244780569,9.143608,53.893761,2023-01-23T02:52:01Z
244780569,9.143616,53.893754,2023-01-23T02:52:40Z
244780569,9.143625,53.893746,2023-01-23T02:53:11Z
244780569,9.143631,53.893754,2023-01-23T02:53:42Z
244780569,9.143631,53.893756,2023-01-23T02:54:13Z
244780569,9.143593,53.893721,2023-01-23T02:54:51Z
244780569,9.143620,53.893724,2023-01-23T02:55:23Z
244780569,9.143576,53.893704,2023-01-23T02:56:01Z
244780569,9.143553,53.893687,2023-01-23T02:56:42Z
244780569,9.143601,53.893717,2023-01-23T02:57:14Z
244780569,9.143578,53.893687,2023-01-23T02:57:50Z
244780569,9.143555,53.893654,2023-01-23T02:58:21Z
244780569,9.143605,53.893711,2023-01-23T02:59:01Z
244780569,9.143605,53.893727,2023-01-23T02:59:42Z
244780569,9.143655,53.893747,2023-01-23T03:00:14Z
244780569,9.143570,53.893794,2023-01-23T03:00:50Z
244780569,9.143586,53.893757,2023-01-23T03:01:23Z
244780569,9.143636,53.893739,2023-01-23T03:02:01Z
244780569,9.143665,53.893741,2023-01-23T03:02:40Z
244780569,9.143563,53.893716,2023-01-23T03:03:13Z
244780569,9.143553,53.893739,2023-01-23T03:03:51Z
244780569,9.143570,53.893747,2023-01-23T03:04:24Z
244780569,9.143575,53.893714,2023-01-23T03:05:01Z
244780569,9.143596,53.893699,2023-01-23T03:05:40Z
244780569,9.143631,53.893704,2023-01-23T03:06:13Z
244780569,9.143643,53.893729,2023-01-23T03:06:50Z
244780569,9.143620,53.893721,2023-01-23T03:07:22Z
244780569,9.143593,53.893731,2023-01-23T03:08:00Z
244780569,9.143656,53.893726,2023-01-23T03:08:41Z
244780569,9.143668,53.893726,2023-01-23T03:09:13Z
244780569,9.143590,53.893767,2023-01-23T03:09:50Z
244780569,9.143586,53.893774,2023-01-23T03:10:21Z
244780569,9.143595,53.893757,2023-01-23T03:11:01Z
244780569,9.143603,53.893732,2023-01-23T03:11:41Z
244780569,9.143613,53.893739,2023-01-23T03:12:14Z
244780569,9.143648,53.893737,2023-01-23T03:12:50Z
244780569,9.143650,53.893739,2023-01-23T03:13:22Z
244780569,9.143665,53.893751,2023-01-23T03:14:01Z
244780569,9.143653,53.893751,2023-01-23T03:14:40Z
244780569,9.143641,53.893756,2023-01-23T03:15:13Z
244780569,9.143656,53.893756,2023-01-23T03:15:51Z
244780569,9.143661,53.893772,2023-01-23T03:16:23Z
244780569,9.143638,53.893759,2023-01-23T03:17:00Z
244780569,9.143635,53.893751,2023-01-23T03:17:30Z
244780569,9.143645,53.893762,2023-01-23T03:18:13Z
244780569,9.143606,53.893739,2023-01-23T03:18:51Z
244780569,9.143673,53.893716,2023-01-23T03:19:21Z
244780569,9.143631,53.893709,2023-01-23T03:20:00Z
244780569,9.143543,53.893687,2023-01-23T03:20:30Z
244780569,9.143590,53.893727,2023-01-23T03:21:13Z
244780569,9.143638,53.893721,2023-01-23T03:21:51Z
244780569,9.143650,53.893732,2023-01-23T03:22:22Z
244780569,9.143620,53.893721,2023-01-23T03:23:02Z
244780569,9.143611,53.893717,2023-01-23T03:23:41Z
244780569,9.143626,53.893721,2023-01-23T03:24:13Z
244780569,9.143638,53.893744,2023-01-23T03:24:51Z
244780569,9.143635,53.893727,2023-01-23T03:25:21Z
244780569,9.143650,53.893754,2023-01-23T03:26:02Z
244780569,9.143661,53.893766,2023-01-23T03:26:40Z
244780569,9.143663,53.893769,2023-01-23T03:27:13Z
244780569,9.143625,53.893714,2023-01-23T03:27:51Z
244780569,9.143595,53.893696,2023-01-23T03:28:23Z
244780569,9.143596,53.893732,2023-01-23T03:29:02Z
244780569,9.143631,53.893739,2023-01-23T03:29:40Z
244780569,9.143633,53.893751,2023-01-23T03:30:13Z
244780569,9.143650,53.893754,2023-01-23T03:30:51Z
244780569,9.143626,53.893732,2023-01-23T03:31:24Z
244780569,9.143653,53.893724,2023-01-23T03:32:00Z
244780569,9.143656,53.893741,2023-01-23T03:32:40Z
244780569,9.143635,53.893769,2023-01-23T03:33:12Z
244780569,9.143635,53.893751,2023-01-23T03:33:51Z
244780569,9.143651,53.893744,2023-01-23T03:34:22Z
244780569,9.143660,53.893756,2023-01-23T03:35:00Z
244780569,9.143638,53.893816,2023-01-23T03:35:31Z
244780569,9.143646,53.893776,2023-01-23T03:36:13Z
244780569,9.143646,53.893762,2023-01-23T03:36:50Z
244780569,9.143663,53.893751,2023-01-23T03:37:22Z
244780569,9.143670,53.893732,2023-01-23T03:38:01Z
244780569,9.143685,53.893741,2023-01-23T03:38:40Z
244780569,9.143683,53.893746,2023-01-23T03:39:11Z
244780569,9.143679,53.893717,2023-01-23T03:39:50Z
244780569,9.143661,53.893742,2023-01-23T03:40:24Z
244780569,9.143576,53.893797,2023-01-23T03:41:01Z
244780569,9.143202,53.893570,2023-01-23T03:41:40Z
244780569,9.143007,53.893505,2023-01-23T03:42:12Z
244780569,9.141476,53.892749,2023-01-23T03:42:52Z
244780569,9.140847,53.892439,2023-01-23T03:43:23Z
244780569,9.138605,53.891320,2023-01-23T03:44:01Z
244780569,9.136611,53.890230,2023-01-23T03:44:41Z
244780569,9.136084,53.889939,2023-01-23T03:45:13Z
244780569,9.132742,53.888098,2023-01-23T03:45:52Z
244780569,9.131035,53.887117,2023-01-23T03:46:23Z
244780569,9.128447,53.885835,2023-01-23T03:47:01Z
244780569,9.125584,53.884692,2023-01-23T03:47:41Z
244780569,9.124834,53.884428,2023-01-23T03:48:14Z
244780569,9.120055,53.882973,2023-01-23T03:48:52Z
244780569,9.117596,53.882392,2023-01-23T03:49:24Z
244780569,9.114171,53.881758,2023-01-23T03:50:00Z
244780569,9.111348,53.881343,2023-01-23T03:50:31Z
244780569,9.108706,53.880960,2023-01-23T03:51:12Z
211265530,9.178322,53.912302,2023-01-23T02:56:50Z
211265530,9.177489,53.911802,2023-01-23T02:57:21Z
211265530,9.175182,53.910646,2023-01-23T02:58:00Z
211265530,9.173858,53.909983,2023-01-23T02:58:30Z
211265530,9.172358,53.909149,2023-01-23T02:59:03Z
211265530,9.170498,53.908306,2023-01-23T02:59:41Z
211265530,9.169182,53.907646,2023-01-23T03:00:22Z
211265530,9.167016,53.906479,2023-01-23T03:01:00Z
211265530,9.165507,53.905643,2023-01-23T03:01:31Z
211265530,9.164173,53.904976,2023-01-23T03:02:03Z
211265530,9.162340,53.903976,2023-01-23T03:02:41Z
211265530,9.161007,53.903309,2023-01-23T03:03:21Z
211265530,9.158849,53.902146,2023-01-23T03:04:00Z
211265530,9.157673,53.901643,2023-01-23T03:04:31Z
211265530,9.156507,53.900976,2023-01-23T03:05:04Z
211265530,9.155340,53.900309,2023-01-23T03:05:40Z
211265530,9.154340,53.899809,2023-01-23T03:06:21Z
211265530,9.153007,53.899143,2023-01-23T03:07:01Z
211265530,9.151998,53.898639,2023-01-23T03:07:40Z
211265530,9.151331,53.898306,2023-01-23T03:08:22Z
211265530,9.150331,53.897639,2023-01-23T03:09:01Z
211265530,9.149673,53.897309,2023-01-23T03:09:40Z
211265530,9.149173,53.896976,2023-01-23T03:10:21Z
211265530,9.148331,53.896639,2023-01-23T03:11:01Z
211265530,9.147831,53.896306,2023-01-23T03:11:39Z
211265530,9.147498,53.896139,2023-01-23T03:12:21Z
211265530,9.146998,53.895806,2023-01-23T03:12:51Z
211265530,9.146831,53.895806,2023-01-23T03:13:21Z
211265530,9.146322,53.895469,2023-01-23T03:14:00Z
211265530,9.146164,53.895306,2023-01-23T03:14:30Z
211265530,9.145989,53.895136,2023-01-23T03:15:04Z
211265530,9.145849,53.895146,2023-01-23T03:15:39Z
211265530,9.145673,53.894976,2023-01-23T03:16:19Z
211265530,9.145507,53.894976,2023-01-23T03:16:51Z
211265530,9.145507,53.894976,2023-01-23T03:17:23Z
211265530,9.145507,53.894976,2023-01-23T03:18:00Z
211265530,9.145507,53.894976,2023-01-23T03:18:39Z
211265530,9.145340,53.894976,2023-01-23T03:19:21Z
211265530,9.145507,53.894976,2023-01-23T03:19:59Z
211265530,9.145507,53.894976,2023-01-23T03:20:30Z
211265530,9.145507,53.894976,2023-01-23T03:21:04Z
211265530,9.145507,53.894976,2023-01-23T03:21:50Z
211265530,9.145507,53.894976,2023-01-23T03:22:25Z
211265530,9.145507,53.894976,2023-01-23T03:23:00Z
211265530,9.145507,53.894976,2023-01-23T03:23:40Z
211265530,9.145507,53.894976,2023-01-23T03:24:21Z
211265530,9.145507,53.894976,2023-01-23T03:25:00Z
211265530,9.145507,53.894976,2023-01-23T03:25:40Z
211265530,9.145507,53.894976,2023-01-23T03:26:20Z
211265530,9.145507,53.894976,2023-01-23T03:26:51Z
211265530,9.145507,53.894976,2023-01-23T03:27:21Z
211265530,9.145507,53.894976,2023-01-23T03:28:00Z
211265530,9.145507,53.894976,2023-01-23T03:28:40Z
211265530,9.145507,53.894976,2023-01-23T03:29:20Z
211265530,9.145507,53.894976,2023-01-23T03:30:00Z
211265530,9.145507,53.894976,2023-01-23T03:30:40Z
211265530,9.145507,53.894976,2023-01-23T03:31:20Z
211265530,9.145507,53.894976,2023-01-23T03:32:00Z
211265530,9.145507,53.894976,2023-01-23T03:32:40Z
211265530,9.145507,53.894976,2023-01-23T03:33:24Z
211265530,9.145507,53.894976,2023-01-23T03:34:00Z
211265530,9.145507,53.894976,2023-01-23T03:34:40Z
211265530,9.145507,53.894976,2023-01-23T03:35:21Z
211265530,9.145507,53.894976,2023-01-23T03:35:51Z
211265530,9.145507,53.894976,2023-01-23T03:36:22Z
211265530,9.145507,53.894976,2023-01-23T03:37:00Z
211265530,9.145507,53.894976,2023-01-23T03:37:41Z
211265530,9.145507,53.894976,2023-01-23T03:38:20Z
211265530,9.145507,53.894976,2023-01-23T03:38:51Z
211265530,9.145507,53.894976,2023-01-23T03:39:23Z
211265530,9.145507,53.894976,2023-01-23T03:40:01Z
211265530,9.145507,53.894976,2023-01-23T03:40:39Z
211265530,9.145507,53.894976,2023-01-23T03:41:21Z
211265530,9.145507,53.894976,2023-01-23T03:42:01Z
211265530,9.145507,53.894976,2023-01-23T03:42:39Z
211265530,9.145507,53.894976,2023-01-23T03:43:23Z
211265530,9.145340,53.894809,2023-01-23T03:44:01Z
211265530,9.145173,53.894809,2023-01-23T03:44:39Z
211265530,9.144840,53.894643,2023-01-23T03:45:21Z
211265530,9.144498,53.894473,2023-01-23T03:45:51Z
211265530,9.144173,53.894309,2023-01-23T03:46:24Z
211265530,9.143682,53.893979,2023-01-23T03:47:01Z
211265530,9.143182,53.893646,2023-01-23T03:47:41Z
211265530,9.142682,53.893479,2023-01-23T03:48:23Z
211265530,9.141831,53.892973,2023-01-23T03:49:01Z
211265530,9.140971,53.892629,2023-01-23T03:49:41Z
211265530,9.140296,53.892291,2023-01-23T03:50:21Z
211265530,9.139489,53.891636,2023-01-23T03:50:51Z
211265530,9.138664,53.891139,2023-01-23T03:51:22Z
211265530,9.137192,53.890316,2023-01-23T03:52:01Z
211265530,9.135544,53.889489,2023-01-23T03:52:41Z
211265530,9.134063,53.888828,2023-01-23T03:53:21Z
211265530,9.131673,53.887809,2023-01-23T03:53:51Z
211265530,9.130516,53.887313,2023-01-23T03:54:21Z
211265530,9.127182,53.885979,2023-01-23T03:55:01Z
211265530,9.124673,53.884809,2023-01-23T03:55:39Z
211265530,9.122682,53.883979,2023-01-23T03:56:22Z
211265530,9.119924,53.882696,2023-01-23T03:56:53Z
211265530,9.117414,53.882362,2023-01-23T03:57:24Z
211265530,9.114268,53.881863,2023-01-23T03:58:01Z
211265530,9.111102,53.881363,2023-01-23T03:58:39Z
211265530,9.108446,53.880864,2023-01-23T03:59:19Z
210340000,9.103811,53.883566,2023-01-23T03:03:22Z
210340000,9.105669,53.883804,2023-01-23T03:03:54Z
210340000,9.106937,53.883961,2023-01-23T03:04:25Z
210340000,9.108245,53.884121,2023-01-23T03:05:02Z
210340000,9.110109,53.884338,2023-01-23T03:05:33Z
210340000,9.111589,53.884514,2023-01-23T03:06:19Z
210340000,9.114191,53.884858,2023-01-23T03:06:54Z
210340000,9.115659,53.885058,2023-01-23T03:07:26Z
210340000,9.117119,53.885249,2023-01-23T03:08:02Z
210340000,9.118899,53.885501,2023-01-23T03:08:33Z
210340000,9.120133,53.885684,2023-01-23T03:09:18Z
210340000,9.122016,53.885966,2023-01-23T03:09:53Z
210340000,9.123060,53.886106,2023-01-23T03:10:25Z
210340000,9.124099,53.886219,2023-01-23T03:11:02Z
210340000,9.125452,53.886364,2023-01-23T03:11:33Z
210340000,9.126596,53.886491,2023-01-23T03:12:04Z
210340000,9.128039,53.886681,2023-01-23T03:12:44Z
210340000,9.128731,53.886829,2023-01-23T03:13:19Z
210340000,9.130358,53.887067,2023-01-23T03:13:53Z
210340000,9.131278,53.887212,2023-01-23T03:14:26Z
210340000,9.132172,53.887326,2023-01-23T03:15:02Z
210340000,9.133247,53.887569,2023-01-23T03:15:33Z
210340000,9.134104,53.887799,2023-01-23T03:16:04Z
210340000,9.135159,53.888145,2023-01-23T03:16:44Z
210340000,9.135700,53.888340,2023-01-23T03:17:21Z
210340000,9.136925,53.888838,2023-01-23T03:17:53Z
210340000,9.137604,53.889167,2023-01-23T03:18:26Z
210340000,9.138192,53.889495,2023-01-23T03:19:02Z
210340000,9.138903,53.889922,2023-01-23T03:19:34Z
210340000,9.139387,53.890217,2023-01-23T03:20:18Z
210340000,9.140253,53.890717,2023-01-23T03:20:53Z
210340000,9.140753,53.890981,2023-01-23T03:21:24Z
210340000,9.141202,53.891216,2023-01-23T03:22:02Z
210340000,9.141780,53.891513,2023-01-23T03:22:34Z
210340000,9.142135,53.891701,2023-01-23T03:23:20Z
210340000,9.142720,53.891984,2023-01-23T03:23:54Z
210340000,9.143003,53.892120,2023-01-23T03:24:25Z
210340000,9.143248,53.892254,2023-01-23T03:25:02Z
210340000,9.143529,53.892414,2023-01-23T03:25:34Z
210340000,9.143736,53.892519,2023-01-23T03:26:04Z
210340000,9.143984,53.892652,2023-01-23T03:26:43Z
210340000,9.144117,53.892725,2023-01-23T03:27:19Z
210340000,9.144376,53.892857,2023-01-23T03:27:54Z
210340000,9.144494,53.892918,2023-01-23T03:28:24Z
210340000,9.144626,53.892993,2023-01-23T03:29:01Z
210340000,9.144778,53.893094,2023-01-23T03:29:34Z
210340000,9.144878,53.893159,2023-01-23T03:30:19Z
210340000,9.145006,53.893253,2023-01-23T03:30:54Z
210340000,9.145033,53.893285,2023-01-23T03:31:25Z
210340000,9.145093,53.893324,2023-01-23T03:32:01Z
210340000,9.145166,53.893375,2023-01-23T03:32:33Z
210340000,9.145186,53.893392,2023-01-23T03:33:18Z
210340000,9.145181,53.893402,2023-01-23T03:33:54Z
210340000,9.145173,53.893396,2023-01-23T03:34:24Z
210340000,9.145176,53.893416,2023-01-23T03:35:01Z
210340000,9.145170,53.893431,2023-01-23T03:35:33Z
210340000,9.145171,53.893436,2023-01-23T03:36:19Z
210340000,9.145158,53.893427,2023-01-23T03:36:54Z
210340000,9.145158,53.893417,2023-01-23T03:37:27Z
210340000,9.145151,53.893414,2023-01-23T03:38:01Z
210340000,9.145171,53.893407,2023-01-23T03:38:33Z
210340000,9.145178,53.893396,2023-01-23T03:39:03Z
210340000,9.145185,53.893379,2023-01-23T03:39:44Z
210340000,9.145183,53.893371,2023-01-23T03:40:18Z
210340000,9.145176,53.893366,2023-01-23T03:40:53Z
210340000,9.145168,53.893369,2023-01-23T03:41:26Z
210340000,9.145175,53.893361,2023-01-23T03:42:01Z
210340000,9.145180,53.893357,2023-01-23T03:42:33Z
210340000,9.145180,53.893357,2023-01-23T03:43:21Z
210340000,9.145170,53.893361,2023-01-23T03:43:53Z
210340000,9.145160,53.893364,2023-01-23T03:44:26Z
210340000,9.145161,53.893369,2023-01-23T03:45:01Z
210340000,9.145176,53.893377,2023-01-23T03:45:33Z
210340000,9.145175,53.893396,2023-01-23T03:46:19Z
210340000,9.145175,53.893406,2023-01-23T03:46:54Z
210340000,9.145166,53.893407,2023-01-23T03:47:25Z
210340000,9.145165,53.893401,2023-01-23T03:48:01Z
210340000,9.145166,53.893382,2023-01-23T03:48:34Z
210340000,9.145171,53.893382,2023-01-23T03:49:18Z
210340000,9.145175,53.893384,2023-01-23T03:49:54Z
210340000,9.145186,53.893389,2023-01-23T03:50:26Z
210340000,9.145215,53.893401,2023-01-23T03:51:01Z
210340000,9.145345,53.893486,2023-01-23T03:51:34Z
210340000,9.145565,53.893598,2023-01-23T03:52:19Z
210340000,9.146053,53.893824,2023-01-23T03:52:53Z
210340000,9.146373,53.893979,2023-01-23T03:53:25Z
210340000,9.146763,53.894183,2023-01-23T03:54:01Z
210340000,9.147357,53.894483,2023-01-23T03:54:34Z
210340000,9.147889,53.894755,2023-01-23T03:55:19Z
210340000,9.148989,53.895318,2023-01-23T03:55:53Z
210340000,9.149469,53.895540,2023-01-23T03:56:24Z
210340000,9.150488,53.896011,2023-01-23T03:56:54Z
210340000,9.151364,53.896444,2023-01-23T03:57:24Z
210340000,9.152164,53.896873,2023-01-23T03:58:01Z
210340000,9.153305,53.897515,2023-01-23T03:58:34Z
210340000,9.154147,53.898007,2023-01-23T03:59:17Z
210340000,9.155685,53.898895,2023-01-23T03:59:54Z
210340000,9.156615,53.899427,2023-01-23T04:00:27Z
210340000,9.157557,53.899968,2023-01-23T04:01:02Z
210340000,9.158834,53.900690,2023-01-23T04:01:34Z
210340000,9.159782,53.901218,2023-01-23T04:02:20Z
210340000,9.161502,53.902207,2023-01-23T04:02:54Z
210340000,9.162430,53.902707,2023-01-23T04:03:26Z
210340000,9.163427,53.903252,2023-01-23T04:04:02Z
210340000,9.164746,53.903967,2023-01-23T04:04:33Z
210340000,9.165791,53.904565,2023-01-23T04:05:03Z
210340000,9.167142,53.905338,2023-01-23T04:05:43Z
210340000,9.167811,53.905705,2023-01-23T04:06:17Z
210340000,9.169459,53.906547,2023-01-23T04:06:53Z
210340000,9.170806,53.907285,2023-01-23T04:07:33Z
210340000,9.171824,53.907847,2023-01-23T04:08:03Z
210340000,9.173223,53.908600,2023-01-23T04:08:44Z
210340000,9.173903,53.908967,2023-01-23T04:09:19Z
210340000,9.175606,53.909864,2023-01-23T04:09:54Z
210340000,9.176496,53.910331,2023-01-23T04:10:26Z
210340000,9.177734,53.910999,2023-01-23T04:11:02Z
210340000,9.179061,53.911716,2023-01-23T04:11:34Z
244058000,9.178311,53.912362,2023-01-23T05:49:01Z
244058000,9.176791,53.911552,2023-01-23T05:49:40Z
244058000,9.176018,53.911160,2023-01-23T05:50:12Z
244058000,9.174118,53.910155,2023-01-23T05:50:50Z
244058000,9.173370,53.909753,2023-01-23T05:51:25Z
244058000,9.171496,53.908745,2023-01-23T05:52:01Z
244058000,9.169936,53.907913,2023-01-23T05:52:42Z
244058000,9.169276,53.907533,2023-01-23T05:53:12Z
244058000,9.167376,53.906605,2023-01-23T05:53:50Z
244058000,9.166175,53.905997,2023-01-23T05:54:23Z
244058000,9.164708,53.905263,2023-01-23T05:55:01Z
244058000,9.163201,53.904500,2023-01-23T05:55:42Z
244058000,9.162538,53.904157,2023-01-23T05:56:13Z
244058000,9.160934,53.903316,2023-01-23T05:56:51Z
244058000,9.160356,53.903020,2023-01-23T05:57:24Z
244058000,9.159217,53.902310,2023-01-23T05:58:00Z
244058000,9.158426,53.901907,2023-01-23T05:58:31Z
244058000,9.157725,53.901545,2023-01-23T05:59:13Z
244058000,9.156587,53.900930,2023-01-23T05:59:51Z
244058000,9.156141,53.900690,2023-01-23T06:00:23Z
244058000,9.155084,53.900103,2023-01-23T06:01:00Z
244058000,9.154484,53.899763,2023-01-23T06:01:31Z
244058000,9.153950,53.899447,2023-01-23T06:02:12Z
244058000,9.152976,53.898910,2023-01-23T06:02:51Z
244058000,9.152547,53.898712,2023-01-23T06:03:23Z
244058000,9.151632,53.898215,2023-01-23T06:04:00Z
244058000,9.151072,53.897935,2023-01-23T06:04:30Z
244058000,9.150500,53.897658,2023-01-23T06:05:13Z
244058000,9.149602,53.897197,2023-01-23T06:05:50Z
244058000,9.149300,53.897030,2023-01-23T06:06:23Z
244058000,9.148548,53.896595,2023-01-23T06:07:00Z
244058000,9.147935,53.896278,2023-01-23T06:07:41Z
244058000,9.147652,53.896137,2023-01-23T06:08:12Z
244058000,9.147016,53.895775,2023-01-23T06:08:50Z
244058000,9.146763,53.895620,2023-01-23T06:09:24Z
244058000,9.146161,53.895302,2023-01-23T06:10:00Z
244058000,9.145876,53.895132,2023-01-23T06:10:31Z
244058000,9.145585,53.894975,2023-01-23T06:11:13Z
244058000,9.145195,53.894760,2023-01-23T06:11:52Z
244058000,9.145093,53.894702,2023-01-23T06:12:24Z
244058000,9.144860,53.894561,2023-01-23T06:13:00Z
244058000,9.144745,53.894483,2023-01-23T06:13:32Z
244058000,9.144659,53.894416,2023-01-23T06:14:12Z
244058000,9.144464,53.894290,2023-01-23T06:14:52Z
244058000,9.144397,53.894241,2023-01-23T06:15:24Z
244058000,9.144277,53.894158,2023-01-23T06:16:01Z
244058000,9.144247,53.894138,2023-01-23T06:16:32Z
244058000,9.144203,53.894122,2023-01-23T06:17:13Z
244058000,9.144125,53.894105,2023-01-23T06:17:52Z
244058000,9.144110,53.894092,2023-01-23T06:18:23Z
244058000,9.144086,53.894072,2023-01-23T06:19:01Z
244058000,9.144081,53.894052,2023-01-23T06:19:32Z
244058000,9.144081,53.894028,2023-01-23T06:20:12Z
244058000,9.144078,53.894028,2023-01-23T06:20:50Z
244058000,9.144090,53.894042,2023-01-23T06:21:23Z
244058000,9.144106,53.894035,2023-01-23T06:22:01Z
244058000,9.144133,53.894037,2023-01-23T06:22:31Z
244058000,9.144101,53.894040,2023-01-23T06:23:13Z
244058000,9.144063,53.894035,2023-01-23T06:23:50Z
244058000,9.144061,53.894035,2023-01-23T06:24:23Z
244058000,9.144053,53.894047,2023-01-23T06:25:01Z
244058000,9.144048,53.894042,2023-01-23T06:25:31Z
244058000,9.144088,53.894005,2023-01-23T06:26:11Z
244058000,9.144080,53.894042,2023-01-23T06:26:51Z
244058000,9.144075,53.894042,2023-01-23T06:27:22Z
244058000,9.144081,53.894030,2023-01-23T06:28:01Z
244058000,9.144006,53.894037,2023-01-23T06:28:41Z
244058000,9.143996,53.894030,2023-01-23T06:29:12Z
244058000,9.144123,53.894042,2023-01-23T06:29:51Z
244058000,9.144121,53.894040,2023-01-23T06:30:23Z
244058000,9.144136,53.894058,2023-01-23T06:31:01Z
244058000,9.144060,53.893998,2023-01-23T06:31:41Z
244058000,9.144093,53.894000,2023-01-23T06:32:11Z
244058000,9.144136,53.894013,2023-01-23T06:32:51Z
244058000,9.144100,53.893982,2023-01-23T06:33:23Z
244058000,9.144111,53.894048,2023-01-23T06:34:02Z
244058000,9.144076,53.894012,2023-01-23T06:34:41Z
244058000,9.144073,53.894022,2023-01-23T06:35:12Z
244058000,9.144053,53.894078,2023-01-23T06:35:50Z
244058000,9.144063,53.894068,2023-01-23T06:36:21Z
244058000,9.144093,53.894050,2023-01-23T06:37:02Z
244058000,9.144123,53.894047,2023-01-23T06:37:41Z
244058000,9.144118,53.894042,2023-01-23T06:38:13Z
244058000,9.144120,53.894047,2023-01-23T06:38:50Z
244058000,9.144115,53.894042,2023-01-23T06:39:22Z
244058000,9.144100,53.894050,2023-01-23T06:40:01Z
244058000,9.144081,53.894033,2023-01-23T06:40:31Z
244058000,9.144063,53.894023,2023-01-23T06:41:13Z
244058000,9.144138,53.894078,2023-01-23T06:41:50Z
244058000,9.144118,53.894068,2023-01-23T06:42:23Z
244058000,9.144106,53.894070,2023-01-23T06:43:01Z
244058000,9.144108,53.894058,2023-01-23T06:43:32Z
244058000,9.144106,53.894072,2023-01-23T06:44:14Z
244058000,9.144123,53.894095,2023-01-23T06:44:50Z
244058000,9.144123,53.894093,2023-01-23T06:45:23Z
244058000,9.144051,53.894012,2023-01-23T06:46:00Z
244058000,9.144081,53.894053,2023-01-23T06:46:32Z
244058000,9.144076,53.894053,2023-01-23T06:47:12Z
244058000,9.144058,53.894028,2023-01-23T06:47:51Z
244058000,9.144045,53.894018,2023-01-23T06:48:21Z
244058000,9.144018,53.894010,2023-01-23T06:49:00Z
244058000,9.144028,53.894023,2023-01-23T06:49:32Z
244058000,9.144040,53.894022,2023-01-23T06:50:12Z
244058000,9.144070,53.894032,2023-01-23T06:50:51Z
244058000,9.144060,53.894025,2023-01-23T06:51:23Z
244058000,9.144056,53.894015,2023-01-23T06:52:00Z
244058000,9.144051,53.894020,2023-01-23T06:52:32Z
244058000,9.144095,53.894053,2023-01-23T06:53:12Z
244058000,9.144100,53.894050,2023-01-23T06:53:51Z
244058000,9.144096,53.894067,2023-01-23T06:54:23Z
244058000,9.144090,53.894053,2023-01-23T06:55:00Z
244058000,9.144093,53.894035,2023-01-23T06:55:32Z
244058000,9.144096,53.894037,2023-01-23T06:56:12Z
244058000,9.144060,53.894023,2023-01-23T06:56:52Z
244058000,9.144045,53.894015,2023-01-23T06:57:24Z
244058000,9.143991,53.894012,2023-01-23T06:58:00Z
244058000,9.143986,53.894003,2023-01-23T06:58:32Z
244058000,9.144110,53.894065,2023-01-23T06:59:12Z
244058000,9.144071,53.894005,2023-01-23T06:59:52Z
244058000,9.144043,53.893993,2023-01-23T07:00:22Z
244058000,9.144093,53.894060,2023-01-23T07:01:00Z
244058000,9.144081,53.894047,2023-01-23T07:01:31Z
244058000,9.144088,53.894053,2023-01-23T07:02:11Z
244058000,9.144073,53.894053,2023-01-23T07:02:41Z
244058000,9.144076,53.894052,2023-01-23T07:03:12Z
244058000,9.144110,53.894057,2023-01-23T07:03:51Z
244058000,9.144103,53.894057,2023-01-23T07:04:24Z
244058000,9.144111,53.894057,2023-01-23T07:05:00Z
244058000,9.144128,53.894047,2023-01-23T07:05:31Z
244058000,9.144120,53.894055,2023-01-23T07:06:01Z
244058000,9.144125,53.894070,2023-01-23T07:06:41Z
244058000,9.144121,53.894065,2023-01-23T07:07:11Z
244058000,9.144118,53.894065,2023-01-23T07:07:51Z
244058000,9.144081,53.894040,2023-01-23T07:08:24Z
244058000,9.144075,53.894023,2023-01-23T07:09:01Z
244058000,9.144085,53.894045,2023-01-23T07:09:41Z
244058000,9.144081,53.894043,2023-01-23T07:10:13Z
244058000,9.144073,53.894043,2023-01-23T07:10:52Z
244058000,9.144070,53.894053,2023-01-23T07:11:23Z
244058000,9.144076,53.894057,2023-01-23T07:12:01Z
244058000,9.144073,53.894042,2023-01-23T07:12:42Z
244058000,9.144058,53.894020,2023-01-23T07:13:12Z
244058000,9.143824,53.893905,2023-01-23T07:13:52Z
244058000,9.143686,53.893842,2023-01-23T07:14:23Z
244058000,9.143271,53.893572,2023-01-23T07:15:01Z
244058000,9.142729,53.893315,2023-01-23T07:15:41Z
244058000,9.142435,53.893180,2023-01-23T07:16:12Z
244058000,9.141621,53.892747,2023-01-23T07:16:52Z
244058000,9.141186,53.892525,2023-01-23T07:17:22Z
244058000,9.139878,53.891882,2023-01-23T07:18:01Z
244058000,9.138998,53.891408,2023-01-23T07:18:31Z
244058000,9.138058,53.890887,2023-01-23T07:19:13Z
244058000,9.136357,53.889922,2023-01-23T07:19:52Z
244058000,9.135620,53.889498,2023-01-23T07:20:25Z
244058000,9.133500,53.888394,2023-01-23T07:21:00Z
244058000,9.131971,53.887651,2023-01-23T07:21:31Z
244058000,9.130308,53.886934,2023-01-23T07:22:02Z
244058000,9.128261,53.886035,2023-01-23T07:22:34Z
244058000,9.127073,53.885249,2023-01-23T07:23:12Z
244058000,9.125427,53.883443,2023-01-23T07:23:44Z
244058000,9.125057,53.882751,2023-01-23T07:24:20Z
244058000,9.124681,53.880628,2023-01-23T07:24:51Z
244058000,9.124947,53.880122,2023-01-23T07:25:22Z
244058000,9.126661,53.879179,2023-01-23T07:25:54Z
244058000,9.127719,53.879014,2023-01-23T07:26:28Z
244058000,9.129327,53.878952,2023-01-23T07:27:02Z
244058000,9.130592,53.878890,2023-01-23T07:27:34Z
244058000,9.131494,53.878843,2023-01-23T07:28:12Z
244058000,9.134326,53.878708,2023-01-23T07:28:51Z
244058000,9.134859,53.878680,2023-01-23T07:29:21Z
244058000,9.137757,53.878562,2023-01-23T07:30:00Z
244058000,9.139317,53.878498,2023-01-23T07:30:32Z
244058000,9.140811,53.878448,2023-01-23T07:31:13Z
244058000,9.143452,53.878318,2023-01-23T07:31:51Z
244058000,9.144480,53.878295,2023-01-23T07:32:24Z
244058000,9.146967,53.878280,2023-01-23T07:33:00Z
244058000,9.148587,53.878286,2023-01-23T07:33:32Z
244058000,9.150117,53.878302,2023-01-23T07:34:13Z
244058000,9.152687,53.878336,2023-01-23T07:34:52Z
244058000,9.153672,53.878348,2023-01-23T07:35:24Z
244058000,9.156294,53.878400,2023-01-23T07:36:01Z
244058000,9.157805,53.878424,2023-01-23T07:36:32Z
244058000,9.159359,53.878449,2023-01-23T07:37:13Z
244058000,9.161945,53.878484,2023-01-23T07:37:52Z
244058000,9.162910,53.878486,2023-01-23T07:38:23Z
244058000,9.165547,53.878523,2023-01-23T07:39:01Z
244058000,9.167075,53.878548,2023-01-23T07:39:32Z
244058000,9.168612,53.878590,2023-01-23T07:40:12Z
244058000,9.171177,53.878672,2023-01-23T07:40:52Z
244058000,9.172165,53.878701,2023-01-23T07:41:23Z
244058000,9.174749,53.878764,2023-01-23T07:42:01Z
244058000,9.176314,53.878803,2023-01-23T07:42:32Z
244058000,9.177827,53.878836,2023-01-23T07:43:12Z
244058000,9.180420,53.878872,2023-01-23T07:43:52Z
244058000,9.181397,53.878886,2023-01-23T07:44:23Z
244058000,9.183955,53.878938,2023-01-23T07:45:01Z
275510000,9.178267,53.912290,2023-01-23T05:51:39Z
275510000,9.177493,53.911883,2023-01-23T05:52:17Z
275510000,9.175670,53.910940,2023-01-23T05:52:49Z
275510000,9.175017,53.910607,2023-01-23T05:53:21Z
275510000,9.173127,53.909630,2023-01-23T05:54:00Z
275510000,9.171672,53.908880,2023-01-23T05:54:39Z
275510000,9.170888,53.908473,2023-01-23T05:55:15Z
275510000,9.169053,53.907513,2023-01-23T05:55:48Z
275510000,9.168333,53.907147,2023-01-23T05:56:21Z
275510000,9.166397,53.906137,2023-01-23T05:57:00Z
275510000,9.165342,53.905593,2023-01-23T05:57:30Z
275510000,9.164310,53.905060,2023-01-23T05:58:17Z
275510000,9.162736,53.904201,2023-01-23T05:58:49Z
275510000,9.162234,53.903921,2023-01-23T05:59:23Z
275510000,9.161009,53.903196,2023-01-23T05:59:58Z
275510000,9.160284,53.902842,2023-01-23T06:00:29Z
275510000,9.159566,53.902510,2023-01-23T06:01:17Z
275510000,9.158433,53.901964,2023-01-23T06:01:49Z
275510000,9.158130,53.901767,2023-01-23T06:02:21Z
275510000,9.157285,53.901287,2023-01-23T06:02:58Z
275510000,9.156738,53.900987,2023-01-23T06:03:29Z
275510000,9.156142,53.900660,2023-01-23T06:04:18Z
275510000,9.155100,53.900117,2023-01-23T06:04:49Z
275510000,9.154700,53.899903,2023-01-23T06:05:23Z
275510000,9.153620,53.899327,2023-01-23T06:05:59Z
275510000,9.153033,53.899020,2023-01-23T06:06:29Z
275510000,9.152400,53.898700,2023-01-23T06:07:18Z
275510000,9.151488,53.898237,2023-01-23T06:07:49Z
275510000,9.151123,53.898047,2023-01-23T06:08:21Z
275510000,9.150280,53.897614,2023-01-23T06:08:59Z
275510000,9.149847,53.897377,2023-01-23T06:09:30Z
275510000,9.149396,53.897137,2023-01-23T06:10:18Z
275510000,9.148787,53.896777,2023-01-23T06:10:49Z
275510000,9.148537,53.896630,2023-01-23T06:11:22Z
275510000,9.148000,53.896323,2023-01-23T06:11:58Z
275510000,9.147697,53.896167,2023-01-23T06:12:30Z
275510000,9.147419,53.896031,2023-01-23T06:13:16Z
275510000,9.147037,53.895840,2023-01-23T06:13:49Z
275510000,9.146907,53.895760,2023-01-23T06:14:22Z
275510000,9.146601,53.895576,2023-01-23T06:14:58Z
275510000,9.146413,53.895496,2023-01-23T06:15:30Z
275510000,9.146240,53.895410,2023-01-23T06:16:17Z
275510000,9.145977,53.895307,2023-01-23T06:16:48Z
275510000,9.145901,53.895253,2023-01-23T06:17:23Z
275510000,9.145708,53.895136,2023-01-23T06:17:58Z
275510000,9.145563,53.895077,2023-01-23T06:18:30Z
275510000,9.145447,53.895013,2023-01-23T06:19:18Z
275510000,9.145203,53.894890,2023-01-23T06:19:48Z
275510000,9.145098,53.894833,2023-01-23T06:20:23Z
275510000,9.144852,53.894703,2023-01-23T06:20:58Z
275510000,9.144726,53.894633,2023-01-23T06:21:29Z
275510000,9.144584,53.894560,2023-01-23T06:22:16Z
275510000,9.144349,53.894430,2023-01-23T06:22:49Z
275510000,9.144268,53.894396,2023-01-23T06:23:22Z
275510000,9.144078,53.894290,2023-01-23T06:23:58Z
275510000,9.143985,53.894240,2023-01-23T06:24:30Z
275510000,9.143870,53.894200,2023-01-23T06:25:18Z
275510000,9.143692,53.894100,2023-01-23T06:25:49Z
275510000,9.143648,53.894070,2023-01-23T06:26:21Z
275510000,9.143603,53.894060,2023-01-23T06:26:58Z
275510000,9.143607,53.894060,2023-01-23T06:27:29Z
275510000,9.143598,53.894043,2023-01-23T06:28:16Z
275510000,9.143610,53.894027,2023-01-23T06:28:49Z
275510000,9.143607,53.894027,2023-01-23T06:29:21Z
275510000,9.143607,53.894043,2023-01-23T06:29:58Z
275510000,9.143612,53.894037,2023-01-23T06:30:30Z
275510000,9.143603,53.894043,2023-01-23T06:31:17Z
275510000,9.143572,53.894037,2023-01-23T06:31:48Z
275510000,9.143573,53.894043,2023-01-23T06:32:21Z
275510000,9.143573,53.894043,2023-01-23T06:32:58Z
275510000,9.143587,53.894037,2023-01-23T06:33:30Z
275510000,9.143597,53.894043,2023-01-23T06:34:16Z
275510000,9.143623,53.894043,2023-01-23T06:34:49Z
275510000,9.143653,53.894027,2023-01-23T06:35:21Z
275510000,9.143645,53.894027,2023-01-23T06:35:58Z
275510000,9.143653,53.894037,2023-01-23T06:36:31Z
275510000,9.143633,53.894043,2023-01-23T06:37:16Z
275510000,9.143628,53.894060,2023-01-23T06:37:49Z
275510000,9.143628,53.894060,2023-01-23T06:38:23Z
275510000,9.143612,53.894043,2023-01-23T06:38:58Z
275510000,9.143617,53.894043,2023-01-23T06:39:30Z
275510000,9.143623,53.894043,2023-01-23T06:40:18Z
275510000,9.143602,53.894043,2023-01-23T06:40:49Z
275510000,9.143590,53.894060,2023-01-23T06:41:24Z
275510000,9.143567,53.894060,2023-01-23T06:41:59Z
275510000,9.143563,53.894060,2023-01-23T06:42:30Z
275510000,9.143568,53.894043,2023-01-23T06:43:16Z
275510000,9.143598,53.894027,2023-01-23T06:43:49Z
275510000,9.143587,53.894043,2023-01-23T06:44:22Z
275510000,9.143617,53.894027,2023-01-23T06:44:59Z
275510000,9.143597,53.894027,2023-01-23T06:45:30Z
275510000,9.143588,53.894027,2023-01-23T06:46:16Z
275510000,9.143593,53.894043,2023-01-23T06:46:49Z
275510000,9.143602,53.894027,2023-01-23T06:47:23Z
275510000,9.143607,53.894027,2023-01-23T06:47:59Z
275510000,9.143610,53.894037,2023-01-23T06:48:30Z
275510000,9.143590,53.894060,2023-01-23T06:49:18Z
275510000,9.143602,53.894060,2023-01-23T06:49:48Z
275510000,9.143610,53.894060,2023-01-23T06:50:22Z
275510000,9.143590,53.894043,2023-01-23T06:50:59Z
275510000,9.143568,53.894043,2023-01-23T06:51:30Z
275510000,9.143563,53.894043,2023-01-23T06:52:16Z
275510000,9.143568,53.894037,2023-01-23T06:52:48Z
275510000,9.143582,53.894043,2023-01-23T06:53:22Z
275510000,9.143587,53.894043,2023-01-23T06:53:59Z
275510000,9.143623,53.894053,2023-01-23T06:54:30Z
275510000,9.143623,53.894060,2023-01-23T06:55:17Z
275510000,9.143612,53.894043,2023-01-23T06:55:49Z
275510000,9.143612,53.894043,2023-01-23T06:56:22Z
275510000,9.143605,53.894060,2023-01-23T06:56:58Z
275510000,9.143600,53.894043,2023-01-23T06:57:30Z
275510000,9.143587,53.894037,2023-01-23T06:58:16Z
275510000,9.143547,53.894043,2023-01-23T06:58:49Z
275510000,9.143560,53.894037,2023-01-23T06:59:23Z
275510000,9.143572,53.894043,2023-01-23T06:59:58Z
275510000,9.143563,53.894027,2023-01-23T07:00:39Z
275510000,9.143587,53.894037,2023-01-23T07:01:17Z
275510000,9.143593,53.894027,2023-01-23T07:01:48Z
275510000,9.143612,53.894037,2023-01-23T07:02:21Z
275510000,9.143612,53.894027,2023-01-23T07:02:58Z
275510000,9.143612,53.894043,2023-01-23T07:03:39Z
275510000,9.143623,53.894027,2023-01-23T07:04:17Z
275510000,9.143642,53.894053,2023-01-23T07:04:48Z
275510000,9.143632,53.894043,2023-01-23T07:05:22Z
275510000,9.143638,53.894043,2023-01-23T07:05:58Z
275510000,9.143645,53.894043,2023-01-23T07:06:29Z
275510000,9.143585,53.894053,2023-01-23T07:07:16Z
275510000,9.143593,53.894043,2023-01-23T07:07:49Z
275510000,9.143593,53.894043,2023-01-23T07:08:20Z
275510000,9.143603,53.894027,2023-01-23T07:09:00Z
275510000,9.143630,53.894043,2023-01-23T07:09:30Z
275510000,9.143627,53.894043,2023-01-23T07:10:18Z
275510000,9.143612,53.894037,2023-01-23T07:10:49Z
275510000,9.143598,53.894043,2023-01-23T07:11:22Z
275510000,9.143587,53.894043,2023-01-23T07:12:00Z
275510000,9.143605,53.894043,2023-01-23T07:12:38Z
275510000,9.143593,53.894043,2023-01-23T07:13:16Z
275510000,9.143580,53.894037,2023-01-23T07:13:48Z
275510000,9.143582,53.894027,2023-01-23T07:14:22Z
275510000,9.143593,53.894037,2023-01-23T07:14:58Z
275510000,9.143603,53.894027,2023-01-23T07:15:30Z
275510000,9.143593,53.894013,2023-01-23T07:16:17Z
275510000,9.143495,53.893977,2023-01-23T07:16:49Z
275510000,9.143380,53.893920,2023-01-23T07:17:21Z
275510000,9.142808,53.893583,2023-01-23T07:17:58Z
275510000,9.142238,53.893280,2023-01-23T07:18:30Z
275510000,9.141517,53.892913,2023-01-23T07:19:18Z
275510000,9.140018,53.892147,2023-01-23T07:19:49Z
275510000,9.139347,53.891797,2023-01-23T07:20:23Z
275510000,9.137260,53.890717,2023-01-23T07:20:59Z
275510000,9.135543,53.889813,2023-01-23T07:21:38Z
275510000,9.134518,53.889250,2023-01-23T07:22:18Z
275510000,9.131874,53.888026,2023-01-23T07:22:49Z
275510000,9.130648,53.887546,2023-01-23T07:23:24Z
275510000,9.127236,53.886341,2023-01-23T07:23:59Z
275510000,9.124952,53.885601,2023-01-23T07:24:32Z
275510000,9.122544,53.884832,2023-01-23T07:25:18Z
275510000,9.117867,53.883131,2023-01-23T07:25:58Z
275510000,9.115327,53.882283,2023-01-23T07:26:31Z
275510000,9.112395,53.881572,2023-01-23T07:27:02Z
275510000,9.109808,53.881152,2023-01-23T07:27:33Z
275510000,9.106912,53.880778,2023-01-23T07:28:17Z
211238930,9.178231,53.912166,2023-01-23T05:55:39Z
211238930,9.177155,53.911628,2023-01-23T05:56:22Z
211238930,9.175534,53.910777,2023-01-23T05:56:59Z
211238930,9.174619,53.910303,2023-01-23T05:57:30Z
211238930,9.173677,53.909772,2023-01-23T05:58:03Z
211238930,9.172491,53.909107,2023-01-23T05:58:39Z
211238930,9.171509,53.908580,2023-01-23T05:59:23Z
211238930,9.169866,53.907685,2023-01-23T05:59:59Z
211238930,9.168569,53.906959,2023-01-23T06:00:39Z
211238930,9.167642,53.906487,2023-01-23T06:01:23Z
211238930,9.166089,53.905709,2023-01-23T06:01:59Z
211238930,9.164873,53.905126,2023-01-23T06:02:38Z
211238930,9.164027,53.904733,2023-01-23T06:03:23Z
211238930,9.162838,53.904154,2023-01-23T06:03:59Z
211238930,9.161971,53.903746,2023-01-23T06:04:38Z
211238930,9.161382,53.903450,2023-01-23T06:05:23Z
211238930,9.160415,53.903017,2023-01-23T06:05:59Z
211238930,9.159822,53.902697,2023-01-23T06:06:38Z
211238930,9.159364,53.902464,2023-01-23T06:07:23Z
211238930,9.158616,53.902116,2023-01-23T06:07:59Z
211238930,9.158120,53.901840,2023-01-23T06:08:38Z
211238930,9.157760,53.901651,2023-01-23T06:09:22Z
211238930,9.157146,53.901330,2023-01-23T06:09:57Z
211238930,9.156796,53.901131,2023-01-23T06:10:30Z
211238930,9.156434,53.900938,2023-01-23T06:11:03Z
211238930,9.155941,53.900667,2023-01-23T06:11:39Z
211238930,9.155616,53.900486,2023-01-23T06:12:23Z
211238930,9.155016,53.900147,2023-01-23T06:12:57Z
211238930,9.154661,53.899945,2023-01-23T06:13:29Z
211238930,9.154310,53.899752,2023-01-23T06:13:59Z
211238930,9.153973,53.899569,2023-01-23T06:14:29Z
211238930,9.153632,53.899390,2023-01-23T06:15:04Z
211238930,9.153198,53.899156,2023-01-23T06:15:38Z
211238930,9.152885,53.898982,2023-01-23T06:16:22Z
211238930,9.152423,53.898707,2023-01-23T06:16:59Z
211238930,9.152092,53.898495,2023-01-23T06:17:31Z
211238930,9.151754,53.898306,2023-01-23T06:18:03Z
211238930,9.151315,53.898077,2023-01-23T06:18:39Z
211238930,9.151021,53.897920,2023-01-23T06:19:23Z
211238930,9.150490,53.897608,2023-01-23T06:19:59Z
211238930,9.150191,53.897424,2023-01-23T06:20:30Z
211238930,9.149883,53.897233,2023-01-23T06:21:03Z
211238930,9.149471,53.896963,2023-01-23T06:21:39Z
211238930,9.149190,53.896759,2023-01-23T06:22:21Z
211238930,9.148921,53.896570,2023-01-23T06:22:58Z
211238930,9.148773,53.896482,2023-01-23T06:23:30Z
211238930,9.148625,53.896371,2023-01-23T06:24:02Z
211238930,9.148395,53.896210,2023-01-23T06:24:38Z
211238930,9.148299,53.896160,2023-01-23T06:25:23Z
211238930,9.148132,53.896090,2023-01-23T06:25:58Z
211238930,9.148027,53.896041,2023-01-23T06:26:29Z
211238930,9.147895,53.896001,2023-01-23T06:27:02Z
211238930,9.147756,53.895923,2023-01-23T06:27:38Z
211238930,9.147600,53.895831,2023-01-23T06:28:21Z
211238930,9.147475,53.895688,2023-01-23T06:28:58Z
211238930,9.147405,53.895630,2023-01-23T06:29:29Z
211238930,9.147285,53.895518,2023-01-23T06:30:03Z
211238930,9.147068,53.895399,2023-01-23T06:30:38Z
211238930,9.146966,53.895289,2023-01-23T06:31:23Z
211238930,9.146836,53.895256,2023-01-23T06:31:58Z
211238930,9.146786,53.895282,2023-01-23T06:32:28Z
211238930,9.146776,53.895219,2023-01-23T06:32:59Z
211238930,9.146708,53.895141,2023-01-23T06:33:39Z
211238930,9.146663,53.895116,2023-01-23T06:34:20Z
211238930,9.146558,53.895057,2023-01-23T06:34:59Z
211238930,9.146515,53.895026,2023-01-23T06:35:39Z
211238930,9.146447,53.894996,2023-01-23T06:36:23Z
211238930,9.146345,53.894947,2023-01-23T06:36:59Z
211238930,9.146216,53.894910,2023-01-23T06:37:39Z
211238930,9.146120,53.894885,2023-01-23T06:38:23Z
211238930,9.145953,53.894806,2023-01-23T06:38:58Z
211238930,9.145875,53.894780,2023-01-23T06:39:28Z
211238930,9.145855,53.894766,2023-01-23T06:40:04Z
211238930,9.145875,53.894771,2023-01-23T06:40:38Z
211238930,9.145851,53.894763,2023-01-23T06:41:23Z
211238930,9.145841,53.894738,2023-01-23T06:41:58Z
211238930,9.145836,53.894718,2023-01-23T06:42:29Z
211238930,9.145842,53.894712,2023-01-23T06:43:03Z
211238930,9.145869,53.894729,2023-01-23T06:43:38Z
211238930,9.145876,53.894731,2023-01-23T06:44:23Z
211238930,9.145881,53.894716,2023-01-23T06:44:58Z
211238930,9.145873,53.894706,2023-01-23T06:45:29Z
211238930,9.145873,53.894701,2023-01-23T06:46:02Z
211238930,9.145868,53.894700,2023-01-23T06:46:38Z
211238930,9.145863,53.894685,2023-01-23T06:47:23Z
211238930,9.145868,53.894666,2023-01-23T06:47:58Z
211238930,9.145876,53.894658,2023-01-23T06:48:29Z
211238930,9.145885,53.894653,2023-01-23T06:49:03Z
211238930,9.145883,53.894650,2023-01-23T06:49:39Z
211238930,9.145883,53.894656,2023-01-23T06:50:22Z
211238930,9.145878,53.894670,2023-01-23T06:50:58Z
211238930,9.145875,53.894663,2023-01-23T06:51:31Z
211238930,9.145868,53.894660,2023-01-23T06:52:03Z
211238930,9.145853,53.894641,2023-01-23T06:52:39Z
211238930,9.145840,53.894650,2023-01-23T06:53:23Z
211238930,9.145823,53.894653,2023-01-23T06:53:58Z
211238930,9.145823,53.894656,2023-01-23T06:54:30Z
211238930,9.145823,53.894655,2023-01-23T06:55:03Z
211238930,9.145823,53.894656,2023-01-23T06:55:38Z
211238930,9.145836,53.894656,2023-01-23T06:56:22Z
211238930,9.145841,53.894656,2023-01-23T06:56:59Z
211238930,9.145838,53.894665,2023-01-23T06:57:30Z
211238930,9.145825,53.894686,2023-01-23T06:58:03Z
211238930,9.145835,53.894690,2023-01-23T06:58:38Z
211238930,9.145830,53.894685,2023-01-23T06:59:24Z
211238930,9.145836,53.894673,2023-01-23T06:59:59Z
211238930,9.145850,53.894683,2023-01-23T07:00:38Z
211238930,9.145838,53.894691,2023-01-23T07:01:22Z
211238930,9.145836,53.894696,2023-01-23T07:01:59Z
211238930,9.145834,53.894671,2023-01-23T07:02:38Z
211238930,9.145832,53.894662,2023-01-23T07:03:22Z
211238930,9.145846,53.894694,2023-01-23T07:03:59Z
211238930,9.145849,53.894689,2023-01-23T07:04:30Z
211238930,9.145846,53.894671,2023-01-23T07:05:03Z
211238930,9.145844,53.894671,2023-01-23T07:05:38Z
211238930,9.145841,53.894672,2023-01-23T07:06:22Z
211238930,9.145842,53.894687,2023-01-23T07:06:59Z
211238930,9.145847,53.894696,2023-01-23T07:07:38Z
211238930,9.145842,53.894704,2023-01-23T07:08:20Z
211238930,9.145859,53.894724,2023-01-23T07:08:58Z
211238930,9.145856,53.894729,2023-01-23T07:09:29Z
211238930,9.145857,53.894742,2023-01-23T07:10:03Z
211238930,9.145856,53.894749,2023-01-23T07:10:39Z
211238930,9.145852,53.894742,2023-01-23T07:11:22Z
211238930,9.145856,53.894729,2023-01-23T07:11:58Z
211238930,9.145857,53.894724,2023-01-23T07:12:39Z
211238930,9.145861,53.894724,2023-01-23T07:13:21Z
211238930,9.145876,53.894727,2023-01-23T07:13:58Z
211238930,9.145872,53.894721,2023-01-23T07:14:30Z
211238930,9.145852,53.894712,2023-01-23T07:15:03Z
211238930,9.145867,53.894707,2023-01-23T07:15:38Z
211238930,9.145914,53.894694,2023-01-23T07:16:22Z
211238930,9.145877,53.894702,2023-01-23T07:16:58Z
211238930,9.145866,53.894714,2023-01-23T07:17:38Z
211238930,9.145866,53.894721,2023-01-23T07:18:21Z
211238930,9.145864,53.894724,2023-01-23T07:18:58Z
211238930,9.145851,53.894724,2023-01-23T07:19:31Z
211238930,9.145834,53.894731,2023-01-23T07:20:03Z
211238930,9.145829,53.894736,2023-01-23T07:20:38Z
211238930,9.145845,53.894735,2023-01-23T07:21:22Z
211238930,9.145778,53.894688,2023-01-23T07:21:57Z
211238930,9.145686,53.894645,2023-01-23T07:22:29Z
211238930,9.145546,53.894589,2023-01-23T07:23:03Z
211238930,9.145305,53.894464,2023-01-23T07:23:38Z
211238930,9.145093,53.894348,2023-01-23T07:24:23Z
211238930,9.144677,53.894134,2023-01-23T07:24:57Z
211238930,9.144380,53.893979,2023-01-23T07:25:31Z
211238930,9.144088,53.893824,2023-01-23T07:26:03Z
211238930,9.143626,53.893617,2023-01-23T07:26:38Z
211238930,9.143269,53.893441,2023-01-23T07:27:24Z
211238930,9.142646,53.893127,2023-01-23T07:27:57Z
211238930,9.142221,53.892911,2023-01-23T07:28:30Z
211238930,9.141774,53.892673,2023-01-23T07:29:03Z
211238930,9.141179,53.892340,2023-01-23T07:29:38Z
211238930,9.140639,53.892042,2023-01-23T07:30:23Z
211238930,9.139404,53.891353,2023-01-23T07:30:59Z
211238930,9.138548,53.890850,2023-01-23T07:31:29Z
211238930,9.137446,53.890175,2023-01-23T07:32:03Z
211238930,9.135910,53.889197,2023-01-23T07:32:38Z
211238930,9.134537,53.888318,2023-01-23T07:33:23Z
211238930,9.131342,53.886972,2023-01-23T07:33:59Z
211238930,9.128999,53.886157,2023-01-23T07:34:30Z
211238930,9.126219,53.885230,2023-01-23T07:35:03Z
211238930,9.122520,53.883954,2023-01-23T07:35:38Z
211238930,9.120265,53.883099,2023-01-23T07:36:21Z
211238930,9.114790,53.881381,2023-01-23T07:36:57Z
211238930,9.111306,53.880608,2023-01-23T07:37:29Z
211238930,9.107152,53.879843,2023-01-23T07:38:03Z
275514000,9.178657,53.912161,2023-01-23T07:33:59Z
275514000,9.177332,53.911421,2023-01-23T07:34:30Z
275514000,9.176133,53.910733,2023-01-23T07:35:18Z
275514000,9.174164,53.909590,2023-01-23T07:35:50Z
275514000,9.173401,53.909150,2023-01-23T07:36:24Z
275514000,9.171439,53.908043,2023-01-23T07:36:59Z
275514000,9.170301,53.907428,2023-01-23T07:37:30Z
275514000,9.169126,53.906748,2023-01-23T07:38:17Z
275514000,9.167204,53.905676,2023-01-23T07:38:50Z
275514000,9.166501,53.905296,2023-01-23T07:39:23Z
275514000,9.164487,53.904258,2023-01-23T07:39:59Z
275514000,9.162963,53.903390,2023-01-23T07:40:39Z
275514000,9.162278,53.902974,2023-01-23T07:41:17Z
275514000,9.160524,53.901766,2023-01-23T07:41:49Z
275514000,9.159841,53.901281,2023-01-23T07:42:23Z
275514000,9.158106,53.900034,2023-01-23T07:42:59Z
275514000,9.156910,53.899160,2023-01-23T07:43:39Z
275514000,9.156380,53.898739,2023-01-23T07:44:17Z
275514000,9.155258,53.897890,2023-01-23T07:44:49Z
275514000,9.154613,53.897570,2023-01-23T07:45:24Z
275514000,9.153423,53.896867,2023-01-23T07:45:59Z
275514000,9.152924,53.896437,2023-01-23T07:46:31Z
275514000,9.152572,53.896086,2023-01-23T07:47:18Z
275514000,9.152053,53.895572,2023-01-23T07:47:49Z
275514000,9.151875,53.895334,2023-01-23T07:48:23Z
275514000,9.151488,53.894908,2023-01-23T07:48:59Z
275514000,9.151137,53.894651,2023-01-23T07:49:31Z
275514000,9.150810,53.894431,2023-01-23T07:50:18Z
275514000,9.150206,53.894078,2023-01-23T07:50:49Z
275514000,9.149968,53.893948,2023-01-23T07:51:24Z
275514000,9.149431,53.893626,2023-01-23T07:51:59Z
275514000,9.149128,53.893454,2023-01-23T07:52:31Z
275514000,9.148888,53.893294,2023-01-23T07:53:18Z
275514000,9.148486,53.893011,2023-01-23T07:53:50Z
275514000,9.148334,53.892914,2023-01-23T07:54:24Z
275514000,9.148094,53.892752,2023-01-23T07:54:59Z
275514000,9.147993,53.892659,2023-01-23T07:55:31Z
275514000,9.147926,53.892612,2023-01-23T07:56:16Z
275514000,9.147823,53.892559,2023-01-23T07:56:50Z
275514000,9.147813,53.892552,2023-01-23T07:57:25Z
275514000,9.147811,53.892567,2023-01-23T07:57:59Z
275514000,9.147808,53.892574,2023-01-23T07:58:29Z
275514000,9.147791,53.892567,2023-01-23T07:59:17Z
275514000,9.147798,53.892547,2023-01-23T07:59:49Z
275514000,9.147799,53.892547,2023-01-23T08:00:24Z
275514000,9.147793,53.892586,2023-01-23T08:00:59Z
275514000,9.147779,53.892597,2023-01-23T08:01:31Z
275514000,9.147791,53.892601,2023-01-23T08:02:17Z
275514000,9.147798,53.892652,2023-01-23T08:02:49Z
275514000,9.147801,53.892644,2023-01-23T08:03:22Z
275514000,9.147836,53.892611,2023-01-23T08:03:59Z
275514000,9.147849,53.892601,2023-01-23T08:04:30Z
275514000,9.147828,53.892599,2023-01-23T08:05:16Z
275514000,9.147793,53.892567,2023-01-23T08:05:49Z
275514000,9.147798,53.892566,2023-01-23T08:06:22Z
275514000,9.147838,53.892574,2023-01-23T08:07:00Z
275514000,9.147824,53.892554,2023-01-23T08:07:39Z
275514000,9.147808,53.892547,2023-01-23T08:08:16Z
275514000,9.147804,53.892544,2023-01-23T08:08:49Z
275514000,9.147799,53.892537,2023-01-23T08:09:21Z
275514000,9.147798,53.892539,2023-01-23T08:10:00Z
275514000,9.147783,53.892534,2023-01-23T08:10:39Z
275514000,9.147786,53.892536,2023-01-23T08:11:17Z
275514000,9.147784,53.892521,2023-01-23T08:11:50Z
275514000,9.147796,53.892517,2023-01-23T08:12:22Z
275514000,9.147829,53.892526,2023-01-23T08:12:59Z
275514000,9.147833,53.892552,2023-01-23T08:13:30Z
275514000,9.147831,53.892559,2023-01-23T08:14:16Z
275514000,9.147808,53.892546,2023-01-23T08:14:50Z
275514000,9.147816,53.892541,2023-01-23T08:15:22Z
275514000,9.147844,53.892542,2023-01-23T08:15:59Z
275514000,9.147844,53.892541,2023-01-23T08:16:30Z
275514000,9.147846,53.892532,2023-01-23T08:17:18Z
275514000,9.147839,53.892521,2023-01-23T08:17:50Z
275514000,9.147816,53.892511,2023-01-23T08:18:22Z
275514000,9.147779,53.892492,2023-01-23T08:19:00Z
275514000,9.147755,53.892470,2023-01-23T08:19:31Z
275514000,9.147628,53.892403,2023-01-23T08:20:17Z
275514000,9.147385,53.892214,2023-01-23T08:20:50Z
275514000,9.147283,53.892113,2023-01-23T08:21:23Z
275514000,9.146754,53.891721,2023-01-23T08:22:00Z
275514000,9.146319,53.891441,2023-01-23T08:22:32Z
275514000,9.145740,53.891036,2023-01-23T08:23:18Z
275514000,9.144353,53.890205,2023-01-23T08:23:50Z
275514000,9.143794,53.889851,2023-01-23T08:24:22Z
275514000,9.142103,53.888694,2023-01-23T08:25:00Z
275514000,9.140959,53.888040,2023-01-23T08:25:32Z
275514000,9.139383,53.887286,2023-01-23T08:26:17Z
275514000,9.136410,53.885966,2023-01-23T08:26:49Z
275514000,9.135086,53.885392,2023-01-23T08:27:23Z
275514000,9.131102,53.884073,2023-01-23T08:27:59Z
275514000,9.128436,53.883527,2023-01-23T08:28:32Z
275514000,9.125617,53.883125,2023-01-23T08:29:18Z
275514000,9.120786,53.882462,2023-01-23T08:29:50Z
275514000,9.119069,53.882233,2023-01-23T08:30:22Z
275514000,9.114053,53.881480,2023-01-23T08:30:59Z
275514000,9.111084,53.881013,2023-01-23T08:31:30Z
275514000,9.108408,53.880595,2023-01-23T08:32:17Z
245046000,9.178064,53.912271,2023-01-23T08:39:35Z
245046000,9.177204,53.911807,2023-01-23T08:40:14Z
245046000,9.175217,53.910736,2023-01-23T08:40:45Z
245046000,9.174830,53.910527,2023-01-23T08:41:16Z
245046000,9.172504,53.909297,2023-01-23T08:41:55Z
245046000,9.171762,53.908889,2023-01-23T08:42:25Z
245046000,9.170299,53.908039,2023-01-23T08:43:15Z
245046000,9.168122,53.906855,2023-01-23T08:43:55Z
245046000,9.167404,53.906467,2023-01-23T08:44:25Z
245046000,9.166000,53.905633,2023-01-23T08:45:15Z
245046000,9.163887,53.904450,2023-01-23T08:45:55Z
245046000,9.163184,53.904047,2023-01-23T08:46:25Z
245046000,9.161827,53.903255,2023-01-23T08:47:16Z
245046000,9.160100,53.902273,2023-01-23T08:47:46Z
245046000,9.159404,53.901878,2023-01-23T08:48:23Z
245046000,9.157724,53.900940,2023-01-23T08:48:55Z
245046000,9.157024,53.900547,2023-01-23T08:49:25Z
245046000,9.155772,53.899847,2023-01-23T08:50:15Z
245046000,9.154162,53.898959,2023-01-23T08:50:46Z
245046000,9.153569,53.898627,2023-01-23T08:51:22Z
245046000,9.152222,53.897904,2023-01-23T08:51:54Z
245046000,9.151392,53.897435,2023-01-23T08:52:28Z
245046000,9.150697,53.897062,2023-01-23T08:53:15Z
245046000,9.149537,53.896394,2023-01-23T08:53:46Z
245046000,9.149169,53.896159,2023-01-23T08:54:19Z
245046000,9.148144,53.895689,2023-01-23T08:54:54Z
245046000,9.147759,53.895471,2023-01-23T08:55:26Z
245046000,9.147166,53.895096,2023-01-23T08:56:15Z
245046000,9.146549,53.894679,2023-01-23T08:56:46Z
245046000,9.146442,53.894623,2023-01-23T08:57:16Z
245046000,9.145772,53.894201,2023-01-23T08:57:54Z
245046000,9.145550,53.894091,2023-01-23T08:58:26Z
245046000,9.145205,53.893966,2023-01-23T08:59:15Z
245046000,9.144999,53.893824,2023-01-23T08:59:56Z
245046000,9.144999,53.893822,2023-01-23T09:00:27Z
245046000,9.145027,53.893826,2023-01-23T09:01:15Z
245046000,9.145007,53.893836,2023-01-23T09:01:56Z
245046000,9.144982,53.893879,2023-01-23T09:02:28Z
245046000,9.145000,53.893816,2023-01-23T09:03:16Z
245046000,9.145010,53.893846,2023-01-23T09:03:56Z
245046000,9.145032,53.893804,2023-01-23T09:04:29Z
245046000,9.145025,53.893837,2023-01-23T09:05:15Z
245046000,9.144972,53.893911,2023-01-23T09:05:45Z
245046000,9.144982,53.893884,2023-01-23T09:06:16Z
245046000,9.145007,53.893851,2023-01-23T09:06:56Z
245046000,9.145010,53.893854,2023-01-23T09:07:29Z
245046000,9.145019,53.893856,2023-01-23T09:08:15Z
245046000,9.145035,53.893827,2023-01-23T09:08:46Z
245046000,9.145035,53.893822,2023-01-23T09:09:22Z
245046000,9.144989,53.893869,2023-01-23T09:09:55Z
245046000,9.144977,53.893849,2023-01-23T09:10:26Z
245046000,9.144977,53.893842,2023-01-23T09:11:14Z
245046000,9.145005,53.893827,2023-01-23T09:11:44Z
245046000,9.145000,53.893831,2023-01-23T09:12:16Z
245046000,9.144970,53.893864,2023-01-23T09:12:55Z
245046000,9.145000,53.893864,2023-01-23T09:13:28Z
245046000,9.145009,53.893857,2023-01-23T09:14:13Z
245046000,9.145019,53.893834,2023-01-23T09:14:44Z
245046000,9.145022,53.893842,2023-01-23T09:15:21Z
245046000,9.145014,53.893842,2023-01-23T09:15:55Z
245046000,9.144995,53.893846,2023-01-23T09:16:25Z
245046000,9.145025,53.893907,2023-01-23T09:17:14Z
245046000,9.144975,53.893847,2023-01-23T09:17:44Z
245046000,9.144980,53.893851,2023-01-23T09:18:21Z
245046000,9.144965,53.893852,2023-01-23T09:18:55Z
245046000,9.144977,53.893846,2023-01-23T09:19:29Z
245046000,9.144974,53.893851,2023-01-23T09:20:14Z
245046000,9.144994,53.893846,2023-01-23T09:20:45Z
245046000,9.144989,53.893846,2023-01-23T09:21:21Z
245046000,9.144999,53.893839,2023-01-23T09:21:55Z
245046000,9.145010,53.893851,2023-01-23T09:22:29Z
245046000,9.145020,53.893861,2023-01-23T09:23:15Z
245046000,9.145012,53.893846,2023-01-23T09:23:46Z
245046000,9.145004,53.893851,2023-01-23T09:24:21Z
245046000,9.144987,53.893871,2023-01-23T09:24:55Z
245046000,9.144974,53.893861,2023-01-23T09:25:28Z
245046000,9.144927,53.893841,2023-01-23T09:26:14Z
245046000,9.144730,53.893730,2023-01-23T09:26:46Z
245046000,9.144577,53.893661,2023-01-23T09:27:22Z
245046000,9.143978,53.893401,2023-01-23T09:27:56Z
245046000,9.143467,53.893188,2023-01-23T09:28:28Z
245046000,9.142900,53.892909,2023-01-23T09:29:14Z
245046000,9.141851,53.892373,2023-01-23T09:29:45Z
245046000,9.141284,53.892093,2023-01-23T09:30:21Z
245046000,9.139766,53.891348,2023-01-23T09:30:56Z
245046000,9.138714,53.890838,2023-01-23T09:31:29Z
245046000,9.137524,53.890266,2023-01-23T09:32:13Z
245046000,9.135409,53.889255,2023-01-23T09:32:45Z
245046000,9.134467,53.888827,2023-01-23T09:33:20Z
245046000,9.131454,53.887745,2023-01-23T09:33:56Z
245046000,9.130109,53.887309,2023-01-23T09:34:26Z
245046000,9.127498,53.886258,2023-01-23T09:35:15Z
245046000,9.123446,53.884493,2023-01-23T09:35:56Z
245046000,9.121371,53.883613,2023-01-23T09:36:29Z
245046000,9.119154,53.882829,2023-01-23T09:37:15Z
245046000,9.115158,53.881710,2023-01-23T09:37:46Z
245046000,9.113572,53.881341,2023-01-23T09:38:21Z
245046000,9.109051,53.880483,2023-01-23T09:38:56Z
218098000,9.177806,53.912431,2023-01-23T09:16:56Z
218098000,9.176671,53.911809,2023-01-23T09:17:28Z
218098000,9.175591,53.911251,2023-01-23T09:18:09Z
218098000,9.173727,53.910294,2023-01-23T09:18:47Z
218098000,9.173014,53.909929,2023-01-23T09:19:22Z
218098000,9.171244,53.909014,2023-01-23T09:19:56Z
218098000,9.170164,53.908453,2023-01-23T09:20:29Z
218098000,9.169215,53.907946,2023-01-23T09:21:10Z
218098000,9.167490,53.907060,2023-01-23T09:21:46Z
218098000,9.166811,53.906718,2023-01-23T09:22:22Z
218098000,9.165138,53.905825,2023-01-23T09:22:57Z
218098000,9.164185,53.905305,2023-01-23T09:23:29Z
218098000,9.163208,53.904815,2023-01-23T09:24:10Z
218098000,9.161630,53.903955,2023-01-23T09:24:46Z
218098000,9.161058,53.903630,2023-01-23T09:25:22Z
218098000,9.159510,53.902778,2023-01-23T09:25:57Z
218098000,9.158566,53.902268,2023-01-23T09:26:28Z
218098000,9.157658,53.901798,2023-01-23T09:27:10Z
218098000,9.156218,53.901023,2023-01-23T09:27:47Z
218098000,9.155673,53.900746,2023-01-23T09:28:21Z
218098000,9.154378,53.900058,2023-01-23T09:28:57Z
218098000,9.153683,53.899690,2023-01-23T09:29:28Z
218098000,9.152932,53.899295,2023-01-23T09:30:10Z
218098000,9.151740,53.898648,2023-01-23T09:30:47Z
218098000,9.151297,53.898407,2023-01-23T09:31:22Z
218098000,9.150235,53.897848,2023-01-23T09:31:57Z
218098000,9.149602,53.897483,2023-01-23T09:32:28Z
218098000,9.149048,53.897181,2023-01-23T09:33:09Z
218098000,9.148148,53.896703,2023-01-23T09:33:47Z
218098000,9.147892,53.896528,2023-01-23T09:34:23Z
218098000,9.147057,53.896054,2023-01-23T09:34:57Z
218098000,9.146615,53.895820,2023-01-23T09:35:31Z
218098000,9.146300,53.895633,2023-01-23T09:36:10Z
218098000,9.145665,53.895288,2023-01-23T09:36:47Z
218098000,9.145455,53.895157,2023-01-23T09:37:23Z
218098000,9.144907,53.894837,2023-01-23T09:37:57Z
218098000,9.144585,53.894658,2023-01-23T09:38:30Z
218098000,9.144348,53.894545,2023-01-23T09:39:10Z
218098000,9.144066,53.894438,2023-01-23T09:39:47Z
218098000,9.143964,53.894417,2023-01-23T09:40:20Z
218098000,9.143939,53.894385,2023-01-23T09:40:57Z
218098000,9.144018,53.894388,2023-01-23T09:41:36Z
218098000,9.144030,53.894378,2023-01-23T09:42:11Z
218098000,9.144008,53.894335,2023-01-23T09:42:46Z
218098000,9.144023,53.894346,2023-01-23T09:43:24Z
218098000,9.144057,53.894405,2023-01-23T09:43:57Z
218098000,9.144034,53.894393,2023-01-23T09:44:30Z
218098000,9.144045,53.894390,2023-01-23T09:45:10Z
218098000,9.144052,53.894393,2023-01-23T09:45:46Z
218098000,9.144045,53.894392,2023-01-23T09:46:22Z
218098000,9.144054,53.894398,2023-01-23T09:46:57Z
218098000,9.144065,53.894407,2023-01-23T09:47:30Z
218098000,9.144032,53.894413,2023-01-23T09:48:10Z
218098000,9.144055,53.894443,2023-01-23T09:48:47Z
218098000,9.144049,53.894433,2023-01-23T09:49:22Z
218098000,9.144065,53.894408,2023-01-23T09:49:57Z
218098000,9.144075,53.894387,2023-01-23T09:50:30Z
218098000,9.144055,53.894400,2023-01-23T09:51:10Z
218098000,9.144049,53.894410,2023-01-23T09:51:47Z
218098000,9.144032,53.894403,2023-01-23T09:52:22Z
218098000,9.144054,53.894405,2023-01-23T09:52:57Z
218098000,9.144064,53.894408,2023-01-23T09:53:28Z
218098000,9.144075,53.894412,2023-01-23T09:54:11Z
218098000,9.144060,53.894417,2023-01-23T09:54:46Z
218098000,9.144032,53.894423,2023-01-23T09:55:22Z
218098000,9.144051,53.894428,2023-01-23T09:55:56Z
218098000,9.144066,53.894415,2023-01-23T09:56:31Z
218098000,9.144051,53.894415,2023-01-23T09:57:11Z
218098000,9.144045,53.894418,2023-01-23T09:57:46Z
218098000,9.144063,53.894388,2023-01-23T09:58:22Z
218098000,9.144076,53.894393,2023-01-23T09:58:56Z
218098000,9.144056,53.894388,2023-01-23T09:59:29Z
218098000,9.144045,53.894396,2023-01-23T10:00:10Z
218098000,9.144071,53.894385,2023-01-23T10:00:46Z
218098000,9.144060,53.894383,2023-01-23T10:01:22Z
218098000,9.144066,53.894385,2023-01-23T10:01:56Z
218098000,9.144050,53.894393,2023-01-23T10:02:29Z
218098000,9.144061,53.894386,2023-01-23T10:03:10Z
218098000,9.144071,53.894385,2023-01-23T10:03:46Z
218098000,9.144081,53.894396,2023-01-23T10:04:21Z
218098000,9.144111,53.894393,2023-01-23T10:04:57Z
218098000,9.144068,53.894391,2023-01-23T10:05:29Z
218098000,9.144078,53.894403,2023-01-23T10:06:10Z
218098000,9.144085,53.894398,2023-01-23T10:06:47Z
218098000,9.144026,53.894378,2023-01-23T10:07:22Z
218098000,9.144038,53.894391,2023-01-23T10:07:57Z
218098000,9.144036,53.894400,2023-01-23T10:08:36Z
218098000,9.144061,53.894388,2023-01-23T10:09:09Z
218098000,9.144078,53.894381,2023-01-23T10:09:46Z
218098000,9.144116,53.894406,2023-01-23T10:10:21Z
218098000,9.144132,53.894408,2023-01-23T10:10:57Z
218098000,9.144099,53.894388,2023-01-23T10:11:31Z
218098000,9.144096,53.894391,2023-01-23T10:12:10Z
218098000,9.144087,53.894394,2023-01-23T10:12:46Z
218098000,9.144094,53.894396,2023-01-23T10:13:22Z
218098000,9.144111,53.894398,2023-01-23T10:13:57Z
218098000,9.144096,53.894401,2023-01-23T10:14:36Z
218098000,9.144047,53.894386,2023-01-23T10:15:10Z
218098000,9.144022,53.894389,2023-01-23T10:15:47Z
218098000,9.144051,53.894386,2023-01-23T10:16:22Z
218098000,9.144091,53.894381,2023-01-23T10:16:56Z
218098000,9.144047,53.894364,2023-01-23T10:17:28Z
218098000,9.144067,53.894394,2023-01-23T10:18:10Z
218098000,9.144036,53.894373,2023-01-23T10:18:47Z
218098000,9.144077,53.894373,2023-01-23T10:19:21Z
218098000,9.144077,53.894394,2023-01-23T10:19:58Z
218098000,9.144072,53.894384,2023-01-23T10:20:29Z
218098000,9.144059,53.894391,2023-01-23T10:21:10Z
218098000,9.144037,53.894364,2023-01-23T10:21:47Z
218098000,9.144054,53.894394,2023-01-23T10:22:20Z
218098000,9.144111,53.894393,2023-01-23T10:22:58Z
218098000,9.144132,53.894401,2023-01-23T10:23:28Z
218098000,9.144074,53.894373,2023-01-23T10:24:10Z
218098000,9.144089,53.894388,2023-01-23T10:24:47Z
218098000,9.144099,53.894393,2023-01-23T10:25:22Z
218098000,9.144089,53.894384,2023-01-23T10:25:56Z
218098000,9.144107,53.894423,2023-01-23T10:26:29Z
218098000,9.144116,53.894406,2023-01-23T10:27:09Z
218098000,9.144124,53.894391,2023-01-23T10:27:47Z
218098000,9.144089,53.894376,2023-01-23T10:28:21Z
218098000,9.144099,53.894374,2023-01-23T10:28:56Z
218098000,9.144119,53.894393,2023-01-23T10:29:28Z
218098000,9.144102,53.894393,2023-01-23T10:30:10Z
218098000,9.144076,53.894371,2023-01-23T10:30:47Z
218098000,9.144107,53.894391,2023-01-23T10:31:22Z
218098000,9.144109,53.894399,2023-01-23T10:31:56Z
218098000,9.144107,53.894399,2023-01-23T10:32:30Z
218098000,9.144101,53.894389,2023-01-23T10:33:09Z
218098000,9.144097,53.894408,2023-01-23T10:33:46Z
218098000,9.144091,53.894403,2023-01-23T10:34:22Z
218098000,9.144102,53.894399,2023-01-23T10:34:56Z
218098000,9.144112,53.894394,2023-01-23T10:35:29Z
218098000,9.144102,53.894398,2023-01-23T10:36:09Z
218098000,9.144096,53.894401,2023-01-23T10:36:46Z
218098000,9.144086,53.894386,2023-01-23T10:37:22Z
218098000,9.144086,53.894398,2023-01-23T10:37:57Z
218098000,9.144049,53.894403,2023-01-23T10:38:30Z
218098000,9.144066,53.894391,2023-01-23T10:39:10Z
218098000,9.144099,53.894394,2023-01-23T10:39:46Z
218098000,9.144116,53.894391,2023-01-23T10:40:21Z
218098000,9.144136,53.894393,2023-01-23T10:40:57Z
218098000,9.144114,53.894383,2023-01-23T10:41:30Z
218098000,9.144091,53.894386,2023-01-23T10:42:10Z
218098000,9.144079,53.894394,2023-01-23T10:42:46Z
218098000,9.144097,53.894416,2023-01-23T10:43:25Z
218098000,9.144074,53.894401,2023-01-23T10:43:57Z
218098000,9.144112,53.894413,2023-01-23T10:44:28Z
218098000,9.144074,53.894421,2023-01-23T10:45:11Z
218098000,9.144094,53.894414,2023-01-23T10:45:47Z
218098000,9.144109,53.894414,2023-01-23T10:46:22Z
218098000,9.144089,53.894399,2023-01-23T10:46:57Z
218098000,9.144112,53.894403,2023-01-23T10:47:30Z
218098000,9.144124,53.894409,2023-01-23T10:48:10Z
218098000,9.144104,53.894399,2023-01-23T10:48:47Z
218098000,9.144104,53.894411,2023-01-23T10:49:22Z
218098000,9.144059,53.894394,2023-01-23T10:49:56Z
218098000,9.144066,53.894404,2023-01-23T10:50:29Z
218098000,9.144016,53.894381,2023-01-23T10:51:10Z
218098000,9.144080,53.894398,2023-01-23T10:51:47Z
218098000,9.144065,53.894401,2023-01-23T10:52:21Z
218098000,9.144065,53.894381,2023-01-23T10:52:56Z
218098000,9.144051,53.894376,2023-01-23T10:53:26Z
218098000,9.144060,53.894385,2023-01-23T10:54:10Z
218098000,9.144078,53.894398,2023-01-23T10:54:47Z
218098000,9.144080,53.894400,2023-01-23T10:55:22Z
218098000,9.144076,53.894400,2023-01-23T10:55:56Z
218098000,9.144035,53.894400,2023-01-23T10:56:29Z
218098000,9.144046,53.894415,2023-01-23T10:57:10Z
218098000,9.144061,53.894391,2023-01-23T10:57:47Z
218098000,9.144066,53.894390,2023-01-23T10:58:20Z
218098000,9.144065,53.894400,2023-01-23T10:58:56Z
218098000,9.144073,53.894395,2023-01-23T10:59:29Z
218098000,9.144058,53.894400,2023-01-23T11:00:10Z
218098000,9.144095,53.894385,2023-01-23T11:00:47Z
218098000,9.144066,53.894395,2023-01-23T11:01:23Z
218098000,9.144076,53.894398,2023-01-23T11:01:57Z
218098000,9.144080,53.894418,2023-01-23T11:02:28Z
218098000,9.144071,53.894405,2023-01-23T11:03:10Z
218098000,9.144071,53.894408,2023-01-23T11:03:47Z
218098000,9.144076,53.894395,2023-01-23T11:04:21Z
218098000,9.144075,53.894388,2023-01-23T11:04:57Z
218098000,9.144071,53.894408,2023-01-23T11:05:30Z
218098000,9.144056,53.894398,2023-01-23T11:06:10Z
218098000,9.144093,53.894405,2023-01-23T11:06:47Z
218098000,9.144123,53.894400,2023-01-23T11:07:20Z
218098000,9.144123,53.894406,2023-01-23T11:07:56Z
218098000,9.144118,53.894390,2023-01-23T11:08:28Z
218098000,9.144101,53.894398,2023-01-23T11:09:10Z
218098000,9.144100,53.894390,2023-01-23T11:09:47Z
218098000,9.144103,53.894393,2023-01-23T11:10:21Z
218098000,9.144101,53.894383,2023-01-23T11:10:56Z
218098000,9.144090,53.894385,2023-01-23T11:11:28Z
218098000,9.144076,53.894393,2023-01-23T11:12:11Z
218098000,9.144110,53.894400,2023-01-23T11:12:46Z
218098000,9.144078,53.894401,2023-01-23T11:13:20Z
218098000,9.144061,53.894410,2023-01-23T11:13:57Z
218098000,9.144073,53.894400,2023-01-23T11:14:29Z
218098000,9.144060,53.894411,2023-01-23T11:15:11Z
218098000,9.144088,53.894425,2023-01-23T11:15:46Z
218098000,9.144073,53.894411,2023-01-23T11:16:22Z
218098000,9.144095,53.894416,2023-01-23T11:16:57Z
218098000,9.144083,53.894408,2023-01-23T11:17:30Z
218098000,9.144090,53.894420,2023-01-23T11:18:10Z
218098000,9.144115,53.894435,2023-01-23T11:18:47Z
218098000,9.144093,53.894441,2023-01-23T11:19:22Z
218098000,9.144021,53.894370,2023-01-23T11:19:57Z
218098000,9.143880,53.894301,2023-01-23T11:20:28Z
218098000,9.143651,53.894176,2023-01-23T11:21:11Z
218098000,9.142971,53.893845,2023-01-23T11:21:47Z
218098000,9.142622,53.893659,2023-01-23T11:22:21Z
218098000,9.141412,53.893069,2023-01-23T11:22:57Z
218098000,9.140053,53.892402,2023-01-23T11:23:36Z
218098000,9.139353,53.892033,2023-01-23T11:24:10Z
218098000,9.137334,53.890943,2023-01-23T11:24:47Z
218098000,9.136430,53.890420,2023-01-23T11:25:23Z
218098000,9.134315,53.889114,2023-01-23T11:25:53Z
218098000,9.133266,53.888415,2023-01-23T11:26:24Z
218098000,9.132438,53.886372,2023-01-23T11:26:57Z
218098000,9.133058,53.884924,2023-01-23T11:27:27Z
218098000,9.134235,53.883364,2023-01-23T11:28:00Z
218098000,9.135830,53.881961,2023-01-23T11:28:30Z
218098000,9.138115,53.880775,2023-01-23T11:29:00Z
218098000,9.140368,53.880007,2023-01-23T11:29:30Z
218098000,9.143815,53.879307,2023-01-23T11:30:03Z
218098000,9.146678,53.879010,2023-01-23T11:30:34Z
218098000,9.149172,53.878878,2023-01-23T11:31:11Z
218098000,9.153658,53.878777,2023-01-23T11:31:47Z
218098000,9.155480,53.878720,2023-01-23T11:32:21Z
218098000,9.160400,53.878458,2023-01-23T11:32:56Z
218098000,9.162588,53.878377,2023-01-23T11:33:26Z
218098000,9.166286,53.878365,2023-01-23T11:34:10Z
218098000,9.171365,53.878358,2023-01-23T11:34:47Z
218098000,9.173353,53.878357,2023-01-23T11:35:20Z
218098000,9.178361,53.878393,2023-01-23T11:35:51Z
218098000,9.180196,53.878416,2023-01-23T11:36:21Z
314189000,9.103939,53.883989,2023-01-23T10:01:23Z
314189000,9.107140,53.884282,2023-01-23T10:01:58Z
314189000,9.109192,53.884477,2023-01-23T10:02:30Z
314189000,9.111125,53.884659,2023-01-23T10:03:17Z
314189000,9.114428,53.884953,2023-01-23T10:03:49Z
314189000,9.115683,53.885045,2023-01-23T10:04:21Z
314189000,9.118625,53.885288,2023-01-23T10:04:58Z
314189000,9.120335,53.885371,2023-01-23T10:05:29Z
314189000,9.121977,53.885480,2023-01-23T10:06:18Z
314189000,9.124628,53.885646,2023-01-23T10:06:49Z
314189000,9.125662,53.885713,2023-01-23T10:07:22Z
314189000,9.128057,53.885886,2023-01-23T10:07:58Z
314189000,9.129378,53.885993,2023-01-23T10:08:29Z
314189000,9.130627,53.886092,2023-01-23T10:09:17Z
314189000,9.132587,53.886254,2023-01-23T10:09:48Z
314189000,9.133317,53.886326,2023-01-23T10:10:22Z
314189000,9.135089,53.886498,2023-01-23T10:10:58Z
314189000,9.136094,53.886637,2023-01-23T10:11:31Z
314189000,9.137207,53.886739,2023-01-23T10:12:18Z
314189000,9.139067,53.887061,2023-01-23T10:12:48Z
314189000,9.139790,53.887237,2023-01-23T10:13:22Z
314189000,9.141461,53.887843,2023-01-23T10:13:59Z
314189000,9.142567,53.888390,2023-01-23T10:14:39Z
314189000,9.143066,53.888680,2023-01-23T10:15:17Z
314189000,9.144075,53.889351,2023-01-23T10:15:50Z
314189000,9.144372,53.889573,2023-01-23T10:16:23Z
314189000,9.145095,53.890118,2023-01-23T10:16:59Z
314189000,9.145409,53.890376,2023-01-23T10:17:29Z
314189000,9.145838,53.890641,2023-01-23T10:18:17Z
314189000,9.146288,53.890986,2023-01-23T10:18:50Z
314189000,9.146388,53.891086,2023-01-23T10:19:22Z
314189000,9.146732,53.891304,2023-01-23T10:19:58Z
314189000,9.146928,53.891441,2023-01-23T10:20:30Z
314189000,9.147028,53.891521,2023-01-23T10:21:17Z
314189000,9.147264,53.891671,2023-01-23T10:21:50Z
314189000,9.147343,53.891725,2023-01-23T10:22:21Z
314189000,9.147487,53.891813,2023-01-23T10:22:58Z
314189000,9.147553,53.891858,2023-01-23T10:23:30Z
314189000,9.147588,53.891878,2023-01-23T10:24:17Z
314189000,9.147608,53.891879,2023-01-23T10:24:50Z
314189000,9.147625,53.891880,2023-01-23T10:25:23Z
314189000,9.147613,53.891876,2023-01-23T10:26:00Z
314189000,9.147620,53.891873,2023-01-23T10:26:30Z
314189000,9.147622,53.891873,2023-01-23T10:27:16Z
314189000,9.147622,53.891873,2023-01-23T10:27:50Z
314189000,9.147622,53.891873,2023-01-23T10:28:22Z
314189000,9.147625,53.891873,2023-01-23T10:29:00Z
314189000,9.147616,53.891868,2023-01-23T10:29:32Z
314189000,9.147616,53.891866,2023-01-23T10:30:18Z
314189000,9.147614,53.891874,2023-01-23T10:30:49Z
314189000,9.147609,53.891873,2023-01-23T10:31:23Z
314189000,9.147616,53.891883,2023-01-23T10:32:00Z
314189000,9.147614,53.891881,2023-01-23T10:32:30Z
314189000,9.147609,53.891876,2023-01-23T10:33:16Z
314189000,9.147619,53.891878,2023-01-23T10:33:49Z
314189000,9.147621,53.891879,2023-01-23T10:34:22Z
314189000,9.147624,53.891876,2023-01-23T10:34:59Z
314189000,9.147619,53.891879,2023-01-23T10:35:30Z
314189000,9.147618,53.891884,2023-01-23T10:36:17Z
314189000,9.147631,53.891899,2023-01-23T10:36:49Z
314189000,9.147634,53.891904,2023-01-23T10:37:23Z
314189000,9.147698,53.891951,2023-01-23T10:37:59Z
314189000,9.147835,53.892058,2023-01-23T10:38:31Z
314189000,9.148050,53.892225,2023-01-23T10:39:17Z
314189000,9.148593,53.892634,2023-01-23T10:39:49Z
314189000,9.148854,53.892828,2023-01-23T10:40:22Z
314189000,9.149660,53.893391,2023-01-23T10:40:59Z
314189000,9.150327,53.893838,2023-01-23T10:41:31Z
314189000,9.151004,53.894308,2023-01-23T10:42:18Z
314189000,9.152283,53.895208,2023-01-23T10:42:49Z
314189000,9.152551,53.895405,2023-01-23T10:43:20Z
314189000,9.154176,53.896630,2023-01-23T10:43:59Z
314189000,9.155030,53.897313,2023-01-23T10:44:30Z
314189000,9.155855,53.897953,2023-01-23T10:45:18Z
314189000,9.157426,53.899064,2023-01-23T10:45:49Z
314189000,9.158081,53.899488,2023-01-23T10:46:22Z
314189000,9.159792,53.900536,2023-01-23T10:46:59Z
314189000,9.160891,53.901195,2023-01-23T10:47:31Z
314189000,9.161888,53.901818,2023-01-23T10:48:17Z
314189000,9.163457,53.902889,2023-01-23T10:48:49Z
314189000,9.164115,53.903321,2023-01-23T10:49:22Z
314189000,9.165675,53.904264,2023-01-23T10:49:59Z
314189000,9.166716,53.904826,2023-01-23T10:50:30Z
314189000,9.167680,53.905338,2023-01-23T10:51:17Z
314189000,9.169389,53.906227,2023-01-23T10:51:49Z
314189000,9.170056,53.906560,2023-01-23T10:52:22Z
314189000,9.171676,53.907356,2023-01-23T10:52:59Z
314189000,9.172682,53.907850,2023-01-23T10:53:31Z
314189000,9.173587,53.908282,2023-01-23T10:54:17Z
314189000,9.175045,53.908914,2023-01-23T10:54:49Z
314189000,9.175536,53.909121,2023-01-23T10:55:22Z
314189000,9.176736,53.909676,2023-01-23T10:56:00Z
314189000,9.177363,53.909958,2023-01-23T10:56:30Z
314189000,9.177831,53.910188,2023-01-23T10:57:17Z
314189000,9.178180,53.910404,2023-01-23T10:57:49Z
314189000,9.178255,53.910444,2023-01-23T10:58:21Z
314189000,9.178618,53.910563,2023-01-23T10:59:00Z
314189000,9.178778,53.910612,2023-01-23T10:59:40Z
314189000,9.178802,53.910620,2023-01-23T11:00:18Z
314189000,9.179090,53.910705,2023-01-23T11:00:49Z
314189000,9.179168,53.910746,2023-01-23T11:01:19Z
314189000,9.179723,53.911012,2023-01-23T11:01:58Z
314189000,9.180004,53.911140,2023-01-23T11:02:29Z
314189000,9.180273,53.911275,2023-01-23T11:03:17Z
266464000,9.102955,53.884766,2023-01-23T10:19:24Z
266464000,9.105110,53.884888,2023-01-23T10:19:54Z
266464000,9.106206,53.884935,2023-01-23T10:20:24Z
266464000,9.108178,53.885107,2023-01-23T10:21:17Z
266464000,9.111051,53.885255,2023-01-23T10:21:54Z
266464000,9.112417,53.885336,2023-01-23T10:22:26Z
266464000,9.113730,53.885423,2023-01-23T10:23:16Z
266464000,9.116289,53.885633,2023-01-23T10:23:54Z
266464000,9.117072,53.885727,2023-01-23T10:24:24Z
266464000,9.118656,53.885839,2023-01-23T10:24:55Z
266464000,9.119474,53.885923,2023-01-23T10:25:25Z
266464000,9.120953,53.886095,2023-01-23T10:26:17Z
266464000,9.123250,53.886362,2023-01-23T10:26:55Z
266464000,9.124436,53.886445,2023-01-23T10:27:27Z
266464000,9.125555,53.886512,2023-01-23T10:28:17Z
266464000,9.127789,53.886696,2023-01-23T10:28:49Z
266464000,9.128296,53.886766,2023-01-23T10:29:21Z
266464000,9.130398,53.887127,2023-01-23T10:29:55Z
266464000,9.131143,53.887286,2023-01-23T10:30:26Z
266464000,9.132606,53.887604,2023-01-23T10:31:17Z
266464000,9.134638,53.888162,2023-01-23T10:31:55Z
266464000,9.135439,53.888367,2023-01-23T10:32:26Z
266464000,9.136647,53.888769,2023-01-23T10:32:59Z
266464000,9.137529,53.889139,2023-01-23T10:33:35Z
266464000,9.137809,53.889311,2023-01-23T10:34:16Z
266464000,9.138683,53.889809,2023-01-23T10:34:55Z
266464000,9.139096,53.890036,2023-01-23T10:35:29Z
266464000,9.139543,53.890280,2023-01-23T10:36:16Z
266464000,9.140326,53.890669,2023-01-23T10:36:55Z
266464000,9.140567,53.890804,2023-01-23T10:37:25Z
266464000,9.141078,53.891062,2023-01-23T10:38:17Z
266464000,9.141784,53.891409,2023-01-23T10:38:55Z
266464000,9.142110,53.891575,2023-01-23T10:39:28Z
266464000,9.142438,53.891748,2023-01-23T10:40:16Z
266464000,9.143035,53.892102,2023-01-23T10:40:54Z
266464000,9.143215,53.892200,2023-01-23T10:41:25Z
266464000,9.143499,53.892357,2023-01-23T10:42:17Z
266464000,9.143780,53.892556,2023-01-23T10:42:54Z
266464000,9.143894,53.892622,2023-01-23T10:43:27Z
266464000,9.144097,53.892761,2023-01-23T10:44:16Z
266464000,9.144377,53.892902,2023-01-23T10:44:55Z
266464000,9.144505,53.892963,2023-01-23T10:45:29Z
266464000,9.144630,53.893030,2023-01-23T10:46:17Z
266464000,9.144913,53.893193,2023-01-23T10:46:55Z
266464000,9.145047,53.893263,2023-01-23T10:47:29Z
266464000,9.145187,53.893335,2023-01-23T10:48:17Z
266464000,9.145468,53.893485,2023-01-23T10:48:55Z
266464000,9.145548,53.893530,2023-01-23T10:49:28Z
266464000,9.145637,53.893578,2023-01-23T10:50:17Z
266464000,9.145863,53.893684,2023-01-23T10:50:55Z
266464000,9.145948,53.893709,2023-01-23T10:51:27Z
266464000,9.145999,53.893721,2023-01-23T10:52:17Z
266464000,9.146031,53.893791,2023-01-23T10:52:55Z
266464000,9.146106,53.893821,2023-01-23T10:53:26Z
266464000,9.146136,53.893842,2023-01-23T10:54:17Z
266464000,9.146093,53.893793,2023-01-23T10:54:55Z
266464000,9.146092,53.893832,2023-01-23T10:55:25Z
266464000,9.146087,53.893837,2023-01-23T10:56:17Z
266464000,9.146129,53.893822,2023-01-23T10:56:55Z
266464000,9.146077,53.893806,2023-01-23T10:57:28Z
266464000,9.146044,53.893791,2023-01-23T10:58:16Z
266464000,9.146061,53.893846,2023-01-23T10:58:54Z
266464000,9.146079,53.893847,2023-01-23T10:59:25Z
266464000,9.146097,53.893839,2023-01-23T11:00:17Z
266464000,9.146087,53.893809,2023-01-23T11:00:54Z
266464000,9.146121,53.893807,2023-01-23T11:01:27Z
266464000,9.146088,53.893831,2023-01-23T11:02:16Z
266464000,9.146108,53.893805,2023-01-23T11:02:54Z
266464000,9.146066,53.893785,2023-01-23T11:03:27Z
266464000,9.146111,53.893801,2023-01-23T11:04:04Z
266464000,9.146085,53.893835,2023-01-23T11:04:44Z
266464000,9.146038,53.893825,2023-01-23T11:05:17Z
266464000,9.146098,53.893810,2023-01-23T11:05:55Z
266464000,9.146070,53.893813,2023-01-23T11:06:28Z
266464000,9.146101,53.893796,2023-01-23T11:07:04Z
266464000,9.146065,53.893793,2023-01-23T11:07:44Z
266464000,9.146050,53.893791,2023-01-23T11:08:16Z
266464000,9.146075,53.893800,2023-01-23T11:08:54Z
266464000,9.146118,53.893801,2023-01-23T11:09:25Z
266464000,9.146116,53.893815,2023-01-23T11:10:04Z
266464000,9.146111,53.893813,2023-01-23T11:10:36Z
266464000,9.146076,53.893803,2023-01-23T11:11:16Z
266464000,9.146098,53.893786,2023-01-23T11:11:54Z
266464000,9.146101,53.893798,2023-01-23T11:12:25Z
266464000,9.146083,53.893800,2023-01-23T11:13:04Z
266464000,9.146140,53.893823,2023-01-23T11:13:36Z
266464000,9.146120,53.893861,2023-01-23T11:14:18Z
266464000,9.146100,53.893831,2023-01-23T11:14:54Z
266464000,9.146096,53.893851,2023-01-23T11:15:25Z
266464000,9.146081,53.893825,2023-01-23T11:16:04Z
266464000,9.146071,53.893816,2023-01-23T11:16:36Z
266464000,9.146091,53.893816,2023-01-23T11:17:18Z
266464000,9.146118,53.893798,2023-01-23T11:17:54Z
266464000,9.146101,53.893783,2023-01-23T11:18:25Z
266464000,9.146148,53.893816,2023-01-23T11:19:17Z
266464000,9.146105,53.893806,2023-01-23T11:19:54Z
266464000,9.146133,53.893810,2023-01-23T11:20:28Z
266464000,9.146143,53.893816,2023-01-23T11:21:18Z
266464000,9.146143,53.893815,2023-01-23T11:21:54Z
266464000,9.146151,53.893826,2023-01-23T11:22:28Z
266464000,9.146162,53.893835,2023-01-23T11:23:16Z
266464000,9.146650,53.894029,2023-01-23T11:23:54Z
266464000,9.146868,53.894131,2023-01-23T11:24:25Z
266464000,9.147366,53.894352,2023-01-23T11:25:18Z
266464000,9.148538,53.894965,2023-01-23T11:25:56Z
266464000,9.149323,53.895385,2023-01-23T11:26:28Z
266464000,9.150227,53.895862,2023-01-23T11:27:17Z
266464000,9.152174,53.897026,2023-01-23T11:27:56Z
266464000,9.153068,53.897523,2023-01-23T11:28:28Z
266464000,9.154020,53.898055,2023-01-23T11:29:18Z
266464000,9.155679,53.898927,2023-01-23T11:29:55Z
266464000,9.156506,53.899351,2023-01-23T11:30:27Z
266464000,9.157274,53.899762,2023-01-23T11:31:16Z
266464000,9.158699,53.900531,2023-01-23T11:31:55Z
266464000,9.159385,53.900916,2023-01-23T11:32:28Z
266464000,9.160048,53.901258,2023-01-23T11:33:18Z
266464000,9.161354,53.901948,2023-01-23T11:33:55Z
266464000,9.161960,53.902280,2023-01-23T11:34:26Z
266464000,9.162496,53.902611,2023-01-23T11:35:16Z
266464000,9.163569,53.903247,2023-01-23T11:35:55Z
266464000,9.164156,53.903567,2023-01-23T11:36:28Z
266464000,9.164657,53.903825,2023-01-23T11:37:16Z
266464000,9.165648,53.904387,2023-01-23T11:37:55Z
266464000,9.166139,53.904652,2023-01-23T11:38:28Z
266464000,9.166592,53.904929,2023-01-23T11:39:14Z
266464000,9.167404,53.905327,2023-01-23T11:39:45Z
266464000,9.167542,53.905384,2023-01-23T11:40:16Z
266464000,9.168507,53.905859,2023-01-23T11:40:54Z
266464000,9.168806,53.906035,2023-01-23T11:41:25Z
266464000,9.169366,53.906337,2023-01-23T11:42:15Z
266464000,9.170266,53.906779,2023-01-23T11:42:54Z
266464000,9.170553,53.906923,2023-01-23T11:43:26Z
266464000,9.171091,53.907193,2023-01-23T11:44:17Z
266464000,9.171859,53.907598,2023-01-23T11:44:54Z
266464000,9.172089,53.907747,2023-01-23T11:45:26Z
266464000,9.172312,53.907870,2023-01-23T11:46:17Z
266464000,9.172879,53.908088,2023-01-23T11:46:54Z
266464000,9.173171,53.908206,2023-01-23T11:47:27Z
266464000,9.173472,53.908326,2023-01-23T11:48:16Z
266464000,9.174045,53.908602,2023-01-23T11:48:55Z
266464000,9.174335,53.908741,2023-01-23T11:49:28Z
266464000,9.174633,53.908885,2023-01-23T11:50:16Z
266464000,9.175046,53.909098,2023-01-23T11:50:46Z
266464000,9.175110,53.909136,2023-01-23T11:51:16Z
266464000,9.175531,53.909338,2023-01-23T11:51:55Z
266464000,9.175737,53.909442,2023-01-23T11:52:28Z
266464000,9.175932,53.909539,2023-01-23T11:53:17Z
266464000,9.176342,53.909756,2023-01-23T11:53:55Z
266464000,9.176588,53.909875,2023-01-23T11:54:27Z
266464000,9.176889,53.910027,2023-01-23T11:55:16Z
266464000,9.177834,53.910549,2023-01-23T11:55:55Z
266464000,9.178475,53.910910,2023-01-23T11:56:28Z
266464000,9.179223,53.911333,2023-01-23T11:57:17Z
244017000,9.179384,53.911829,2023-01-23T10:22:59Z
244017000,9.177830,53.911000,2023-01-23T10:23:39Z
244017000,9.177034,53.910602,2023-01-23T10:24:12Z
244017000,9.175144,53.909623,2023-01-23T10:24:49Z
244017000,9.174392,53.909237,2023-01-23T10:25:22Z
244017000,9.172537,53.908297,2023-01-23T10:25:59Z
244017000,9.171504,53.907734,2023-01-23T10:26:30Z
244017000,9.170392,53.907095,2023-01-23T10:27:12Z
244017000,9.168555,53.906190,2023-01-23T10:27:49Z
244017000,9.167870,53.905818,2023-01-23T10:28:22Z
244017000,9.166089,53.904917,2023-01-23T10:28:59Z
244017000,9.165072,53.904332,2023-01-23T10:29:32Z
244017000,9.164069,53.903790,2023-01-23T10:30:13Z
244017000,9.162377,53.902883,2023-01-23T10:30:49Z
244017000,9.161627,53.902522,2023-01-23T10:31:23Z
244017000,9.160159,53.901723,2023-01-23T10:31:59Z
244017000,9.159319,53.901252,2023-01-23T10:32:30Z
244017000,9.158516,53.900799,2023-01-23T10:33:12Z
244017000,9.157197,53.900112,2023-01-23T10:33:49Z
244017000,9.156721,53.899857,2023-01-23T10:34:23Z
244017000,9.155601,53.899259,2023-01-23T10:34:59Z
244017000,9.154967,53.898912,2023-01-23T10:35:30Z
244017000,9.154362,53.898593,2023-01-23T10:36:12Z
244017000,9.153347,53.898130,2023-01-23T10:36:49Z
244017000,9.152991,53.897935,2023-01-23T10:37:23Z
244017000,9.152159,53.897457,2023-01-23T10:37:59Z
244017000,9.151659,53.897184,2023-01-23T10:38:30Z
244017000,9.151154,53.896918,2023-01-23T10:39:13Z
244017000,9.150341,53.896489,2023-01-23T10:39:49Z
244017000,9.150064,53.896333,2023-01-23T10:40:21Z
244017000,9.149301,53.895934,2023-01-23T10:40:59Z
244017000,9.148917,53.895706,2023-01-23T10:41:30Z
244017000,9.148532,53.895494,2023-01-23T10:42:12Z
244017000,9.147999,53.895235,2023-01-23T10:42:50Z
244017000,9.147812,53.895144,2023-01-23T10:43:25Z
244017000,9.147304,53.894900,2023-01-23T10:43:58Z
244017000,9.147043,53.894757,2023-01-23T10:44:29Z
244017000,9.146795,53.894619,2023-01-23T10:45:14Z
244017000,9.146585,53.894482,2023-01-23T10:45:48Z
244017000,9.146512,53.894438,2023-01-23T10:46:23Z
244017000,9.146297,53.894335,2023-01-23T10:46:58Z
244017000,9.146150,53.894263,2023-01-23T10:47:30Z
244017000,9.146025,53.894203,2023-01-23T10:48:12Z
244017000,9.145959,53.894152,2023-01-23T10:48:48Z
244017000,9.145956,53.894126,2023-01-23T10:49:22Z
244017000,9.145892,53.894090,2023-01-23T10:49:58Z
244017000,9.145844,53.894054,2023-01-23T10:50:29Z
244017000,9.145797,53.894038,2023-01-23T10:51:00Z
244017000,9.145784,53.894031,2023-01-23T10:51:39Z
244017000,9.145769,53.894016,2023-01-23T10:52:12Z
244017000,9.145789,53.894035,2023-01-23T10:52:48Z
244017000,9.145789,53.894042,2023-01-23T10:53:23Z
244017000,9.145781,53.894042,2023-01-23T10:54:00Z
244017000,9.145774,53.894065,2023-01-23T10:54:30Z
244017000,9.145786,53.894077,2023-01-23T10:55:14Z
244017000,9.145832,53.894072,2023-01-23T10:55:48Z
244017000,9.145792,53.894092,2023-01-23T10:56:22Z
244017000,9.145804,53.894054,2023-01-23T10:57:00Z
244017000,9.145816,53.894037,2023-01-23T10:57:30Z
244017000,9.145837,53.894029,2023-01-23T10:58:12Z
244017000,9.145801,53.894040,2023-01-23T10:58:49Z
244017000,9.145801,53.894044,2023-01-23T10:59:22Z
244017000,9.145777,53.894042,2023-01-23T10:59:58Z
244017000,9.145717,53.894072,2023-01-23T11:00:30Z
244017000,9.145742,53.894055,2023-01-23T11:01:14Z
244017000,9.145739,53.894005,2023-01-23T11:01:49Z
244017000,9.145784,53.893960,2023-01-23T11:02:21Z
244017000,9.145896,53.894030,2023-01-23T11:02:58Z
244017000,9.145889,53.894040,2023-01-23T11:03:30Z
244017000,9.145857,53.894035,2023-01-23T11:04:12Z
244017000,9.145834,53.894014,2023-01-23T11:04:49Z
244017000,9.145836,53.894002,2023-01-23T11:05:23Z
244017000,9.145829,53.894000,2023-01-23T11:05:58Z
244017000,9.145799,53.894005,2023-01-23T11:06:30Z
244017000,9.145794,53.894010,2023-01-23T11:07:13Z
244017000,9.145796,53.894014,2023-01-23T11:07:49Z
244017000,9.145801,53.894014,2023-01-23T11:08:21Z
244017000,9.145827,53.894017,2023-01-23T11:08:58Z
244017000,9.145827,53.894014,2023-01-23T11:09:31Z
244017000,9.145802,53.894024,2023-01-23T11:10:12Z
244017000,9.145806,53.894020,2023-01-23T11:10:49Z
244017000,9.145796,53.894020,2023-01-23T11:11:21Z
244017000,9.145809,53.894037,2023-01-23T11:11:58Z
244017000,9.145819,53.894034,2023-01-23T11:12:31Z
244017000,9.145826,53.894035,2023-01-23T11:13:12Z
244017000,9.145827,53.894029,2023-01-23T11:13:50Z
244017000,9.145852,53.894010,2023-01-23T11:14:23Z
244017000,9.145841,53.894014,2023-01-23T11:14:58Z
244017000,9.145817,53.894017,2023-01-23T11:15:29Z
244017000,9.145794,53.894029,2023-01-23T11:16:13Z
244017000,9.145799,53.894029,2023-01-23T11:16:50Z
244017000,9.145812,53.894030,2023-01-23T11:17:23Z
244017000,9.145827,53.894015,2023-01-23T11:17:59Z
244017000,9.145821,53.894009,2023-01-23T11:18:31Z
244017000,9.145827,53.894022,2023-01-23T11:19:13Z
244017000,9.145831,53.894019,2023-01-23T11:19:50Z
244017000,9.145827,53.894019,2023-01-23T11:20:21Z
244017000,9.145824,53.894024,2023-01-23T11:20:59Z
244017000,9.145829,53.894024,2023-01-23T11:21:32Z
244017000,9.145831,53.894025,2023-01-23T11:22:13Z
244017000,9.145812,53.894040,2023-01-23T11:22:49Z
244017000,9.145822,53.894047,2023-01-23T11:23:21Z
244017000,9.145817,53.894029,2023-01-23T11:23:59Z
244017000,9.145812,53.894028,2023-01-23T11:24:31Z
244017000,9.145785,53.894035,2023-01-23T11:25:13Z
244017000,9.145767,53.894037,2023-01-23T11:25:49Z
244017000,9.145767,53.894035,2023-01-23T11:26:22Z
244017000,9.145667,53.893993,2023-01-23T11:26:59Z
244017000,9.145530,53.893949,2023-01-23T11:27:29Z
244017000,9.145349,53.893847,2023-01-23T11:28:13Z
244017000,9.144896,53.893598,2023-01-23T11:28:49Z
244017000,9.144637,53.893482,2023-01-23T11:29:24Z
244017000,9.143969,53.893147,2023-01-23T11:29:59Z
244017000,9.143542,53.892905,2023-01-23T11:30:30Z
244017000,9.143069,53.892639,2023-01-23T11:31:13Z
244017000,9.142107,53.892194,2023-01-23T11:31:49Z
244017000,9.141737,53.891964,2023-01-23T11:32:22Z
244017000,9.140656,53.891328,2023-01-23T11:32:59Z
244017000,9.139934,53.890952,2023-01-23T11:33:31Z
244017000,9.139079,53.890537,2023-01-23T11:34:12Z
244017000,9.137414,53.889693,2023-01-23T11:34:49Z
244017000,9.136594,53.889288,2023-01-23T11:35:21Z
244017000,9.134329,53.888097,2023-01-23T11:35:59Z
244017000,9.133017,53.887307,2023-01-23T11:36:30Z
244017000,9.131569,53.886125,2023-01-23T11:37:03Z
244017000,9.130173,53.885179,2023-01-23T11:37:33Z
244017000,9.128962,53.884163,2023-01-23T11:38:03Z
244017000,9.127539,53.883127,2023-01-23T11:38:33Z
244017000,9.126070,53.882390,2023-01-23T11:39:10Z
244017000,9.123547,53.881507,2023-01-23T11:39:42Z
244017000,9.122365,53.881262,2023-01-23T11:40:12Z
244017000,9.119223,53.880732,2023-01-23T11:40:48Z
244017000,9.117783,53.880522,2023-01-23T11:41:23Z
244017000,9.114124,53.880177,2023-01-23T11:42:00Z
244017000,9.111145,53.879873,2023-01-23T11:42:40Z
244017000,9.109763,53.879735,2023-01-23T11:43:13Z
212949000,9.178299,53.912074,2023-01-23T10:27:49Z
212949000,9.177438,53.911593,2023-01-23T10:28:22Z
212949000,9.175460,53.910512,2023-01-23T10:28:59Z
212949000,9.174254,53.909876,2023-01-23T10:29:32Z
212949000,9.173038,53.909226,2023-01-23T10:30:10Z
212949000,9.170954,53.908143,2023-01-23T10:30:49Z
212949000,9.170138,53.907693,2023-01-23T10:31:22Z
212949000,9.168110,53.906612,2023-01-23T10:31:58Z
212949000,9.166810,53.905946,2023-01-23T10:32:30Z
212949000,9.165677,53.905346,2023-01-23T10:33:09Z
212949000,9.163771,53.904376,2023-01-23T10:33:49Z
212949000,9.163093,53.904012,2023-01-23T10:34:22Z
212949000,9.161788,53.903343,2023-01-23T10:34:59Z
212949000,9.161093,53.902979,2023-01-23T10:35:30Z
212949000,9.160443,53.902646,2023-01-23T10:36:09Z
212949000,9.159349,53.902082,2023-01-23T10:36:49Z
212949000,9.158893,53.901846,2023-01-23T10:37:23Z
212949000,9.157749,53.901248,2023-01-23T10:37:59Z
212949000,9.157099,53.900915,2023-01-23T10:38:30Z
212949000,9.156493,53.900612,2023-01-23T10:39:10Z
212949000,9.155538,53.900143,2023-01-23T10:39:49Z
212949000,9.155154,53.899943,2023-01-23T10:40:22Z
212949000,9.154338,53.899510,2023-01-23T10:40:58Z
212949000,9.153821,53.899243,2023-01-23T10:41:30Z
212949000,9.153304,53.898960,2023-01-23T10:42:10Z
212949000,9.152349,53.898457,2023-01-23T10:42:49Z
212949000,9.151988,53.898260,2023-01-23T10:43:25Z
212949000,9.151143,53.897829,2023-01-23T10:43:58Z
212949000,9.150671,53.897610,2023-01-23T10:44:29Z
212949000,9.150249,53.897424,2023-01-23T10:45:11Z
212949000,9.149665,53.897124,2023-01-23T10:45:49Z
212949000,9.149515,53.897040,2023-01-23T10:46:22Z
212949000,9.149182,53.896874,2023-01-23T10:46:59Z
212949000,9.149043,53.896788,2023-01-23T10:47:30Z
212949000,9.148932,53.896724,2023-01-23T10:48:10Z
212949000,9.148832,53.896657,2023-01-23T10:48:49Z
212949000,9.148804,53.896643,2023-01-23T10:49:22Z
212949000,9.148638,53.896543,2023-01-23T10:49:59Z
212949000,9.148527,53.896496,2023-01-23T10:50:29Z
212949000,9.148454,53.896443,2023-01-23T10:51:10Z
212949000,9.148421,53.896426,2023-01-23T10:51:49Z
212949000,9.148427,53.896429,2023-01-23T10:52:22Z
212949000,9.148366,53.896382,2023-01-23T10:52:59Z
212949000,9.148210,53.896296,2023-01-23T10:53:31Z
212949000,9.147993,53.896212,2023-01-23T10:54:10Z
212949000,9.147549,53.895990,2023-01-23T10:54:48Z
212949000,9.147365,53.895907,2023-01-23T10:55:22Z
212949000,9.146838,53.895610,2023-01-23T10:55:59Z
212949000,9.146504,53.895426,2023-01-23T10:56:30Z
212949000,9.146271,53.895326,2023-01-23T10:57:10Z
212949000,9.146038,53.895193,2023-01-23T10:57:48Z
212949000,9.145938,53.895126,2023-01-23T10:58:21Z
212949000,9.145677,53.894996,2023-01-23T10:58:59Z
212949000,9.145560,53.894929,2023-01-23T10:59:29Z
212949000,9.145504,53.894910,2023-01-23T11:00:10Z
212949000,9.145510,53.894912,2023-01-23T11:00:49Z
212949000,9.145510,53.894912,2023-01-23T11:01:24Z
212949000,9.145510,53.894912,2023-01-23T11:01:58Z
212949000,9.145510,53.894912,2023-01-23T11:02:29Z
212949000,9.145510,53.894912,2023-01-23T11:03:09Z
212949000,9.145510,53.894912,2023-01-23T11:03:48Z
212949000,9.145510,53.894912,2023-01-23T11:04:21Z
212949000,9.145510,53.894912,2023-01-23T11:05:10Z
212949000,9.145510,53.894912,2023-01-23T11:05:48Z
212949000,9.145510,53.894912,2023-01-23T11:06:26Z
212949000,9.145510,53.894912,2023-01-23T11:06:58Z
212949000,9.145510,53.894912,2023-01-23T11:07:28Z
212949000,9.145510,53.894912,2023-01-23T11:08:09Z
212949000,9.145510,53.894912,2023-01-23T11:08:48Z
212949000,9.145510,53.894912,2023-01-23T11:09:26Z
212949000,9.145510,53.894912,2023-01-23T11:09:58Z
212949000,9.145510,53.894912,2023-01-23T11:10:39Z
212949000,9.145510,53.894912,2023-01-23T11:11:10Z
212949000,9.145510,53.894912,2023-01-23T11:11:48Z
212949000,9.145510,53.894912,2023-01-23T11:12:23Z
212949000,9.145510,53.894912,2023-01-23T11:12:58Z
212949000,9.145510,53.894912,2023-01-23T11:13:29Z
212949000,9.145510,53.894912,2023-01-23T11:14:11Z
212949000,9.145510,53.894912,2023-01-23T11:14:48Z
212949000,9.145493,53.894912,2023-01-23T11:15:26Z
212949000,9.145493,53.894912,2023-01-23T11:15:58Z
212949000,9.145493,53.894912,2023-01-23T11:16:29Z
212949000,9.145493,53.894912,2023-01-23T11:17:11Z
212949000,9.145493,53.894912,2023-01-23T11:17:48Z
212949000,9.145493,53.894912,2023-01-23T11:18:23Z
212949000,9.145493,53.894912,2023-01-23T11:19:11Z
212949000,9.145493,53.894912,2023-01-23T11:19:48Z
212949000,9.145493,53.894912,2023-01-23T11:20:21Z
212949000,9.145493,53.894912,2023-01-23T11:20:58Z
212949000,9.145493,53.894912,2023-01-23T11:21:31Z
212949000,9.145477,53.894896,2023-01-23T11:22:10Z
212949000,9.145188,53.894743,2023-01-23T11:22:48Z
212949000,9.144988,53.894643,2023-01-23T11:23:21Z
212949000,9.144271,53.894243,2023-01-23T11:23:58Z
212949000,9.143771,53.893943,2023-01-23T11:24:30Z
212949000,9.143199,53.893640,2023-01-23T11:25:11Z
212949000,9.141860,53.892854,2023-01-23T11:25:49Z
212949000,9.141277,53.892521,2023-01-23T11:26:22Z
212949000,9.139365,53.891424,2023-01-23T11:26:58Z
212949000,9.137955,53.890668,2023-01-23T11:27:29Z
212949000,9.136521,53.889843,2023-01-23T11:28:11Z
212949000,9.133327,53.888196,2023-01-23T11:28:49Z
212949000,9.132054,53.887460,2023-01-23T11:29:23Z
212949000,9.128894,53.885370,2023-01-23T11:29:58Z
212949000,9.126795,53.884161,2023-01-23T11:30:29Z
212949000,9.124717,53.883056,2023-01-23T11:31:11Z
212949000,9.120776,53.881607,2023-01-23T11:31:49Z
212949000,9.119202,53.881230,2023-01-23T11:32:22Z
212949000,9.115226,53.880647,2023-01-23T11:32:59Z
212949000,9.112826,53.880330,2023-01-23T11:33:31Z
212949000,9.110443,53.879997,2023-01-23T11:34:09Z
212949000,9.103081,53.884670,2023-01-23T23:51:35Z
212949000,9.103798,53.884754,2023-01-23T23:52:09Z
212949000,9.105648,53.884937,2023-01-23T23:52:47Z
212949000,9.106374,53.885003,2023-01-23T23:53:21Z
212949000,9.108383,53.885186,2023-01-23T23:53:56Z
212949000,9.109583,53.885286,2023-01-23T23:54:28Z
212949000,9.110950,53.885402,2023-01-23T23:55:10Z
212949000,9.113117,53.885569,2023-01-23T23:55:45Z
212949000,9.114067,53.885652,2023-01-23T23:56:23Z
212949000,9.116359,53.885835,2023-01-23T23:56:56Z
212949000,9.117702,53.885951,2023-01-23T23:57:28Z
212949000,9.119169,53.886051,2023-01-23T23:58:09Z
212949000,9.121478,53.886217,2023-01-23T23:58:45Z
212949000,9.122511,53.886267,2023-01-23T23:59:24Z
212949000,9.124874,53.886403,2023-01-23T23:59:56Z
212949000,9.125788,53.886455,2023-01-24T00:00:26Z
212949000,9.127791,53.886626,2023-01-24T00:01:09Z
212949000,9.130106,53.886953,2023-01-24T00:01:46Z
212949000,9.131020,53.887107,2023-01-24T00:02:22Z
212949000,9.132963,53.887531,2023-01-24T00:02:56Z
212949000,9.133977,53.887808,2023-01-24T00:03:29Z
212949000,9.134945,53.888199,2023-01-24T00:04:10Z
212949000,9.136183,53.888827,2023-01-24T00:04:46Z
212949000,9.136632,53.889087,2023-01-24T00:05:23Z
212949000,9.137738,53.889589,2023-01-24T00:05:55Z
212949000,9.138450,53.889894,2023-01-24T00:06:29Z
212949000,9.139073,53.890197,2023-01-24T00:07:10Z
212949000,9.140089,53.890713,2023-01-24T00:07:46Z
212949000,9.140501,53.890885,2023-01-24T00:08:23Z
212949000,9.141396,53.891274,2023-01-24T00:08:55Z
212949000,9.141879,53.891524,2023-01-24T00:09:28Z
212949000,9.142346,53.891757,2023-01-24T00:10:10Z
212949000,9.143129,53.892190,2023-01-24T00:10:46Z
212949000,9.143390,53.892354,2023-01-24T00:11:22Z
212949000,9.144007,53.892688,2023-01-24T00:11:55Z
212949000,9.144307,53.892871,2023-01-24T00:12:28Z
212949000,9.144590,53.893004,2023-01-24T00:13:10Z
212949000,9.145046,53.893240,2023-01-24T00:13:46Z
212949000,9.145196,53.893324,2023-01-24T00:14:20Z
212949000,9.145529,53.893524,2023-01-24T00:14:55Z
212949000,9.145629,53.893574,2023-01-24T00:15:25Z
212949000,9.145773,53.893671,2023-01-24T00:16:09Z
212949000,9.145957,53.893771,2023-01-24T00:16:46Z
212949000,9.145990,53.893788,2023-01-24T00:17:23Z
212949000,9.146023,53.893804,2023-01-24T00:17:55Z
212949000,9.146040,53.893821,2023-01-24T00:18:25Z
212949000,9.146073,53.893838,2023-01-24T00:19:11Z
212949000,9.146140,53.893871,2023-01-24T00:19:46Z
212949000,9.146173,53.893888,2023-01-24T00:20:23Z
212949000,9.146196,53.893890,2023-01-24T00:20:55Z
212949000,9.146190,53.893888,2023-01-24T00:21:27Z
212949000,9.146190,53.893888,2023-01-24T00:22:10Z
212949000,9.146190,53.893888,2023-01-24T00:22:45Z
212949000,9.146190,53.893904,2023-01-24T00:23:24Z
212949000,9.146190,53.893904,2023-01-24T00:23:56Z
212949000,9.146190,53.893904,2023-01-24T00:24:36Z
212949000,9.146190,53.893904,2023-01-24T00:25:10Z
212949000,9.146190,53.893904,2023-01-24T00:25:45Z
212949000,9.146190,53.893904,2023-01-24T00:26:22Z
212949000,9.146190,53.893904,2023-01-24T00:27:10Z
212949000,9.146190,53.893888,2023-01-24T00:27:45Z
212949000,9.146190,53.893888,2023-01-24T00:28:21Z
212949000,9.146190,53.893888,2023-01-24T00:29:10Z
212949000,9.146190,53.893888,2023-01-24T00:29:47Z
212949000,9.146196,53.893890,2023-01-24T00:30:23Z
212949000,9.146196,53.893890,2023-01-24T00:30:56Z
212949000,9.146196,53.893890,2023-01-24T00:31:28Z
212949000,9.146196,53.893890,2023-01-24T00:32:10Z
212949000,9.146196,53.893890,2023-01-24T00:32:47Z
212949000,9.146196,53.893890,2023-01-24T00:33:23Z
212949000,9.146196,53.893890,2023-01-24T00:33:56Z
212949000,9.146196,53.893890,2023-01-24T00:34:36Z
212949000,9.146196,53.893890,2023-01-24T00:35:09Z
212949000,9.146196,53.893890,2023-01-24T00:35:46Z
212949000,9.146196,53.893890,2023-01-24T00:36:23Z
212949000,9.146196,53.893890,2023-01-24T00:36:55Z
212949000,9.146196,53.893890,2023-01-24T00:37:27Z
212949000,9.146196,53.893890,2023-01-24T00:38:10Z
212949000,9.146196,53.893890,2023-01-24T00:38:46Z
212949000,9.146196,53.893890,2023-01-24T00:39:20Z
212949000,9.146196,53.893890,2023-01-24T00:39:55Z
212949000,9.146196,53.893890,2023-01-24T00:40:27Z
212949000,9.146196,53.893890,2023-01-24T00:41:10Z
212949000,9.146196,53.893890,2023-01-24T00:41:46Z
212949000,9.146196,53.893890,2023-01-24T00:42:22Z
212949000,9.146196,53.893890,2023-01-24T00:42:56Z
212949000,9.146196,53.893890,2023-01-24T00:43:27Z
212949000,9.146196,53.893890,2023-01-24T00:44:09Z
212949000,9.146196,53.893890,2023-01-24T00:44:47Z
212949000,9.146196,53.893890,2023-01-24T00:45:21Z
212949000,9.146196,53.893890,2023-01-24T00:45:56Z
212949000,9.146196,53.893890,2023-01-24T00:46:28Z
212949000,9.146196,53.893890,2023-01-24T00:47:10Z
212949000,9.146196,53.893890,2023-01-24T00:47:56Z
212949000,9.146196,53.893890,2023-01-24T00:48:28Z
212949000,9.146196,53.893890,2023-01-24T00:49:09Z
212949000,9.146196,53.893890,2023-01-24T00:49:47Z
212949000,9.146196,53.893890,2023-01-24T00:50:25Z
212949000,9.146196,53.893890,2023-01-24T00:50:56Z
212949000,9.146196,53.893890,2023-01-24T00:51:26Z
212949000,9.146196,53.893890,2023-01-24T00:52:10Z
212949000,9.146196,53.893890,2023-01-24T00:52:46Z
212949000,9.146196,53.893890,2023-01-24T00:53:21Z
212949000,9.146196,53.893890,2023-01-24T00:53:56Z
212949000,9.146196,53.893890,2023-01-24T00:54:26Z
212949000,9.146196,53.893907,2023-01-24T00:55:10Z
212949000,9.146196,53.893907,2023-01-24T00:55:46Z
212949000,9.146196,53.893907,2023-01-24T00:56:21Z
212949000,9.146323,53.893954,2023-01-24T00:56:55Z
212949000,9.146623,53.894088,2023-01-24T00:57:28Z
212949000,9.147062,53.894307,2023-01-24T00:58:09Z
212949000,9.148096,53.894840,2023-01-24T00:58:46Z
212949000,9.148696,53.895157,2023-01-24T00:59:20Z
212949000,9.150418,53.896076,2023-01-24T00:59:55Z
212949000,9.151607,53.896762,2023-01-24T01:00:29Z
212949000,9.152812,53.897482,2023-01-24T01:01:09Z
212949000,9.154751,53.898626,2023-01-24T01:01:46Z
212949000,9.155523,53.899062,2023-01-24T01:02:20Z
212949000,9.157385,53.900160,2023-01-24T01:02:55Z
212949000,9.158518,53.900793,2023-01-24T01:03:28Z
212949000,9.159635,53.901426,2023-01-24T01:04:10Z
212949000,9.161535,53.902493,2023-01-24T01:04:46Z
212949000,9.162229,53.902890,2023-01-24T01:05:21Z
212949000,9.164101,53.903910,2023-01-24T01:05:55Z
212949000,9.165218,53.904543,2023-01-24T01:06:28Z
212949000,9.166340,53.905162,2023-01-24T01:07:10Z
212949000,9.168229,53.906224,2023-01-24T01:07:46Z
212949000,9.168946,53.906624,2023-01-24T01:08:22Z
212949000,9.170846,53.907640,2023-01-24T01:08:56Z
212949000,9.171962,53.908257,2023-01-24T01:09:28Z
212949000,9.173096,53.908874,2023-01-24T01:10:09Z
212949000,9.174968,53.909893,2023-01-24T01:10:46Z
212949000,9.175729,53.910324,2023-01-24T01:11:21Z
212949000,9.177523,53.911304,2023-01-24T01:11:56Z
212949000,9.178640,53.911888,2023-01-24T01:12:29Z
304667000,9.187377,53.881859,2023-01-23T08:01:54Z
304667000,9.186325,53.881685,2023-01-23T08:02:25Z
304667000,9.184377,53.881445,2023-01-23T08:02:57Z
304667000,9.183212,53.881387,2023-01-23T08:03:28Z
304667000,9.181853,53.881439,2023-01-23T08:03:58Z
304667000,9.180637,53.881601,2023-01-23T08:04:34Z
304667000,9.180001,53.881677,2023-01-23T08:05:16Z
304667000,9.178518,53.881720,2023-01-23T08:05:54Z
304667000,9.177945,53.881568,2023-01-23T08:06:27Z
304667000,9.177396,53.881358,2023-01-23T08:07:16Z
304667000,9.176019,53.881093,2023-01-23T08:07:48Z
304667000,9.175529,53.881125,2023-01-23T08:08:19Z
304667000,9.174215,53.881350,2023-01-23T08:08:51Z
304667000,9.173775,53.881482,2023-01-23T08:09:22Z
304667000,9.173065,53.881759,2023-01-23T08:09:54Z
304667000,9.172686,53.881886,2023-01-23T08:10:27Z
304667000,9.172377,53.882002,2023-01-23T08:11:17Z
304667000,9.172028,53.882078,2023-01-23T08:11:54Z
304667000,9.172166,53.882128,2023-01-23T08:12:34Z
304667000,9.172316,53.882168,2023-01-23T08:13:16Z
304667000,9.172861,53.882291,2023-01-23T08:13:55Z
304667000,9.173136,53.882376,2023-01-23T08:14:28Z
304667000,9.173385,53.882458,2023-01-23T08:15:16Z
304667000,9.173859,53.882610,2023-01-23T08:15:55Z
304667000,9.174078,53.882677,2023-01-23T08:16:28Z
304667000,9.174345,53.882775,2023-01-23T08:17:04Z
304667000,9.174491,53.882864,2023-01-23T08:17:35Z
304667000,9.174581,53.882923,2023-01-23T08:18:17Z
304667000,9.174804,53.883043,2023-01-23T08:18:54Z
304667000,9.174897,53.883072,2023-01-23T08:19:25Z
304667000,9.175033,53.883145,2023-01-23T08:20:04Z
304667000,9.175119,53.883177,2023-01-23T08:20:35Z
304667000,9.175165,53.883198,2023-01-23T08:21:18Z
304667000,9.175236,53.883235,2023-01-23T08:21:55Z
304667000,9.175251,53.883245,2023-01-23T08:22:26Z
304667000,9.175230,53.883242,2023-01-23T08:23:04Z
304667000,9.175185,53.883238,2023-01-23T08:23:35Z
304667000,9.175175,53.883228,2023-01-23T08:24:17Z
304667000,9.175086,53.883245,2023-01-23T08:24:55Z
304667000,9.175044,53.883258,2023-01-23T08:25:30Z
304667000,9.174995,53.883297,2023-01-23T08:26:17Z
304667000,9.174887,53.883336,2023-01-23T08:26:54Z
304667000,9.174832,53.883360,2023-01-23T08:27:25Z
304667000,9.174755,53.883413,2023-01-23T08:28:19Z
304667000,9.174720,53.883422,2023-01-23T08:28:54Z
304667000,9.174720,53.883434,2023-01-23T08:29:24Z
304667000,9.174757,53.883429,2023-01-23T08:30:16Z
304667000,9.174833,53.883427,2023-01-23T08:30:54Z
304667000,9.174928,53.883380,2023-01-23T08:31:27Z
304667000,9.175035,53.883380,2023-01-23T08:32:17Z
304667000,9.175216,53.883380,2023-01-23T08:32:55Z
304667000,9.175287,53.883372,2023-01-23T08:33:28Z
304667000,9.175344,53.883367,2023-01-23T08:34:17Z
304667000,9.175579,53.883376,2023-01-23T08:34:55Z
304667000,9.175659,53.883398,2023-01-23T08:35:28Z
304667000,9.175719,53.883428,2023-01-23T08:36:17Z
304667000,9.175911,53.883489,2023-01-23T08:36:55Z
304667000,9.175971,53.883505,2023-01-23T08:37:27Z
304667000,9.176010,53.883505,2023-01-23T08:38:18Z
304667000,9.176151,53.883560,2023-01-23T08:38:55Z
304667000,9.176172,53.883557,2023-01-23T08:39:27Z
304667000,9.176219,53.883549,2023-01-23T08:40:16Z
304667000,9.176366,53.883525,2023-01-23T08:40:55Z
304667000,9.176363,53.883513,2023-01-23T08:41:27Z
304667000,9.176391,53.883490,2023-01-23T08:42:18Z
304667000,9.176435,53.883455,2023-01-23T08:42:55Z
304667000,9.176453,53.883436,2023-01-23T08:43:29Z
304667000,9.176453,53.883423,2023-01-23T08:44:18Z
304667000,9.176496,53.883356,2023-01-23T08:44:55Z
304667000,9.176546,53.883319,2023-01-23T08:45:28Z
304667000,9.176562,53.883291,2023-01-23T08:46:18Z
304667000,9.176575,53.883259,2023-01-23T08:46:55Z
304667000,9.176599,53.883262,2023-01-23T08:47:29Z
304667000,9.176608,53.883235,2023-01-23T08:48:18Z
304667000,9.176660,53.883218,2023-01-23T08:48:54Z
304667000,9.176652,53.883205,2023-01-23T08:49:25Z
304667000,9.176673,53.883207,2023-01-23T08:50:18Z
304667000,9.176666,53.883239,2023-01-23T08:50:54Z
304667000,9.176661,53.883240,2023-01-23T08:51:25Z
304667000,9.176624,53.883254,2023-01-23T08:52:17Z
304667000,9.176638,53.883272,2023-01-23T08:52:54Z
304667000,9.176625,53.883272,2023-01-23T08:53:25Z
304667000,9.176572,53.883270,2023-01-23T08:54:16Z
304667000,9.176566,53.883247,2023-01-23T08:54:54Z
304667000,9.176554,53.883247,2023-01-23T08:55:26Z
304667000,9.176521,53.883265,2023-01-23T08:56:04Z
304667000,9.176487,53.883269,2023-01-23T08:56:34Z
304667000,9.176501,53.883270,2023-01-23T08:57:19Z
304667000,9.176516,53.883262,2023-01-23T08:57:54Z
304667000,9.176506,53.883265,2023-01-23T08:58:25Z
304667000,9.176507,53.883254,2023-01-23T08:59:04Z
304667000,9.176487,53.883254,2023-01-23T08:59:34Z
304667000,9.176485,53.883247,2023-01-23T09:00:19Z
304667000,9.176498,53.883270,2023-01-23T09:00:55Z
304667000,9.176505,53.883267,2023-01-23T09:01:25Z
304667000,9.176555,53.883263,2023-01-23T09:02:04Z
304667000,9.176555,53.883287,2023-01-23T09:02:34Z
304667000,9.176550,53.883299,2023-01-23T09:03:19Z
304667000,9.176594,53.883328,2023-01-23T09:03:55Z
304667000,9.176613,53.883351,2023-01-23T09:04:28Z
304667000,9.176626,53.883416,2023-01-23T09:05:04Z
304667000,9.176557,53.883463,2023-01-23T09:05:35Z
304667000,9.176505,53.883502,2023-01-23T09:06:19Z
304667000,9.176406,53.883620,2023-01-23T09:06:55Z
304667000,9.176285,53.883697,2023-01-23T09:07:28Z
304667000,9.176184,53.883770,2023-01-23T09:08:04Z
304667000,9.176109,53.883790,2023-01-23T09:08:35Z
304667000,9.176082,53.883778,2023-01-23T09:09:17Z
304667000,9.176237,53.883575,2023-01-23T09:09:54Z
304667000,9.176306,53.883532,2023-01-23T09:10:26Z
304667000,9.176355,53.883512,2023-01-23T09:11:17Z
304667000,9.176424,53.883550,2023-01-23T09:11:54Z
304667000,9.176498,53.883548,2023-01-23T09:12:28Z
304667000,9.176672,53.883501,2023-01-23T09:13:16Z
304667000,9.177053,53.883429,2023-01-23T09:13:54Z
304667000,9.177211,53.883440,2023-01-23T09:14:26Z
304667000,9.177398,53.883422,2023-01-23T09:15:17Z
304667000,9.177905,53.883397,2023-01-23T09:15:54Z
304667000,9.178085,53.883397,2023-01-23T09:16:26Z
304667000,9.178389,53.883397,2023-01-23T09:17:16Z
304667000,9.179060,53.883386,2023-01-23T09:17:54Z
304667000,9.179353,53.883381,2023-01-23T09:18:24Z
304667000,9.179919,53.883346,2023-01-23T09:19:17Z
304667000,9.180856,53.883285,2023-01-23T09:19:54Z
304667000,9.181413,53.883212,2023-01-23T09:20:27Z
304667000,9.181957,53.883130,2023-01-23T09:21:17Z
304667000,9.182934,53.883014,2023-01-23T09:21:54Z
304667000,9.183267,53.882979,2023-01-23T09:22:25Z
304667000,9.183891,53.883050,2023-01-23T09:23:04Z
304667000,9.184186,53.883123,2023-01-23T09:23:35Z
304667000,9.184311,53.883176,2023-01-23T09:24:17Z
304667000,9.184670,53.883324,2023-01-23T09:24:54Z
304667000,9.184774,53.883355,2023-01-23T09:25:24Z
304667000,9.184703,53.883452,2023-01-23T09:26:04Z
304667000,9.184409,53.883560,2023-01-23T09:26:35Z
304667000,9.184159,53.883639,2023-01-23T09:27:18Z
304667000,9.183400,53.883839,2023-01-23T09:27:54Z
304667000,9.183204,53.883943,2023-01-23T09:28:25Z
304667000,9.183089,53.884083,2023-01-23T09:29:17Z
304667000,9.183221,53.883963,2023-01-23T09:29:48Z
304667000,9.183279,53.883909,2023-01-23T09:30:19Z
304667000,9.183186,53.883435,2023-01-23T09:30:52Z
304667000,9.183044,53.883304,2023-01-23T09:31:22Z
304667000,9.182077,53.882938,2023-01-23T09:31:55Z
304667000,9.181191,53.882878,2023-01-23T09:32:27Z
304667000,9.180232,53.882859,2023-01-23T09:33:17Z
304667000,9.177958,53.882888,2023-01-23T09:33:55Z
304667000,9.176664,53.882889,2023-01-23T09:34:30Z
304667000,9.175257,53.882890,2023-01-23T09:35:18Z
304667000,9.172338,53.882859,2023-01-23T09:35:54Z
304667000,9.171155,53.882859,2023-01-23T09:36:25Z
304667000,9.169009,53.882850,2023-01-23T09:37:18Z
304667000,9.165546,53.882870,2023-01-23T09:37:54Z
304667000,9.164237,53.882877,2023-01-23T09:38:25Z
304667000,9.161984,53.882882,2023-01-23T09:39:18Z
304667000,9.158405,53.882904,2023-01-23T09:39:54Z
304667000,9.156475,53.882884,2023-01-23T09:40:27Z
304667000,9.154749,53.882894,2023-01-23T09:41:16Z
304667000,9.151013,53.882869,2023-01-23T09:41:54Z
304667000,9.149781,53.882853,2023-01-23T09:42:24Z
304667000,9.147389,53.882834,2023-01-23T09:43:19Z
304667000,9.143959,53.882739,2023-01-23T09:43:54Z
304667000,9.142945,53.882725,2023-01-23T09:44:25Z
304667000,9.140945,53.882697,2023-01-23T09:45:17Z
304667000,9.138099,53.882674,2023-01-23T09:45:54Z
304667000,9.137198,53.882663,2023-01-23T09:46:25Z
304667000,9.135411,53.882673,2023-01-23T09:47:17Z
304667000,9.132848,53.882648,2023-01-23T09:47:54Z
304667000,9.131577,53.882631,2023-01-23T09:48:28Z
304667000,9.130432,53.882598,2023-01-23T09:49:17Z
304667000,9.128162,53.882540,2023-01-23T09:49:55Z
304667000,9.127425,53.882523,2023-01-23T09:50:25Z
304667000,9.126019,53.882486,2023-01-23T09:51:17Z
304667000,9.123955,53.882481,2023-01-23T09:51:55Z
304667000,9.123257,53.882441,2023-01-23T09:52:25Z
304667000,9.121639,53.882408,2023-01-23T09:53:04Z
304667000,9.120264,53.882368,2023-01-23T09:53:45Z
304667000,9.120002,53.882366,2023-01-23T09:54:19Z
304667000,9.118145,53.882343,2023-01-23T09:54:54Z
304667000,9.117511,53.882337,2023-01-23T09:55:26Z
304667000,9.116099,53.882288,2023-01-23T09:56:04Z
304667000,9.115211,53.882242,2023-01-23T09:56:35Z
304667000,9.114724,53.882223,2023-01-23T09:57:18Z
304667000,9.113162,53.882143,2023-01-23T09:57:54Z
304667000,9.112597,53.882131,2023-01-23T09:58:25Z
304667000,9.111419,53.882104,2023-01-23T09:59:04Z
304667000,9.110719,53.882101,2023-01-23T09:59:34Z
304667000,9.110289,53.882098,2023-01-23T10:00:17Z
304667000,9.109019,53.882101,2023-01-23T10:00:54Z
304667000,9.108606,53.882123,2023-01-23T10:01:25Z
304667000,9.107649,53.882135,2023-01-23T10:02:04Z
304667000,9.107136,53.882135,2023-01-23T10:02:34Z
304667000,9.106794,53.882125,2023-01-23T10:03:17Z
304667000,9.105869,53.882077,2023-01-23T10:03:54Z
304667000,9.105390,53.882057,2023-01-23T10:04:26Z
304667000,9.104818,53.882048,2023-01-23T10:05:04Z
304667000,9.102795,53.884788,2023-01-23T10:24:33Z
304667000,9.103872,53.884989,2023-01-23T10:25:04Z
304667000,9.105265,53.885185,2023-01-23T10:25:45Z
304667000,9.105528,53.885222,2023-01-23T10:26:18Z
304667000,9.107683,53.885330,2023-01-23T10:26:54Z
304667000,9.108784,53.885370,2023-01-23T10:27:27Z
304667000,9.109773,53.885325,2023-01-23T10:28:17Z
304667000,9.111879,53.885327,2023-01-23T10:28:54Z
304667000,9.112587,53.885312,2023-01-23T10:29:27Z
304667000,9.113916,53.885349,2023-01-23T10:30:17Z
304667000,9.116002,53.885439,2023-01-23T10:30:54Z
304667000,9.116738,53.885474,2023-01-23T10:31:24Z
304667000,9.118226,53.885558,2023-01-23T10:32:17Z
304667000,9.120551,53.885729,2023-01-23T10:32:54Z
304667000,9.121773,53.885838,2023-01-23T10:33:27Z
304667000,9.122964,53.885943,2023-01-23T10:34:17Z
304667000,9.125528,53.886191,2023-01-23T10:34:55Z
304667000,9.126735,53.886335,2023-01-23T10:35:28Z
304667000,9.127955,53.886499,2023-01-23T10:36:17Z
304667000,9.130286,53.886869,2023-01-23T10:36:55Z
304667000,9.131019,53.887003,2023-01-23T10:37:25Z
304667000,9.132400,53.887285,2023-01-23T10:38:17Z
304667000,9.134252,53.887758,2023-01-23T10:38:55Z
304667000,9.135059,53.887990,2023-01-23T10:39:28Z
304667000,9.135765,53.888214,2023-01-23T10:40:16Z
304667000,9.136942,53.888640,2023-01-23T10:40:55Z
304667000,9.137269,53.888800,2023-01-23T10:41:25Z
304667000,9.137859,53.889067,2023-01-23T10:42:17Z
304667000,9.138636,53.889423,2023-01-23T10:42:55Z
304667000,9.138896,53.889555,2023-01-23T10:43:27Z
304667000,9.139442,53.889848,2023-01-23T10:44:03Z
304667000,9.139759,53.890020,2023-01-23T10:44:34Z
304667000,9.139923,53.890115,2023-01-23T10:45:18Z
304667000,9.140488,53.890396,2023-01-23T10:45:54Z
304667000,9.140676,53.890495,2023-01-23T10:46:24Z
304667000,9.141105,53.890743,2023-01-23T10:47:03Z
304667000,9.141265,53.890820,2023-01-23T10:47:34Z
304667000,9.141365,53.890876,2023-01-23T10:48:17Z
304667000,9.141809,53.891078,2023-01-23T10:48:54Z
304667000,9.142022,53.891190,2023-01-23T10:49:28Z
304667000,9.142225,53.891280,2023-01-23T10:50:04Z
304667000,9.142389,53.891354,2023-01-23T10:50:34Z
304667000,9.142512,53.891421,2023-01-23T10:51:17Z
304667000,9.142772,53.891553,2023-01-23T10:51:54Z
304667000,9.142876,53.891619,2023-01-23T10:52:28Z
304667000,9.142995,53.891702,2023-01-23T10:53:19Z
304667000,9.143230,53.891822,2023-01-23T10:53:54Z
304667000,9.143352,53.891867,2023-01-23T10:54:27Z
304667000,9.143475,53.891939,2023-01-23T10:55:04Z
304667000,9.143538,53.891982,2023-01-23T10:55:35Z
304667000,9.143617,53.892022,2023-01-23T10:56:17Z
304667000,9.143833,53.892142,2023-01-23T10:56:55Z
304667000,9.143942,53.892198,2023-01-23T10:57:28Z
304667000,9.144056,53.892244,2023-01-23T10:58:04Z
304667000,9.144149,53.892288,2023-01-23T10:58:35Z
304667000,9.144192,53.892299,2023-01-23T10:59:17Z
304667000,9.144316,53.892353,2023-01-23T10:59:55Z
304667000,9.144312,53.892373,2023-01-23T11:00:28Z
304667000,9.144300,53.892374,2023-01-23T11:01:19Z
304667000,9.144411,53.892384,2023-01-23T11:01:54Z
304667000,9.144337,53.892391,2023-01-23T11:02:27Z
304667000,9.144327,53.892399,2023-01-23T11:03:16Z
304667000,9.144332,53.892399,2023-01-23T11:03:54Z
304667000,9.144334,53.892386,2023-01-23T11:04:24Z
304667000,9.144326,53.892384,2023-01-23T11:05:18Z
304667000,9.144309,53.892391,2023-01-23T11:05:54Z
304667000,9.144297,53.892388,2023-01-23T11:06:27Z
304667000,9.144291,53.892384,2023-01-23T11:07:17Z
304667000,9.144324,53.892394,2023-01-23T11:07:54Z
304667000,9.144332,53.892394,2023-01-23T11:08:26Z
304667000,9.144351,53.892384,2023-01-23T11:09:17Z
304667000,9.144371,53.892399,2023-01-23T11:09:54Z
304667000,9.144347,53.892396,2023-01-23T11:10:24Z
304667000,9.144307,53.892394,2023-01-23T11:11:17Z
304667000,9.144256,53.892366,2023-01-23T11:11:54Z
304667000,9.144254,53.892359,2023-01-23T11:12:25Z
304667000,9.144246,53.892356,2023-01-23T11:13:16Z
304667000,9.144272,53.892373,2023-01-23T11:13:54Z
304667000,9.144242,53.892346,2023-01-23T11:14:25Z
304667000,9.144261,53.892348,2023-01-23T11:15:04Z
304667000,9.144262,53.892343,2023-01-23T11:15:35Z
304667000,9.144222,53.892328,2023-01-23T11:16:17Z
304667000,9.144249,53.892349,2023-01-23T11:16:55Z
304667000,9.144279,53.892366,2023-01-23T11:17:29Z
304667000,9.144267,53.892351,2023-01-23T11:18:18Z
304667000,9.144289,53.892354,2023-01-23T11:18:55Z
304667000,9.144286,53.892366,2023-01-23T11:19:28Z
304667000,9.144279,53.892371,2023-01-23T11:20:04Z
304667000,9.144272,53.892383,2023-01-23T11:20:34Z
304667000,9.144277,53.892373,2023-01-23T11:21:18Z
304667000,9.144296,53.892373,2023-01-23T11:21:54Z
304667000,9.144287,53.892378,2023-01-23T11:22:27Z
304667000,9.144267,53.892369,2023-01-23T11:23:04Z
304667000,9.144254,53.892361,2023-01-23T11:23:34Z
304667000,9.144249,53.892366,2023-01-23T11:24:17Z
304667000,9.144239,53.892354,2023-01-23T11:24:54Z
304667000,9.144231,53.892358,2023-01-23T11:25:25Z
304667000,9.144256,53.892378,2023-01-23T11:26:04Z
304667000,9.144285,53.892385,2023-01-23T11:26:44Z
304667000,9.144300,53.892394,2023-01-23T11:27:17Z
304667000,9.144472,53.892487,2023-01-23T11:27:54Z
304667000,9.144562,53.892529,2023-01-23T11:28:24Z
304667000,9.144893,53.892719,2023-01-23T11:29:04Z
304667000,9.145175,53.892872,2023-01-23T11:29:34Z
304667000,9.145375,53.892980,2023-01-23T11:30:17Z
304667000,9.146088,53.893360,2023-01-23T11:30:54Z
304667000,9.146500,53.893577,2023-01-23T11:31:26Z
304667000,9.147103,53.893884,2023-01-23T11:32:04Z
304667000,9.147627,53.894154,2023-01-23T11:32:34Z
304667000,9.147954,53.894323,2023-01-23T11:33:18Z
304667000,9.149277,53.894989,2023-01-23T11:33:54Z
304667000,9.150083,53.895402,2023-01-23T11:34:25Z
304667000,9.151035,53.895880,2023-01-23T11:35:16Z
304667000,9.152972,53.896909,2023-01-23T11:35:54Z
304667000,9.153869,53.897404,2023-01-23T11:36:27Z
304667000,9.154798,53.897904,2023-01-23T11:37:16Z
304667000,9.156598,53.898809,2023-01-23T11:37:55Z
304667000,9.157153,53.899116,2023-01-23T11:38:25Z
304667000,9.158206,53.899728,2023-01-23T11:39:14Z
304667000,9.159644,53.900565,2023-01-23T11:39:55Z
304667000,9.160289,53.900934,2023-01-23T11:40:26Z
304667000,9.160948,53.901294,2023-01-23T11:41:17Z
304667000,9.162262,53.901940,2023-01-23T11:41:55Z
304667000,9.162806,53.902276,2023-01-23T11:42:27Z
304667000,9.163311,53.902560,2023-01-23T11:43:17Z
304667000,9.164290,53.903105,2023-01-23T11:43:55Z
304667000,9.164763,53.903372,2023-01-23T11:44:28Z
304667000,9.165227,53.903632,2023-01-23T11:45:16Z
304667000,9.166105,53.904090,2023-01-23T11:45:55Z
304667000,9.166508,53.904289,2023-01-23T11:46:28Z
304667000,9.166869,53.904480,2023-01-23T11:47:16Z
304667000,9.167646,53.904865,2023-01-23T11:47:55Z
304667000,9.168007,53.905035,2023-01-23T11:48:28Z
304667000,9.168408,53.905209,2023-01-23T11:49:17Z
304667000,9.169117,53.905547,2023-01-23T11:49:55Z
304667000,9.169433,53.905690,2023-01-23T11:50:25Z
304667000,9.169748,53.905857,2023-01-23T11:51:16Z
304667000,9.170255,53.906165,2023-01-23T11:51:55Z
304667000,9.170462,53.906255,2023-01-23T11:52:27Z
304667000,9.170709,53.906402,2023-01-23T11:53:18Z
304667000,9.171330,53.906682,2023-01-23T11:53:54Z
304667000,9.171583,53.906815,2023-01-23T11:54:26Z
304667000,9.171873,53.906967,2023-01-23T11:55:03Z
304667000,9.172118,53.907122,2023-01-23T11:55:34Z
304667000,9.172282,53.907200,2023-01-23T11:56:17Z
304667000,9.172940,53.907522,2023-01-23T11:56:54Z
304667000,9.173277,53.907666,2023-01-23T11:57:24Z
304667000,9.174198,53.908184,2023-01-23T11:58:03Z
304667000,9.174969,53.908586,2023-01-23T11:58:35Z
304667000,9.175454,53.908839,2023-01-23T11:59:16Z
304667000,9.177184,53.909765,2023-01-23T11:59:54Z
304667000,9.178148,53.910291,2023-01-23T12:00:28Z
304667000,9.179025,53.910813,2023-01-23T12:01:17Z
256295000,9.103297,53.884034,2023-01-23T10:33:37Z
256295000,9.104314,53.884165,2023-01-23T10:34:15Z
256295000,9.106920,53.884473,2023-01-23T10:34:47Z
256295000,9.108278,53.884559,2023-01-23T10:35:22Z
256295000,9.111350,53.884709,2023-01-23T10:35:57Z
256295000,9.113275,53.884821,2023-01-23T10:36:29Z
256295000,9.114761,53.884928,2023-01-23T10:37:16Z
256295000,9.117861,53.885130,2023-01-23T10:37:47Z
256295000,9.119141,53.885208,2023-01-23T10:38:21Z
256295000,9.122377,53.885401,2023-01-23T10:38:57Z
256295000,9.124170,53.885532,2023-01-23T10:39:29Z
256295000,9.125956,53.885660,2023-01-23T10:40:15Z
256295000,9.128831,53.885848,2023-01-23T10:40:47Z
256295000,9.129828,53.885936,2023-01-23T10:41:21Z
256295000,9.132301,53.886141,2023-01-23T10:41:56Z
256295000,9.133295,53.886209,2023-01-23T10:42:27Z
256295000,9.134981,53.886325,2023-01-23T10:43:18Z
256295000,9.137619,53.886495,2023-01-23T10:43:56Z
256295000,9.138780,53.886654,2023-01-23T10:44:26Z
256295000,9.140117,53.887077,2023-01-23T10:45:00Z
256295000,9.140828,53.887455,2023-01-23T10:45:30Z
256295000,9.141527,53.887816,2023-01-23T10:46:16Z
256295000,9.142982,53.888460,2023-01-23T10:46:56Z
256295000,9.143642,53.888770,2023-01-23T10:47:30Z
256295000,9.144153,53.889056,2023-01-23T10:48:15Z
256295000,9.144906,53.889524,2023-01-23T10:48:46Z
256295000,9.145050,53.889600,2023-01-23T10:49:16Z
256295000,9.145894,53.890065,2023-01-23T10:49:56Z
256295000,9.146245,53.890293,2023-01-23T10:50:29Z
256295000,9.146504,53.890482,2023-01-23T10:51:15Z
256295000,9.146893,53.890794,2023-01-23T10:51:46Z
256295000,9.147062,53.890905,2023-01-23T10:52:22Z
256295000,9.147415,53.891141,2023-01-23T10:52:56Z
256295000,9.147510,53.891217,2023-01-23T10:53:26Z
256295000,9.147678,53.891358,2023-01-23T10:54:15Z
256295000,9.147829,53.891482,2023-01-23T10:54:46Z
256295000,9.147856,53.891502,2023-01-23T10:55:17Z
256295000,9.147949,53.891569,2023-01-23T10:55:56Z
256295000,9.147978,53.891583,2023-01-23T10:56:29Z
256295000,9.148002,53.891591,2023-01-23T10:57:16Z
256295000,9.147978,53.891583,2023-01-23T10:57:46Z
256295000,9.147971,53.891579,2023-01-23T10:58:21Z
256295000,9.147971,53.891574,2023-01-23T10:58:56Z
256295000,9.147962,53.891575,2023-01-23T10:59:29Z
256295000,9.147977,53.891595,2023-01-23T11:00:16Z
256295000,9.147994,53.891629,2023-01-23T11:00:47Z
256295000,9.147992,53.891629,2023-01-23T11:01:17Z
256295000,9.148001,53.891630,2023-01-23T11:01:56Z
256295000,9.148001,53.891629,2023-01-23T11:02:28Z
256295000,9.147981,53.891595,2023-01-23T11:03:15Z
256295000,9.147972,53.891594,2023-01-23T11:03:47Z
256295000,9.147971,53.891595,2023-01-23T11:04:22Z
256295000,9.147969,53.891590,2023-01-23T11:04:56Z
256295000,9.147972,53.891587,2023-01-23T11:05:30Z
256295000,9.147982,53.891584,2023-01-23T11:06:16Z
256295000,9.147987,53.891589,2023-01-23T11:06:46Z
256295000,9.148002,53.891599,2023-01-23T11:07:21Z
256295000,9.148107,53.891669,2023-01-23T11:07:56Z
256295000,9.148257,53.891772,2023-01-23T11:08:27Z
256295000,9.148455,53.891907,2023-01-23T11:09:16Z
256295000,9.149096,53.892345,2023-01-23T11:09:46Z
256295000,9.149504,53.892630,2023-01-23T11:10:21Z
256295000,9.150838,53.893626,2023-01-23T11:10:56Z
256295000,9.151922,53.894454,2023-01-23T11:11:28Z
256295000,9.153115,53.895305,2023-01-23T11:12:16Z
256295000,9.155482,53.897168,2023-01-23T11:12:56Z
256295000,9.156651,53.898069,2023-01-23T11:13:27Z
256295000,9.157753,53.898971,2023-01-23T11:14:17Z
256295000,9.159493,53.900622,2023-01-23T11:14:56Z
256295000,9.160436,53.901301,2023-01-23T11:15:28Z
256295000,9.161469,53.901877,2023-01-23T11:16:16Z
256295000,9.163564,53.902897,2023-01-23T11:16:56Z
256295000,9.164286,53.903255,2023-01-23T11:17:26Z
256295000,9.165472,53.903914,2023-01-23T11:18:16Z
256295000,9.167229,53.904854,2023-01-23T11:18:56Z
256295000,9.168082,53.905309,2023-01-23T11:19:29Z
256295000,9.168817,53.905763,2023-01-23T11:20:15Z
256295000,9.169974,53.906491,2023-01-23T11:20:47Z
256295000,9.170426,53.906762,2023-01-23T11:21:23Z
256295000,9.171514,53.907370,2023-01-23T11:21:56Z
256295000,9.172204,53.907719,2023-01-23T11:22:28Z
256295000,9.172811,53.908027,2023-01-23T11:23:15Z
256295000,9.173776,53.908526,2023-01-23T11:23:47Z
256295000,9.174156,53.908719,2023-01-23T11:24:22Z
256295000,9.175124,53.909215,2023-01-23T11:24:57Z
256295000,9.175617,53.909508,2023-01-23T11:25:30Z
256295000,9.176179,53.909811,2023-01-23T11:26:16Z
256295000,9.177249,53.910290,2023-01-23T11:26:47Z
256295000,9.177662,53.910493,2023-01-23T11:27:21Z
256295000,9.178490,53.910974,2023-01-23T11:27:57Z
256295000,9.178761,53.911188,2023-01-23T11:28:29Z
256295000,9.178936,53.911362,2023-01-23T11:29:17Z
256295000,9.179375,53.911706,2023-01-23T11:29:56Z
209515000,9.104548,53.882109,2023-01-23T08:40:03Z
209515000,9.104458,53.882263,2023-01-23T08:40:42Z
209515000,9.103951,53.884646,2023-01-23T10:22:04Z
209515000,9.103951,53.884646,2023-01-23T10:23:02Z
209515000,9.103951,53.884646,2023-01-23T10:24:02Z
209515000,9.103951,53.884646,2023-01-23T10:25:02Z
209515000,9.106226,53.885340,2023-01-23T10:26:02Z
209515000,9.106226,53.885340,2023-01-23T10:27:01Z
209515000,9.106226,53.885340,2023-01-23T10:28:01Z
209515000,9.108210,53.885211,2023-01-23T10:29:01Z
209515000,9.108210,53.885211,2023-01-23T10:30:01Z
209515000,9.108210,53.885211,2023-01-23T10:31:01Z
209515000,9.108993,53.884619,2023-01-23T10:32:01Z
209515000,9.108993,53.884619,2023-01-23T10:33:01Z
209515000,9.108993,53.884619,2023-01-23T10:34:01Z
209515000,9.109461,53.884230,2023-01-23T10:35:01Z
209515000,9.109461,53.884230,2023-01-23T10:36:01Z
209515000,9.109461,53.884230,2023-01-23T10:37:01Z
209515000,9.109735,53.884205,2023-01-23T10:38:01Z
209515000,9.109735,53.884205,2023-01-23T10:39:01Z
209515000,9.109735,53.884205,2023-01-23T10:40:01Z
209515000,9.109407,53.884472,2023-01-23T10:41:01Z
209515000,9.109407,53.884472,2023-01-23T10:42:01Z
209515000,9.109407,53.884472,2023-01-23T10:43:02Z
209515000,9.109159,53.884583,2023-01-23T10:44:01Z
209515000,9.109159,53.884583,2023-01-23T10:45:02Z
209515000,9.109159,53.884583,2023-01-23T10:46:01Z
209515000,9.109263,53.884632,2023-01-23T10:47:02Z
209515000,9.109263,53.884632,2023-01-23T10:48:01Z
209515000,9.109263,53.884632,2023-01-23T10:49:02Z
209515000,9.109310,53.884418,2023-01-23T10:50:01Z
209515000,9.109310,53.884418,2023-01-23T10:51:02Z
209515000,9.109310,53.884418,2023-01-23T10:52:01Z
209515000,9.109595,53.884169,2023-01-23T10:53:02Z
209515000,9.109595,53.884169,2023-01-23T10:54:01Z
209515000,9.109595,53.884169,2023-01-23T10:55:02Z
209515000,9.109966,53.884092,2023-01-23T10:56:01Z
209515000,9.109966,53.884092,2023-01-23T10:57:02Z
209515000,9.109966,53.884092,2023-01-23T10:58:01Z
209515000,9.109438,53.884228,2023-01-23T10:59:02Z
209515000,9.109438,53.884228,2023-01-23T11:00:01Z
209515000,9.109438,53.884228,2023-01-23T11:01:01Z
209515000,9.108889,53.884167,2023-01-23T11:02:01Z
209515000,9.108889,53.884167,2023-01-23T11:03:01Z
209515000,9.108889,53.884167,2023-01-23T11:04:01Z
209515000,9.108516,53.884073,2023-01-23T11:05:01Z
209515000,9.108516,53.884073,2023-01-23T11:06:01Z
209515000,9.108516,53.884073,2023-01-23T11:07:02Z
209515000,9.108094,53.884059,2023-01-23T11:08:01Z
209515000,9.108094,53.884059,2023-01-23T11:09:02Z
209515000,9.108094,53.884059,2023-01-23T11:10:01Z
209515000,9.108656,53.883926,2023-01-23T11:11:02Z
209515000,9.108762,53.884037,2023-01-23T11:11:37Z
209515000,9.108763,53.884107,2023-01-23T11:12:22Z
209515000,9.108632,53.884249,2023-01-23T11:12:57Z
209515000,9.108508,53.884337,2023-01-23T11:13:28Z
209515000,9.108420,53.884374,2023-01-23T11:14:02Z
209515000,9.108393,53.884376,2023-01-23T11:14:37Z
209515000,9.108435,53.884365,2023-01-23T11:15:22Z
209515000,9.108640,53.884311,2023-01-23T11:15:58Z
209515000,9.108808,53.884253,2023-01-23T11:16:29Z
209515000,9.108943,53.884203,2023-01-23T11:17:02Z
209515000,9.109038,53.884161,2023-01-23T11:17:37Z
209515000,9.109073,53.884140,2023-01-23T11:18:23Z
209515000,9.109156,53.884084,2023-01-23T11:18:58Z
209515000,9.109258,53.884044,2023-01-23T11:19:30Z
209515000,9.109351,53.884000,2023-01-23T11:20:02Z
209515000,9.109480,53.883919,2023-01-23T11:20:38Z
209515000,9.109569,53.883873,2023-01-23T11:21:24Z
209515000,9.109596,53.883858,2023-01-23T11:21:58Z
209515000,9.109577,53.883856,2023-01-23T11:22:29Z
209515000,9.109558,53.883854,2023-01-23T11:23:02Z
209515000,9.109500,53.883840,2023-01-23T11:23:37Z
209515000,9.109461,53.883793,2023-01-23T11:24:22Z
209515000,9.109415,53.883693,2023-01-23T11:24:58Z
209515000,9.109450,53.883599,2023-01-23T11:25:31Z
209515000,9.109498,53.883517,2023-01-23T11:26:02Z
209515000,9.109527,53.883432,2023-01-23T11:26:37Z
209515000,9.109521,53.883400,2023-01-23T11:27:22Z
209515000,9.109517,53.883389,2023-01-23T11:27:58Z
209515000,9.109489,53.883404,2023-01-23T11:28:29Z
209515000,9.109434,53.883437,2023-01-23T11:29:02Z
209515000,9.109364,53.883497,2023-01-23T11:29:37Z
209515000,9.109290,53.883554,2023-01-23T11:30:21Z
209515000,9.109115,53.883657,2023-01-23T11:30:57Z
209515000,9.108966,53.883709,2023-01-23T11:31:28Z
209515000,9.108845,53.883735,2023-01-23T11:32:02Z
209515000,9.108701,53.883735,2023-01-23T11:32:38Z
209515000,9.108611,53.883718,2023-01-23T11:33:22Z
209515000,9.108493,53.883668,2023-01-23T11:33:57Z
209515000,9.108518,53.883583,2023-01-23T11:34:27Z
209515000,9.108687,53.883455,2023-01-23T11:35:01Z
209515000,9.108885,53.883337,2023-01-23T11:35:34Z
209515000,9.109082,53.883257,2023-01-23T11:36:04Z
209515000,9.109234,53.883225,2023-01-23T11:36:35Z
209515000,9.109366,53.883246,2023-01-23T11:37:19Z
209515000,9.109565,53.883358,2023-01-23T11:37:51Z
209515000,9.109622,53.883429,2023-01-23T11:38:22Z
209515000,9.109911,53.883746,2023-01-23T11:38:55Z
209515000,9.110530,53.884063,2023-01-23T11:39:29Z
209515000,9.111267,53.884350,2023-01-23T11:40:01Z
209515000,9.112636,53.884607,2023-01-23T11:40:37Z
209515000,9.113978,53.884782,2023-01-23T11:41:22Z
209515000,9.116388,53.885089,2023-01-23T11:41:58Z
209515000,9.117882,53.885287,2023-01-23T11:42:29Z
209515000,9.119409,53.885500,2023-01-23T11:43:01Z
209515000,9.121295,53.885755,2023-01-23T11:43:37Z
209515000,9.122825,53.885906,2023-01-23T11:44:21Z
209515000,9.125615,53.886072,2023-01-23T11:44:58Z
209515000,9.127698,53.886251,2023-01-23T11:45:37Z
209515000,9.129255,53.886490,2023-01-23T11:46:21Z
209515000,9.131582,53.887051,2023-01-23T11:46:57Z
209515000,9.132746,53.887493,2023-01-23T11:47:29Z
209515000,9.133772,53.887923,2023-01-23T11:48:01Z
209515000,9.135146,53.888495,2023-01-23T11:48:37Z
209515000,9.136183,53.888954,2023-01-23T11:49:21Z
209515000,9.137664,53.889623,2023-01-23T11:49:58Z
209515000,9.138665,53.890089,2023-01-23T11:50:37Z
209515000,9.139265,53.890409,2023-01-23T11:51:21Z
209515000,9.140095,53.890852,2023-01-23T11:51:58Z
209515000,9.140598,53.891099,2023-01-23T11:52:29Z
209515000,9.141128,53.891366,2023-01-23T11:53:01Z
209515000,9.141778,53.891701,2023-01-23T11:53:37Z
209515000,9.142207,53.891944,2023-01-23T11:54:20Z
209515000,9.142755,53.892249,2023-01-23T11:54:58Z
209515000,9.143023,53.892399,2023-01-23T11:55:29Z
209515000,9.143295,53.892546,2023-01-23T11:56:01Z
209515000,9.143632,53.892718,2023-01-23T11:56:39Z
209515000,9.143843,53.892842,2023-01-23T11:57:22Z
209515000,9.144195,53.893059,2023-01-23T11:57:59Z
209515000,9.144418,53.893184,2023-01-23T11:58:29Z
209515000,9.144643,53.893302,2023-01-23T11:59:01Z
209515000,9.144924,53.893447,2023-01-23T11:59:39Z
209515000,9.145076,53.893521,2023-01-23T12:00:21Z
209515000,9.145137,53.893541,2023-01-23T12:00:59Z
209515000,9.145123,53.893536,2023-01-23T12:01:29Z
209515000,9.145128,53.893557,2023-01-23T12:02:01Z
209515000,9.145177,53.893576,2023-01-23T12:02:38Z
209515000,9.145177,53.893576,2023-01-23T12:03:22Z
209515000,9.145163,53.893569,2023-01-23T12:03:58Z
209515000,9.145163,53.893569,2023-01-23T12:04:28Z
209515000,9.145163,53.893569,2023-01-23T12:05:01Z
209515000,9.145163,53.893569,2023-01-23T12:05:38Z
209515000,9.145164,53.893571,2023-01-23T12:06:22Z
209515000,9.145164,53.893571,2023-01-23T12:06:58Z
209515000,9.145164,53.893571,2023-01-23T12:07:28Z
209515000,9.145164,53.893571,2023-01-23T12:08:01Z
209515000,9.145164,53.893571,2023-01-23T12:08:38Z
209515000,9.145164,53.893571,2023-01-23T12:09:20Z
209515000,9.145164,53.893571,2023-01-23T12:09:58Z
209515000,9.145166,53.893571,2023-01-23T12:10:29Z
209515000,9.145166,53.893571,2023-01-23T12:11:01Z
209515000,9.145166,53.893571,2023-01-23T12:11:37Z
209515000,9.145166,53.893571,2023-01-23T12:12:23Z
209515000,9.145166,53.893571,2023-01-23T12:12:58Z
209515000,9.145166,53.893571,2023-01-23T12:13:30Z
209515000,9.145164,53.893571,2023-01-23T12:14:01Z
209515000,9.145164,53.893571,2023-01-23T12:14:37Z
209515000,9.145164,53.893571,2023-01-23T12:15:22Z
209515000,9.145164,53.893571,2023-01-23T12:15:58Z
209515000,9.145164,53.893572,2023-01-23T12:16:28Z
209515000,9.145164,53.893572,2023-01-23T12:17:01Z
209515000,9.145164,53.893572,2023-01-23T12:17:37Z
209515000,9.145164,53.893572,2023-01-23T12:18:22Z
209515000,9.145164,53.893572,2023-01-23T12:18:57Z
209515000,9.145150,53.893565,2023-01-23T12:19:29Z
209515000,9.145150,53.893565,2023-01-23T12:20:01Z
209515000,9.145152,53.893565,2023-01-23T12:20:38Z
209515000,9.145152,53.893565,2023-01-23T12:21:21Z
209515000,9.145152,53.893567,2023-01-23T12:21:59Z
209515000,9.145152,53.893567,2023-01-23T12:22:29Z
209515000,9.145152,53.893567,2023-01-23T12:23:01Z
209515000,9.145153,53.893567,2023-01-23T12:23:38Z
209515000,9.145153,53.893567,2023-01-23T12:24:22Z
209515000,9.145153,53.893567,2023-01-23T12:24:58Z
209515000,9.145153,53.893567,2023-01-23T12:25:29Z
209515000,9.145153,53.893567,2023-01-23T12:26:01Z
209515000,9.145153,53.893567,2023-01-23T12:26:38Z
209515000,9.145153,53.893567,2023-01-23T12:27:21Z
209515000,9.145153,53.893567,2023-01-23T12:27:58Z
209515000,9.145153,53.893567,2023-01-23T12:28:37Z
209515000,9.145153,53.893567,2023-01-23T12:29:22Z
209515000,9.145153,53.893567,2023-01-23T12:29:58Z
209515000,9.145153,53.893567,2023-01-23T12:30:37Z
209515000,9.145153,53.893567,2023-01-23T12:31:21Z
209515000,9.145153,53.893567,2023-01-23T12:31:58Z
209515000,9.145153,53.893567,2023-01-23T12:32:29Z
209515000,9.145153,53.893567,2023-01-23T12:33:02Z
209515000,9.145153,53.893567,2023-01-23T12:33:37Z
209515000,9.145153,53.893567,2023-01-23T12:34:21Z
209515000,9.145153,53.893567,2023-01-23T12:34:57Z
209515000,9.145153,53.893567,2023-01-23T12:35:29Z
209515000,9.145153,53.893567,2023-01-23T12:36:02Z
209515000,9.145153,53.893567,2023-01-23T12:36:38Z
209515000,9.145153,53.893567,2023-01-23T12:37:21Z
209515000,9.145153,53.893567,2023-01-23T12:37:57Z
209515000,9.145153,53.893567,2023-01-23T12:38:29Z
209515000,9.145153,53.893567,2023-01-23T12:39:02Z
209515000,9.145153,53.893567,2023-01-23T12:39:38Z
209515000,9.145153,53.893567,2023-01-23T12:40:22Z
209515000,9.145153,53.893567,2023-01-23T12:40:57Z
209515000,9.145153,53.893567,2023-01-23T12:41:29Z
209515000,9.145153,53.893567,2023-01-23T12:42:02Z
209515000,9.145153,53.893567,2023-01-23T12:42:37Z
209515000,9.145153,53.893567,2023-01-23T12:43:22Z
209515000,9.145153,53.893569,2023-01-23T12:43:57Z
209515000,9.145162,53.893572,2023-01-23T12:44:27Z
209515000,9.145279,53.893648,2023-01-23T12:45:02Z
209515000,9.145569,53.893798,2023-01-23T12:45:38Z
209515000,9.145848,53.893939,2023-01-23T12:46:21Z
209515000,9.146326,53.894198,2023-01-23T12:46:57Z
209515000,9.146726,53.894407,2023-01-23T12:47:30Z
209515000,9.147177,53.894634,2023-01-23T12:48:02Z
209515000,9.147876,53.895030,2023-01-23T12:48:38Z
209515000,9.148494,53.895367,2023-01-23T12:49:23Z
209515000,9.149703,53.895997,2023-01-23T12:49:57Z
209515000,9.150592,53.896424,2023-01-23T12:50:30Z
209515000,9.151534,53.896868,2023-01-23T12:51:01Z
209515000,9.152778,53.897461,2023-01-23T12:51:38Z
209515000,9.153705,53.897873,2023-01-23T12:52:21Z
209515000,9.155584,53.898634,2023-01-23T12:52:58Z
209515000,9.157047,53.899270,2023-01-23T12:53:39Z
209515000,9.158013,53.899752,2023-01-23T12:54:21Z
209515000,9.159772,53.900686,2023-01-23T12:54:58Z
209515000,9.160765,53.901231,2023-01-23T12:55:29Z
209515000,9.161758,53.901773,2023-01-23T12:56:01Z
209515000,9.163050,53.902481,2023-01-23T12:56:39Z
209515000,9.163917,53.902963,2023-01-23T12:57:21Z
209515000,9.165446,53.903821,2023-01-23T12:57:58Z
209515000,9.166660,53.904477,2023-01-23T12:58:39Z
209515000,9.167560,53.904939,2023-01-23T12:59:20Z
209515000,9.169003,53.905701,2023-01-23T12:59:58Z
209515000,9.169866,53.906157,2023-01-23T13:00:28Z
209515000,9.170729,53.906621,2023-01-23T13:01:01Z
209515000,9.171861,53.907229,2023-01-23T13:01:37Z
209515000,9.172743,53.907681,2023-01-23T13:02:21Z
209515000,9.174032,53.908369,2023-01-23T13:02:57Z
209515000,9.174782,53.908760,2023-01-23T13:03:28Z
209515000,9.175573,53.909182,2023-01-23T13:04:01Z
209515000,9.176358,53.909611,2023-01-23T13:04:32Z
209515000,9.177390,53.910177,2023-01-23T13:05:20Z
209515000,9.178746,53.910884,2023-01-23T13:05:57Z
209515000,9.179548,53.911311,2023-01-23T13:06:27Z
209151000,9.103207,53.884060,2023-01-23T11:42:26Z
209151000,9.103932,53.884314,2023-01-23T11:42:58Z
209151000,9.104441,53.884422,2023-01-23T11:43:28Z
209151000,9.105321,53.884573,2023-01-23T11:44:01Z
209151000,9.106304,53.884743,2023-01-23T11:44:40Z
209151000,9.106934,53.884823,2023-01-23T11:45:18Z
209151000,9.108621,53.885038,2023-01-23T11:45:52Z
209151000,9.109261,53.885154,2023-01-23T11:46:22Z
209151000,9.111110,53.885442,2023-01-23T11:47:01Z
209151000,9.112237,53.885600,2023-01-23T11:47:31Z
209151000,9.113339,53.885753,2023-01-23T11:48:19Z
209151000,9.115152,53.885976,2023-01-23T11:48:50Z
209151000,9.115895,53.886050,2023-01-23T11:49:22Z
209151000,9.117753,53.886213,2023-01-23T11:50:00Z
209151000,9.118888,53.886298,2023-01-23T11:50:31Z
209151000,9.120308,53.886399,2023-01-23T11:51:21Z
209151000,9.122103,53.886504,2023-01-23T11:52:00Z
209151000,9.123225,53.886564,2023-01-23T11:52:31Z
209151000,9.124634,53.886631,2023-01-23T11:53:23Z
209151000,9.126420,53.886768,2023-01-23T11:54:00Z
209151000,9.127462,53.886905,2023-01-23T11:54:31Z
209151000,9.128733,53.887088,2023-01-23T11:55:22Z
209151000,9.130312,53.887370,2023-01-23T11:56:00Z
209151000,9.131470,53.887663,2023-01-23T11:56:40Z
209151000,9.132207,53.887901,2023-01-23T11:57:23Z
209151000,9.133418,53.888328,2023-01-23T11:58:01Z
209151000,9.134229,53.888669,2023-01-23T11:58:40Z
209151000,9.134688,53.888903,2023-01-23T11:59:22Z
209151000,9.135317,53.889238,2023-01-23T12:00:01Z
209151000,9.135797,53.889406,2023-01-23T12:00:31Z
209151000,9.136454,53.889671,2023-01-23T12:01:23Z
209151000,9.137289,53.889984,2023-01-23T12:02:01Z
209151000,9.137770,53.890170,2023-01-23T12:02:31Z
209151000,9.138183,53.890369,2023-01-23T12:03:01Z
209151000,9.138560,53.890554,2023-01-23T12:03:32Z
209151000,9.139065,53.890801,2023-01-23T12:04:22Z
209151000,9.139520,53.891052,2023-01-23T12:05:00Z
209151000,9.139729,53.891188,2023-01-23T12:05:31Z
209151000,9.139964,53.891339,2023-01-23T12:06:01Z
209151000,9.140473,53.891567,2023-01-23T12:06:41Z
209151000,9.140944,53.891738,2023-01-23T12:07:21Z
209151000,9.141550,53.891985,2023-01-23T12:08:01Z
209151000,9.142194,53.892282,2023-01-23T12:08:41Z
209151000,9.142350,53.892365,2023-01-23T12:09:18Z
209151000,9.142750,53.892570,2023-01-23T12:09:51Z
209151000,9.142864,53.892630,2023-01-23T12:10:22Z
209151000,9.142995,53.892721,2023-01-23T12:11:01Z
209151000,9.143208,53.892863,2023-01-23T12:11:41Z
209151000,9.143241,53.892904,2023-01-23T12:12:20Z
209151000,9.143361,53.892972,2023-01-23T12:12:51Z
209151000,9.143375,53.892970,2023-01-23T12:13:23Z
209151000,9.143394,53.892987,2023-01-23T12:14:01Z
209151000,9.143458,53.892965,2023-01-23T12:14:31Z
209151000,9.143489,53.892951,2023-01-23T12:15:19Z
209151000,9.143505,53.892942,2023-01-23T12:15:51Z
209151000,9.143524,53.892945,2023-01-23T12:16:22Z
209151000,9.143487,53.892968,2023-01-23T12:17:01Z
209151000,9.143464,53.892950,2023-01-23T12:17:31Z
209151000,9.143434,53.893003,2023-01-23T12:18:23Z
209151000,9.143467,53.892950,2023-01-23T12:19:01Z
209151000,9.143480,53.892965,2023-01-23T12:19:31Z
209151000,9.143467,53.892955,2023-01-23T12:20:22Z
209151000,9.143475,53.892955,2023-01-23T12:21:01Z
209151000,9.143482,53.892943,2023-01-23T12:21:41Z
209151000,9.143489,53.892930,2023-01-23T12:22:25Z
209151000,9.143490,53.892937,2023-01-23T12:23:00Z
209151000,9.143502,53.892935,2023-01-23T12:23:31Z
209151000,9.143510,53.892930,2023-01-23T12:24:01Z
209151000,9.143517,53.892925,2023-01-23T12:24:40Z
209151000,9.143505,53.892930,2023-01-23T12:25:22Z
209151000,9.143505,53.892968,2023-01-23T12:26:00Z
209151000,9.143505,53.892972,2023-01-23T12:26:31Z
209151000,9.143490,53.892990,2023-01-23T12:27:01Z
209151000,9.143494,53.892988,2023-01-23T12:27:40Z
209151000,9.143505,53.892980,2023-01-23T12:28:21Z
209151000,9.143560,53.892950,2023-01-23T12:29:00Z
209151000,9.143547,53.892945,2023-01-23T12:29:30Z
209151000,9.143520,53.892950,2023-01-23T12:30:00Z
209151000,9.143484,53.892945,2023-01-23T12:30:40Z
209151000,9.143475,53.892960,2023-01-23T12:31:23Z
209151000,9.143505,53.892970,2023-01-23T12:32:00Z
209151000,9.143484,53.892967,2023-01-23T12:32:31Z
209151000,9.143479,53.892980,2023-01-23T12:33:02Z
209151000,9.143497,53.892990,2023-01-23T12:33:40Z
209151000,9.143517,53.892978,2023-01-23T12:34:22Z
209151000,9.143514,53.892980,2023-01-23T12:35:01Z
209151000,9.143562,53.892915,2023-01-23T12:35:40Z
209151000,9.143547,53.892955,2023-01-23T12:36:23Z
209151000,9.143479,53.893010,2023-01-23T12:37:01Z
209151000,9.143419,53.892960,2023-01-23T12:37:40Z
209151000,9.143407,53.892920,2023-01-23T12:38:23Z
209151000,9.143397,53.892878,2023-01-23T12:39:01Z
209151000,9.143444,53.892853,2023-01-23T12:39:40Z
209151000,9.143469,53.892852,2023-01-23T12:40:23Z
209151000,9.143517,53.892855,2023-01-23T12:41:01Z
209151000,9.143542,53.892883,2023-01-23T12:41:42Z
209151000,9.143575,53.892912,2023-01-23T12:42:24Z
209151000,9.143547,53.892950,2023-01-23T12:43:01Z
209151000,9.143514,53.892960,2023-01-23T12:43:42Z
209151000,9.143459,53.892925,2023-01-23T12:44:25Z
209151000,9.143400,53.892898,2023-01-23T12:45:01Z
209151000,9.143490,53.892925,2023-01-23T12:45:32Z
209151000,9.143475,53.892935,2023-01-23T12:46:21Z
209151000,9.143460,53.892930,2023-01-23T12:47:01Z
209151000,9.143499,53.892930,2023-01-23T12:47:40Z
209151000,9.143535,53.892935,2023-01-23T12:48:23Z
209151000,9.143702,53.893043,2023-01-23T12:49:01Z
209151000,9.144107,53.893251,2023-01-23T12:49:40Z
209151000,9.144490,53.893524,2023-01-23T12:50:24Z
209151000,9.145315,53.894059,2023-01-23T12:51:00Z
209151000,9.146203,53.894515,2023-01-23T12:51:40Z
209151000,9.146984,53.894921,2023-01-23T12:52:22Z
209151000,9.148325,53.895650,2023-01-23T12:53:00Z
209151000,9.149312,53.896110,2023-01-23T12:53:31Z
209151000,9.150260,53.896584,2023-01-23T12:54:02Z
209151000,9.151587,53.897315,2023-01-23T12:54:40Z
209151000,9.152640,53.897880,2023-01-23T12:55:23Z
209151000,9.154365,53.898749,2023-01-23T12:56:00Z
209151000,9.155529,53.899355,2023-01-23T12:56:31Z
209151000,9.157149,53.900195,2023-01-23T12:57:23Z
209151000,9.158788,53.901120,2023-01-23T12:58:01Z
209151000,9.160914,53.902366,2023-01-23T12:58:40Z
209151000,9.161884,53.902923,2023-01-23T12:59:18Z
209151000,9.164305,53.904268,2023-01-23T12:59:52Z
209151000,9.165309,53.904808,2023-01-23T13:00:23Z
209151000,9.167294,53.905858,2023-01-23T13:01:01Z
209151000,9.169714,53.907175,2023-01-23T13:01:42Z
209151000,9.170675,53.907705,2023-01-23T13:02:19Z
209151000,9.173059,53.908904,2023-01-23T13:02:52Z
209151000,9.174003,53.909445,2023-01-23T13:03:22Z
209151000,9.175644,53.910465,2023-01-23T13:04:01Z
209151000,9.177238,53.911335,2023-01-23T13:04:33Z
305741000,9.177806,53.912540,2023-01-23T11:54:42Z
305741000,9.177455,53.912359,2023-01-23T11:55:17Z
305741000,9.175141,53.911125,2023-01-23T11:55:52Z
305741000,9.174381,53.910715,2023-01-23T11:56:23Z
305741000,9.172628,53.909759,2023-01-23T11:57:03Z
305741000,9.171321,53.909068,2023-01-23T11:57:42Z
305741000,9.171031,53.908907,2023-01-23T11:58:17Z
305741000,9.169137,53.907808,2023-01-23T11:58:52Z
305741000,9.168503,53.907441,2023-01-23T11:59:23Z
305741000,9.166887,53.906491,2023-01-23T12:00:02Z
305741000,9.165590,53.905725,2023-01-23T12:00:42Z
305741000,9.165310,53.905556,2023-01-23T12:01:17Z
305741000,9.163398,53.904457,2023-01-23T12:01:52Z
305741000,9.162731,53.904092,2023-01-23T12:02:23Z
305741000,9.161123,53.903191,2023-01-23T12:03:02Z
305741000,9.160232,53.902681,2023-01-23T12:03:33Z
305741000,9.159726,53.902381,2023-01-23T12:04:17Z
305741000,9.158295,53.901503,2023-01-23T12:04:52Z
305741000,9.157820,53.901232,2023-01-23T12:05:23Z
305741000,9.156835,53.900693,2023-01-23T12:05:53Z
305741000,9.156405,53.900442,2023-01-23T12:06:23Z
305741000,9.155320,53.899815,2023-01-23T12:07:02Z
305741000,9.154703,53.899472,2023-01-23T12:07:32Z
305741000,9.154255,53.899237,2023-01-23T12:08:16Z
305741000,9.153076,53.898602,2023-01-23T12:08:53Z
305741000,9.152538,53.898322,2023-01-23T12:09:25Z
305741000,9.151845,53.897952,2023-01-23T12:10:02Z
305741000,9.151165,53.897584,2023-01-23T12:10:42Z
305741000,9.151003,53.897479,2023-01-23T12:11:18Z
305741000,9.149956,53.896927,2023-01-23T12:11:53Z
305741000,9.149631,53.896767,2023-01-23T12:12:24Z
305741000,9.148958,53.896405,2023-01-23T12:13:03Z
305741000,9.148486,53.896172,2023-01-23T12:13:42Z
305741000,9.148368,53.896122,2023-01-23T12:14:17Z
305741000,9.147756,53.895837,2023-01-23T12:14:53Z
305741000,9.147563,53.895743,2023-01-23T12:15:23Z
305741000,9.147178,53.895522,2023-01-23T12:16:03Z
305741000,9.146975,53.895414,2023-01-23T12:16:33Z
305741000,9.146770,53.895317,2023-01-23T12:17:03Z
305741000,9.146506,53.895164,2023-01-23T12:17:42Z
305741000,9.146441,53.895117,2023-01-23T12:18:17Z
305741000,9.146041,53.894897,2023-01-23T12:18:53Z
305741000,9.145938,53.894849,2023-01-23T12:19:24Z
305741000,9.145646,53.894705,2023-01-23T12:20:03Z
305741000,9.145451,53.894602,2023-01-23T12:20:42Z
305741000,9.145386,53.894567,2023-01-23T12:21:17Z
305741000,9.145106,53.894432,2023-01-23T12:21:52Z
305741000,9.144991,53.894364,2023-01-23T12:22:25Z
305741000,9.144828,53.894290,2023-01-23T12:23:03Z
305741000,9.144706,53.894232,2023-01-23T12:23:43Z
305741000,9.144693,53.894212,2023-01-23T12:24:17Z
305741000,9.144601,53.894162,2023-01-23T12:24:52Z
305741000,9.144603,53.894146,2023-01-23T12:25:23Z
305741000,9.144550,53.894114,2023-01-23T12:26:03Z
305741000,9.144478,53.894079,2023-01-23T12:26:43Z
305741000,9.144481,53.894082,2023-01-23T12:27:17Z
305741000,9.144460,53.894069,2023-01-23T12:27:52Z
305741000,9.144440,53.894067,2023-01-23T12:28:22Z
305741000,9.144393,53.894047,2023-01-23T12:29:03Z
305741000,9.144365,53.894032,2023-01-23T12:29:43Z
305741000,9.144371,53.894027,2023-01-23T12:30:17Z
305741000,9.144341,53.894032,2023-01-23T12:30:52Z
305741000,9.144346,53.894029,2023-01-23T12:31:24Z
305741000,9.144360,53.894036,2023-01-23T12:32:02Z
305741000,9.144360,53.894036,2023-01-23T12:32:33Z
305741000,9.144360,53.894036,2023-01-23T12:33:17Z
305741000,9.144360,53.894036,2023-01-23T12:33:53Z
305741000,9.144360,53.894036,2023-01-23T12:34:27Z
305741000,9.144360,53.894036,2023-01-23T12:35:02Z
305741000,9.144360,53.894036,2023-01-23T12:35:42Z
305741000,9.144360,53.894036,2023-01-23T12:36:17Z
305741000,9.144360,53.894036,2023-01-23T12:36:53Z
305741000,9.144360,53.894036,2023-01-23T12:37:26Z
305741000,9.144360,53.894036,2023-01-23T12:38:18Z
305741000,9.144360,53.894036,2023-01-23T12:38:53Z
305741000,9.144361,53.894034,2023-01-23T12:39:23Z
305741000,9.144361,53.894034,2023-01-23T12:40:02Z
305741000,9.144361,53.894034,2023-01-23T12:40:32Z
305741000,9.144361,53.894034,2023-01-23T12:41:18Z
305741000,9.144361,53.894034,2023-01-23T12:41:53Z
305741000,9.144361,53.894034,2023-01-23T12:42:24Z
305741000,9.144361,53.894034,2023-01-23T12:43:02Z
305741000,9.144361,53.894034,2023-01-23T12:43:33Z
305741000,9.144361,53.894034,2023-01-23T12:44:03Z
305741000,9.144361,53.894034,2023-01-23T12:44:33Z
305741000,9.144361,53.894034,2023-01-23T12:45:19Z
305741000,9.144361,53.894034,2023-01-23T12:45:53Z
305741000,9.144361,53.894034,2023-01-23T12:46:26Z
305741000,9.144361,53.894034,2023-01-23T12:47:03Z
305741000,9.144361,53.894034,2023-01-23T12:47:43Z
305741000,9.144361,53.894034,2023-01-23T12:48:18Z
305741000,9.144361,53.894034,2023-01-23T12:48:53Z
305741000,9.144361,53.894034,2023-01-23T12:49:24Z
305741000,9.144361,53.894034,2023-01-23T12:50:03Z
305741000,9.144361,53.894034,2023-01-23T12:50:42Z
305741000,9.144363,53.894034,2023-01-23T12:51:16Z
305741000,9.144363,53.894034,2023-01-23T12:51:53Z
305741000,9.144363,53.894034,2023-01-23T12:52:23Z
305741000,9.144363,53.894034,2023-01-23T12:53:01Z
305741000,9.144363,53.894034,2023-01-23T12:53:32Z
305741000,9.144363,53.894034,2023-01-23T12:54:17Z
305741000,9.144363,53.894032,2023-01-23T12:54:52Z
305741000,9.144363,53.894034,2023-01-23T12:55:23Z
305741000,9.144363,53.894034,2023-01-23T12:56:01Z
305741000,9.144363,53.894032,2023-01-23T12:56:32Z
305741000,9.144363,53.894032,2023-01-23T12:57:18Z
305741000,9.144363,53.894032,2023-01-23T12:57:52Z
305741000,9.144363,53.894032,2023-01-23T12:58:22Z
305741000,9.144363,53.894032,2023-01-23T12:59:03Z
305741000,9.144363,53.894032,2023-01-23T12:59:44Z
305741000,9.144363,53.894032,2023-01-23T13:00:17Z
305741000,9.144363,53.894032,2023-01-23T13:00:52Z
305741000,9.144363,53.894032,2023-01-23T13:01:22Z
305741000,9.144361,53.894034,2023-01-23T13:02:03Z
305741000,9.144361,53.894034,2023-01-23T13:02:44Z
305741000,9.144363,53.894034,2023-01-23T13:03:16Z
305741000,9.144343,53.894034,2023-01-23T13:03:52Z
305741000,9.144341,53.894036,2023-01-23T13:04:22Z
305741000,9.144226,53.893967,2023-01-23T13:04:52Z
305741000,9.144106,53.893883,2023-01-23T13:05:24Z
305741000,9.143925,53.893752,2023-01-23T13:06:03Z
305741000,9.143630,53.893582,2023-01-23T13:06:43Z
305741000,9.143543,53.893550,2023-01-23T13:07:17Z
305741000,9.142943,53.893197,2023-01-23T13:07:52Z
305741000,9.142483,53.892965,2023-01-23T13:08:25Z
305741000,9.141845,53.892629,2023-01-23T13:09:01Z
305741000,9.141270,53.892339,2023-01-23T13:09:32Z
305741000,9.140830,53.892124,2023-01-23T13:10:17Z
305741000,9.139282,53.891357,2023-01-23T13:10:53Z
305741000,9.138602,53.891031,2023-01-23T13:11:23Z
305741000,9.136656,53.890057,2023-01-23T13:12:02Z
305741000,9.135394,53.889364,2023-01-23T13:12:32Z
305741000,9.134023,53.888601,2023-01-23T13:13:16Z
305741000,9.132640,53.886591,2023-01-23T13:13:49Z
305741000,9.132726,53.885927,2023-01-23T13:14:20Z
305741000,9.134624,53.883720,2023-01-23T13:14:53Z
305741000,9.135957,53.883035,2023-01-23T13:15:23Z
305741000,9.139454,53.882077,2023-01-23T13:15:55Z
305741000,9.141584,53.881805,2023-01-23T13:16:26Z
305741000,9.145323,53.881650,2023-01-23T13:17:02Z
305741000,9.148167,53.881417,2023-01-23T13:17:33Z
305741000,9.150731,53.881026,2023-01-23T13:18:17Z
305741000,9.156075,53.880181,2023-01-23T13:18:52Z
305741000,9.158052,53.879940,2023-01-23T13:19:24Z
305741000,9.163281,53.879437,2023-01-23T13:20:02Z
305741000,9.167619,53.879052,2023-01-23T13:20:43Z
305741000,9.168685,53.878971,2023-01-23T13:21:16Z
305741000,9.175074,53.878620,2023-01-23T13:21:52Z
305741000,9.177076,53.878540,2023-01-23T13:22:26Z
305741000,9.182473,53.878298,2023-01-23T13:23:02Z
210552000,9.105393,53.881226,2023-01-23T12:00:26Z
210552000,9.107343,53.881479,2023-01-23T12:00:58Z
210552000,9.108897,53.881755,2023-01-23T12:01:29Z
210552000,9.110544,53.882077,2023-01-23T12:02:01Z
210552000,9.113190,53.882646,2023-01-23T12:02:39Z
210552000,9.115204,53.883123,2023-01-23T12:03:23Z
210552000,9.118754,53.884083,2023-01-23T12:03:59Z
210552000,9.121559,53.884777,2023-01-23T12:04:39Z
210552000,9.122916,53.885076,2023-01-23T12:05:19Z
210552000,9.126591,53.885690,2023-01-23T12:05:59Z
210552000,9.128309,53.885925,2023-01-23T12:06:30Z
210552000,9.130080,53.886131,2023-01-23T12:07:02Z
210552000,9.132255,53.886367,2023-01-23T12:07:39Z
210552000,9.133801,53.886454,2023-01-23T12:08:21Z
210552000,9.136030,53.886583,2023-01-23T12:08:51Z
210552000,9.137089,53.886659,2023-01-23T12:09:22Z
210552000,9.138996,53.886926,2023-01-23T12:09:53Z
210552000,9.139971,53.887174,2023-01-23T12:10:25Z
210552000,9.141248,53.887685,2023-01-23T12:10:59Z
210552000,9.142175,53.888092,2023-01-23T12:11:31Z
210552000,9.142886,53.888466,2023-01-23T12:12:01Z
210552000,9.143761,53.888939,2023-01-23T12:12:38Z
210552000,9.144366,53.889263,2023-01-23T12:13:22Z
210552000,9.145264,53.889741,2023-01-23T12:13:59Z
210552000,9.145562,53.889933,2023-01-23T12:14:30Z
210552000,9.145812,53.890116,2023-01-23T12:15:02Z
210552000,9.146159,53.890343,2023-01-23T12:15:38Z
210552000,9.146431,53.890510,2023-01-23T12:16:21Z
210552000,9.146805,53.890770,2023-01-23T12:16:59Z
210552000,9.147021,53.890925,2023-01-23T12:17:30Z
210552000,9.147213,53.891069,2023-01-23T12:18:02Z
210552000,9.147400,53.891224,2023-01-23T12:18:40Z
210552000,9.147515,53.891325,2023-01-23T12:19:22Z
210552000,9.147718,53.891479,2023-01-23T12:19:59Z
210552000,9.147808,53.891549,2023-01-23T12:20:29Z
210552000,9.147810,53.891570,2023-01-23T12:21:02Z
210552000,9.147811,53.891577,2023-01-23T12:21:40Z
210552000,9.147830,53.891559,2023-01-23T12:22:21Z
210552000,9.147871,53.891582,2023-01-23T12:22:59Z
210552000,9.147835,53.891574,2023-01-23T12:23:29Z
210552000,9.147858,53.891572,2023-01-23T12:24:02Z
210552000,9.147873,53.891579,2023-01-23T12:24:39Z
210552000,9.147901,53.891605,2023-01-23T12:25:22Z
210552000,9.147868,53.891580,2023-01-23T12:25:59Z
210552000,9.147818,53.891592,2023-01-23T12:26:39Z
210552000,9.147815,53.891594,2023-01-23T12:27:22Z
210552000,9.147816,53.891599,2023-01-23T12:27:59Z
210552000,9.147786,53.891589,2023-01-23T12:28:39Z
210552000,9.147818,53.891605,2023-01-23T12:29:23Z
210552000,9.147816,53.891630,2023-01-23T12:29:59Z
210552000,9.147788,53.891574,2023-01-23T12:30:39Z
210552000,9.147743,53.891569,2023-01-23T12:31:22Z
210552000,9.147790,53.891570,2023-01-23T12:32:00Z
210552000,9.147851,53.891569,2023-01-23T12:32:38Z
210552000,9.147900,53.891555,2023-01-23T12:33:21Z
210552000,9.147870,53.891555,2023-01-23T12:34:00Z
210552000,9.147830,53.891597,2023-01-23T12:34:38Z
210552000,9.147808,53.891585,2023-01-23T12:35:20Z
210552000,9.147850,53.891600,2023-01-23T12:36:00Z
210552000,9.147828,53.891614,2023-01-23T12:36:38Z
210552000,9.147820,53.891609,2023-01-23T12:37:21Z
210552000,9.147795,53.891584,2023-01-23T12:38:00Z
210552000,9.147783,53.891565,2023-01-23T12:38:30Z
210552000,9.147766,53.891569,2023-01-23T12:39:02Z
210552000,9.147831,53.891575,2023-01-23T12:39:40Z
210552000,9.147853,53.891624,2023-01-23T12:40:23Z
210552000,9.147818,53.891659,2023-01-23T12:41:00Z
210552000,9.147801,53.891617,2023-01-23T12:41:40Z
210552000,9.147823,53.891609,2023-01-23T12:42:23Z
210552000,9.147833,53.891594,2023-01-23T12:43:00Z
210552000,9.147803,53.891589,2023-01-23T12:43:30Z
210552000,9.147785,53.891574,2023-01-23T12:44:02Z
210552000,9.147786,53.891570,2023-01-23T12:44:32Z
210552000,9.147845,53.891609,2023-01-23T12:45:24Z
210552000,9.148131,53.891800,2023-01-23T12:46:00Z
210552000,9.148528,53.892082,2023-01-23T12:46:39Z
210552000,9.148945,53.892360,2023-01-23T12:47:22Z
210552000,9.149953,53.893028,2023-01-23T12:47:59Z
210552000,9.150638,53.893559,2023-01-23T12:48:30Z
210552000,9.151391,53.894157,2023-01-23T12:49:02Z
210552000,9.152626,53.895109,2023-01-23T12:49:39Z
210552000,9.153641,53.895810,2023-01-23T12:50:23Z
210552000,9.155479,53.897130,2023-01-23T12:50:59Z
210552000,9.156614,53.897896,2023-01-23T12:51:29Z
210552000,9.157913,53.898756,2023-01-23T12:52:01Z
210552000,9.159301,53.899771,2023-01-23T12:52:39Z
210552000,9.160383,53.900562,2023-01-23T12:53:21Z
210552000,9.162284,53.901908,2023-01-23T12:53:59Z
210552000,9.163446,53.902736,2023-01-23T12:54:29Z
210552000,9.164578,53.903521,2023-01-23T12:55:01Z
210552000,9.166033,53.904398,2023-01-23T12:55:39Z
210552000,9.167100,53.905076,2023-01-23T12:56:23Z
210552000,9.168983,53.906221,2023-01-23T12:56:59Z
210552000,9.170369,53.907057,2023-01-23T12:57:39Z
210552000,9.171410,53.907586,2023-01-23T12:58:21Z
210552000,9.173217,53.908652,2023-01-23T12:58:59Z
210552000,9.174720,53.909417,2023-01-23T12:59:40Z
210552000,9.175720,53.909923,2023-01-23T13:00:22Z
210552000,9.177853,53.910999,2023-01-23T13:00:59Z
210552000,9.179150,53.911676,2023-01-23T13:01:30Z
212746000,9.188082,53.883134,2023-01-23T11:58:41Z
212746000,9.186926,53.883201,2023-01-23T11:59:19Z
212746000,9.183999,53.883396,2023-01-23T11:59:52Z
212746000,9.182857,53.883480,2023-01-23T12:00:23Z
212746000,9.180197,53.883683,2023-01-23T12:01:01Z
212746000,9.178064,53.883794,2023-01-23T12:01:42Z
212746000,9.177084,53.883875,2023-01-23T12:02:19Z
212746000,9.174541,53.883970,2023-01-23T12:02:51Z
212746000,9.173486,53.884042,2023-01-23T12:03:24Z
212746000,9.170959,53.884192,2023-01-23T12:04:01Z
212746000,9.169182,53.884145,2023-01-23T12:04:35Z
212746000,9.168387,53.884033,2023-01-23T12:05:10Z
212746000,9.166245,53.883696,2023-01-23T12:05:42Z
212746000,9.165528,53.883573,2023-01-23T12:06:19Z
212746000,9.163563,53.883223,2023-01-23T12:06:51Z
212746000,9.162628,53.883079,2023-01-23T12:07:22Z
212746000,9.160288,53.882814,2023-01-23T12:08:01Z
212746000,9.158430,53.882673,2023-01-23T12:08:42Z
212746000,9.157477,53.882667,2023-01-23T12:09:17Z
212746000,9.155050,53.882677,2023-01-23T12:09:52Z
212746000,9.154105,53.882688,2023-01-23T12:10:23Z
212746000,9.151618,53.882720,2023-01-23T12:11:01Z
212746000,9.150142,53.882732,2023-01-23T12:11:31Z
212746000,9.148655,53.882758,2023-01-23T12:12:10Z
212746000,9.146658,53.882766,2023-01-23T12:12:42Z
212746000,9.145185,53.882796,2023-01-23T12:13:23Z
212746000,9.142832,53.882808,2023-01-23T12:14:01Z
212746000,9.141350,53.882826,2023-01-23T12:14:31Z
212746000,9.139867,53.882830,2023-01-23T12:15:10Z
212746000,9.137782,53.882863,2023-01-23T12:15:42Z
212746000,9.136752,53.882871,2023-01-23T12:16:19Z
212746000,9.134193,53.882926,2023-01-23T12:16:51Z
212746000,9.133493,53.882861,2023-01-23T12:17:22Z
212746000,9.132440,53.883314,2023-01-23T12:17:55Z
212746000,9.132469,53.883973,2023-01-23T12:18:29Z
212746000,9.132884,53.884607,2023-01-23T12:19:10Z
212746000,9.134254,53.885482,2023-01-23T12:19:41Z
212746000,9.134968,53.885871,2023-01-23T12:20:19Z
212746000,9.136931,53.886572,2023-01-23T12:20:52Z
212746000,9.137931,53.886727,2023-01-23T12:21:23Z
212746000,9.139840,53.887233,2023-01-23T12:21:55Z
212746000,9.140775,53.887628,2023-01-23T12:22:25Z
212746000,9.142023,53.888213,2023-01-23T12:23:02Z
212746000,9.142824,53.888698,2023-01-23T12:23:42Z
212746000,9.143089,53.888886,2023-01-23T12:24:20Z
212746000,9.143814,53.889285,2023-01-23T12:24:52Z
212746000,9.144037,53.889424,2023-01-23T12:25:22Z
212746000,9.144647,53.889835,2023-01-23T12:26:02Z
212746000,9.145116,53.890163,2023-01-23T12:26:42Z
212746000,9.145385,53.890323,2023-01-23T12:27:19Z
212746000,9.145847,53.890678,2023-01-23T12:27:52Z
212746000,9.146123,53.890852,2023-01-23T12:28:25Z
212746000,9.146462,53.891095,2023-01-23T12:29:02Z
212746000,9.146777,53.891322,2023-01-23T12:29:42Z
212746000,9.146869,53.891410,2023-01-23T12:30:17Z
212746000,9.146970,53.891553,2023-01-23T12:30:52Z
212746000,9.147028,53.891599,2023-01-23T12:31:23Z
212746000,9.147203,53.891692,2023-01-23T12:32:02Z
212746000,9.147277,53.891766,2023-01-23T12:32:41Z
212746000,9.147299,53.891801,2023-01-23T12:33:19Z
212746000,9.147418,53.891884,2023-01-23T12:33:52Z
212746000,9.147470,53.891924,2023-01-23T12:34:22Z
212746000,9.147570,53.892001,2023-01-23T12:35:02Z
212746000,9.147570,53.892004,2023-01-23T12:35:41Z
212746000,9.147578,53.892008,2023-01-23T12:36:19Z
212746000,9.147590,53.892006,2023-01-23T12:36:52Z
212746000,9.147573,53.891999,2023-01-23T12:37:23Z
212746000,9.147567,53.892011,2023-01-23T12:38:10Z
212746000,9.147598,53.891986,2023-01-23T12:38:41Z
212746000,9.147595,53.891984,2023-01-23T12:39:19Z
212746000,9.147577,53.891973,2023-01-23T12:39:52Z
212746000,9.147595,53.891983,2023-01-23T12:40:24Z
212746000,9.147580,53.891991,2023-01-23T12:41:02Z
212746000,9.147573,53.891993,2023-01-23T12:41:41Z
212746000,9.147582,53.891989,2023-01-23T12:42:20Z
212746000,9.147577,53.891998,2023-01-23T12:42:52Z
212746000,9.147573,53.891993,2023-01-23T12:43:23Z
212746000,9.147542,53.892021,2023-01-23T12:44:02Z
212746000,9.147550,53.892011,2023-01-23T12:44:33Z
212746000,9.147570,53.891993,2023-01-23T12:45:12Z
212746000,9.147575,53.892001,2023-01-23T12:45:52Z
212746000,9.147572,53.891991,2023-01-23T12:46:22Z
212746000,9.147552,53.892000,2023-01-23T12:47:02Z
212746000,9.147557,53.891991,2023-01-23T12:47:41Z
212746000,9.147560,53.891985,2023-01-23T12:48:20Z
212746000,9.147559,53.891988,2023-01-23T12:48:52Z
212746000,9.147575,53.892003,2023-01-23T12:49:24Z
212746000,9.147567,53.892006,2023-01-23T12:50:02Z
212746000,9.147555,53.891983,2023-01-23T12:50:32Z
212746000,9.147554,53.892005,2023-01-23T12:51:09Z
212746000,9.147565,53.892028,2023-01-23T12:51:42Z
212746000,9.147572,53.892005,2023-01-23T12:52:23Z
212746000,9.147590,53.892015,2023-01-23T12:53:02Z
212746000,9.147580,53.892006,2023-01-23T12:53:32Z
212746000,9.147557,53.892010,2023-01-23T12:54:10Z
212746000,9.147565,53.892020,2023-01-23T12:54:41Z
212746000,9.147589,53.892011,2023-01-23T12:55:19Z
212746000,9.147567,53.892005,2023-01-23T12:55:51Z
212746000,9.147569,53.891993,2023-01-23T12:56:24Z
212746000,9.147579,53.892000,2023-01-23T12:57:02Z
212746000,9.147574,53.891988,2023-01-23T12:57:41Z
212746000,9.147569,53.891978,2023-01-23T12:58:18Z
212746000,9.147577,53.891983,2023-01-23T12:58:50Z
212746000,9.147585,53.892016,2023-01-23T12:59:21Z
212746000,9.147572,53.891996,2023-01-23T13:00:02Z
212746000,9.147585,53.892013,2023-01-23T13:00:41Z
212746000,9.147572,53.892006,2023-01-23T13:01:19Z
212746000,9.147552,53.891976,2023-01-23T13:01:50Z
212746000,9.147555,53.891981,2023-01-23T13:02:22Z
212746000,9.147565,53.892003,2023-01-23T13:03:02Z
212746000,9.147562,53.891985,2023-01-23T13:03:41Z
212746000,9.147550,53.891968,2023-01-23T13:04:22Z
212746000,9.147574,53.892003,2023-01-23T13:05:02Z
212746000,9.147569,53.892010,2023-01-23T13:05:41Z
212746000,9.147567,53.892010,2023-01-23T13:06:18Z
212746000,9.147582,53.891980,2023-01-23T13:06:50Z
212746000,9.147579,53.891990,2023-01-23T13:07:22Z
212746000,9.147582,53.891993,2023-01-23T13:08:02Z
212746000,9.147572,53.891986,2023-01-23T13:08:41Z
212746000,9.147579,53.892001,2023-01-23T13:09:18Z
212746000,9.147569,53.891990,2023-01-23T13:09:52Z
212746000,9.147592,53.892006,2023-01-23T13:10:23Z
212746000,9.147649,53.892031,2023-01-23T13:11:01Z
212746000,9.147937,53.892215,2023-01-23T13:11:41Z
212746000,9.148170,53.892383,2023-01-23T13:12:20Z
212746000,9.148997,53.893006,2023-01-23T13:12:52Z
212746000,9.149432,53.893331,2023-01-23T13:13:22Z
212746000,9.150880,53.894403,2023-01-23T13:14:01Z
212746000,9.151915,53.895175,2023-01-23T13:14:31Z
212746000,9.152692,53.895763,2023-01-23T13:15:10Z
212746000,9.154607,53.897228,2023-01-23T13:15:42Z
212746000,9.155787,53.898087,2023-01-23T13:16:23Z
212746000,9.157823,53.899543,2023-01-23T13:17:01Z
212746000,9.159391,53.900519,2023-01-23T13:17:42Z
212746000,9.160527,53.901187,2023-01-23T13:18:23Z
212746000,9.162283,53.902244,2023-01-23T13:19:01Z
212746000,9.163294,53.902862,2023-01-23T13:19:32Z
212746000,9.164004,53.903294,2023-01-23T13:20:10Z
212746000,9.165749,53.904287,2023-01-23T13:20:42Z
212746000,9.166384,53.904661,2023-01-23T13:21:18Z
212746000,9.168078,53.905751,2023-01-23T13:21:52Z
212746000,9.168754,53.906199,2023-01-23T13:22:25Z
212746000,9.170499,53.907279,2023-01-23T13:23:01Z
212746000,9.171682,53.907964,2023-01-23T13:23:31Z
212746000,9.172850,53.908639,2023-01-23T13:24:02Z
212746000,9.174442,53.909522,2023-01-23T13:24:42Z
212746000,9.175247,53.909947,2023-01-23T13:25:19Z
212746000,9.177236,53.911041,2023-01-23T13:25:52Z
212746000,9.178019,53.911462,2023-01-23T13:26:23Z
636020533,9.177935,53.912700,2023-01-23T11:59:36Z
636020533,9.177489,53.912462,2023-01-23T12:00:18Z
636020533,9.176153,53.911726,2023-01-23T12:00:57Z
636020533,9.175575,53.911371,2023-01-23T12:01:29Z
636020533,9.175062,53.911064,2023-01-23T12:02:18Z
636020533,9.174066,53.910491,2023-01-23T12:02:57Z
636020533,9.173538,53.910229,2023-01-23T12:03:30Z
636020533,9.173049,53.910011,2023-01-23T12:04:18Z
636020533,9.172038,53.909590,2023-01-23T12:04:57Z
636020533,9.171585,53.909375,2023-01-23T12:05:29Z
636020533,9.171241,53.909182,2023-01-23T12:06:18Z
636020533,9.170624,53.908808,2023-01-23T12:06:57Z
636020533,9.170233,53.908606,2023-01-23T12:07:36Z
636020533,9.169993,53.908499,2023-01-23T12:08:17Z
636020533,9.169221,53.908189,2023-01-23T12:08:57Z
636020533,9.168810,53.908002,2023-01-23T12:09:36Z
636020533,9.168610,53.907902,2023-01-23T12:10:18Z
636020533,9.168134,53.907633,2023-01-23T12:10:57Z
636020533,9.167940,53.907504,2023-01-23T12:11:30Z
636020533,9.167730,53.907385,2023-01-23T12:12:19Z
636020533,9.167275,53.907188,2023-01-23T12:12:56Z
636020533,9.167001,53.907086,2023-01-23T12:13:29Z
636020533,9.166764,53.906994,2023-01-23T12:14:18Z
636020533,9.166309,53.906805,2023-01-23T12:14:56Z
636020533,9.166084,53.906692,2023-01-23T12:15:29Z
636020533,9.165889,53.906593,2023-01-23T12:16:18Z
636020533,9.165473,53.906382,2023-01-23T12:16:56Z
636020533,9.165261,53.906267,2023-01-23T12:17:29Z
636020533,9.165058,53.906163,2023-01-23T12:18:19Z
636020533,9.164643,53.905955,2023-01-23T12:18:56Z
636020533,9.164441,53.905848,2023-01-23T12:19:29Z
636020533,9.164269,53.905750,2023-01-23T12:20:19Z
636020533,9.163908,53.905551,2023-01-23T12:20:56Z
636020533,9.163689,53.905443,2023-01-23T12:21:28Z
636020533,9.163506,53.905345,2023-01-23T12:22:17Z
636020533,9.163163,53.905152,2023-01-23T12:22:57Z
636020533,9.162986,53.905050,2023-01-23T12:23:28Z
636020533,9.162808,53.904953,2023-01-23T12:24:19Z
636020533,9.162448,53.904742,2023-01-23T12:24:57Z
636020533,9.162296,53.904638,2023-01-23T12:25:28Z
636020533,9.162146,53.904546,2023-01-23T12:26:18Z
636020533,9.161818,53.904364,2023-01-23T12:26:57Z
636020533,9.161643,53.904279,2023-01-23T12:27:28Z
636020533,9.161455,53.904191,2023-01-23T12:28:18Z
636020533,9.161073,53.904029,2023-01-23T12:28:57Z
636020533,9.160891,53.903958,2023-01-23T12:29:29Z
636020533,9.160699,53.903888,2023-01-23T12:30:16Z
636020533,9.160327,53.903765,2023-01-23T12:30:57Z
636020533,9.160149,53.903709,2023-01-23T12:31:29Z
636020533,9.160007,53.903651,2023-01-23T12:32:18Z
636020533,9.159896,53.903577,2023-01-23T12:32:57Z
636020533,9.159844,53.903544,2023-01-23T12:33:28Z
636020533,9.159759,53.903494,2023-01-23T12:34:18Z
636020533,9.159590,53.903391,2023-01-23T12:34:57Z
636020533,9.159493,53.903336,2023-01-23T12:35:27Z
636020533,9.159462,53.903292,2023-01-23T12:36:18Z
636020533,9.159536,53.903237,2023-01-23T12:36:57Z
636020533,9.159569,53.903218,2023-01-23T12:37:28Z
636020533,9.159543,53.903195,2023-01-23T12:38:19Z
636020533,9.159433,53.903129,2023-01-23T12:38:57Z
636020533,9.159386,53.903097,2023-01-23T12:39:29Z
636020533,9.159357,53.903065,2023-01-23T12:40:19Z
636020533,9.159373,53.903015,2023-01-23T12:40:57Z
636020533,9.159385,53.902994,2023-01-23T12:41:28Z
636020533,9.159350,53.902973,2023-01-23T12:42:19Z
636020533,9.159185,53.902929,2023-01-23T12:42:57Z
636020533,9.159091,53.902909,2023-01-23T12:43:29Z
636020533,9.158999,53.902885,2023-01-23T12:44:20Z
636020533,9.158786,53.902819,2023-01-23T12:44:57Z
636020533,9.158678,53.902782,2023-01-23T12:45:31Z
636020533,9.158566,53.902740,2023-01-23T12:46:18Z
636020533,9.158446,53.902673,2023-01-23T12:46:55Z
636020533,9.158463,53.902660,2023-01-23T12:47:26Z
636020533,9.158523,53.902650,2023-01-23T12:48:19Z
636020533,9.158614,53.902644,2023-01-23T12:48:55Z
636020533,9.158623,53.902641,2023-01-23T12:49:26Z
636020533,9.158603,53.902633,2023-01-23T12:50:19Z
636020533,9.158554,53.902622,2023-01-23T12:50:55Z
636020533,9.158541,53.902615,2023-01-23T12:51:29Z
636020533,9.158529,53.902607,2023-01-23T12:52:19Z
636020533,9.158494,53.902590,2023-01-23T12:52:57Z
636020533,9.158469,53.902573,2023-01-23T12:53:27Z
636020533,9.158356,53.902550,2023-01-23T12:54:18Z
636020533,9.157942,53.902367,2023-01-23T12:54:57Z
636020533,9.157730,53.902232,2023-01-23T12:55:29Z
636020533,9.157492,53.902109,2023-01-23T12:56:19Z
636020533,9.156988,53.901830,2023-01-23T12:56:57Z
636020533,9.156699,53.901688,2023-01-23T12:57:28Z
636020533,9.156463,53.901547,2023-01-23T12:58:17Z
636020533,9.155989,53.901297,2023-01-23T12:58:57Z
636020533,9.155726,53.901145,2023-01-23T12:59:36Z
636020533,9.155581,53.901067,2023-01-23T13:00:18Z
636020533,9.155276,53.900859,2023-01-23T13:00:57Z
636020533,9.155073,53.900750,2023-01-23T13:01:28Z
636020533,9.154808,53.900605,2023-01-23T13:02:18Z
636020533,9.154134,53.900233,2023-01-23T13:02:57Z
636020533,9.153567,53.899927,2023-01-23T13:03:37Z
636020533,9.153175,53.899716,2023-01-23T13:04:20Z
636020533,9.151829,53.898946,2023-01-23T13:04:56Z
636020533,9.150935,53.898428,2023-01-23T13:05:36Z
636020533,9.150465,53.898160,2023-01-23T13:06:17Z
636020533,9.149298,53.897450,2023-01-23T13:06:56Z
636020533,9.148767,53.897150,2023-01-23T13:07:27Z
636020533,9.148228,53.896857,2023-01-23T13:08:17Z
636020533,9.147365,53.896379,2023-01-23T13:08:56Z
636020533,9.147018,53.896185,2023-01-23T13:09:27Z
636020533,9.146690,53.896010,2023-01-23T13:10:19Z
636020533,9.146065,53.895704,2023-01-23T13:10:57Z
636020533,9.145800,53.895552,2023-01-23T13:11:28Z
636020533,9.145632,53.895439,2023-01-23T13:12:19Z
636020533,9.145513,53.895297,2023-01-23T13:12:57Z
636020533,9.145430,53.895255,2023-01-23T13:13:28Z
636020533,9.145423,53.895250,2023-01-23T13:14:19Z
636020533,9.145423,53.895250,2023-01-23T13:14:57Z
636020533,9.145453,53.895255,2023-01-23T13:15:47Z
636020533,9.145455,53.895255,2023-01-23T13:16:19Z
636020533,9.145456,53.895255,2023-01-23T13:16:56Z
636020533,9.145456,53.895255,2023-01-23T13:17:29Z
636020533,9.145455,53.895254,2023-01-23T13:18:18Z
636020533,9.145455,53.895254,2023-01-23T13:19:19Z
636020533,9.145438,53.895245,2023-01-23T13:19:56Z
636020533,9.145453,53.895254,2023-01-23T13:20:26Z
636020533,9.145435,53.895244,2023-01-23T13:21:17Z
636020533,9.145435,53.895245,2023-01-23T13:21:55Z
636020533,9.145435,53.895245,2023-01-23T13:22:27Z
636020533,9.145433,53.895245,2023-01-23T13:23:16Z
636020533,9.145433,53.895245,2023-01-23T13:23:55Z
636020533,9.145432,53.895245,2023-01-23T13:24:25Z
636020533,9.145430,53.895244,2023-01-23T13:25:17Z
636020533,9.145430,53.895245,2023-01-23T13:25:55Z
636020533,9.145430,53.895245,2023-01-23T13:26:29Z
636020533,9.145430,53.895245,2023-01-23T13:27:17Z
636020533,9.145428,53.895245,2023-01-23T13:27:56Z
636020533,9.145428,53.895245,2023-01-23T13:28:29Z
636020533,9.145428,53.895245,2023-01-23T13:29:17Z
636020533,9.145428,53.895245,2023-01-23T13:29:56Z
636020533,9.145428,53.895245,2023-01-23T13:30:29Z
636020533,9.145428,53.895245,2023-01-23T13:31:17Z
636020533,9.145432,53.895247,2023-01-23T13:32:18Z
636020533,9.145433,53.895247,2023-01-23T13:32:56Z
636020533,9.145433,53.895247,2023-01-23T13:33:36Z
636020533,9.145433,53.895247,2023-01-23T13:34:20Z
636020533,9.145433,53.895247,2023-01-23T13:34:56Z
636020533,9.145432,53.895247,2023-01-23T13:35:47Z
636020533,9.145430,53.895245,2023-01-23T13:36:19Z
636020533,9.145430,53.895245,2023-01-23T13:36:56Z
636020533,9.145427,53.895245,2023-01-23T13:37:29Z
636020533,9.145427,53.895245,2023-01-23T13:38:19Z
636020533,9.145427,53.895245,2023-01-23T13:38:56Z
636020533,9.145417,53.895244,2023-01-23T13:39:46Z
636020533,9.145407,53.895237,2023-01-23T13:40:19Z
636020533,9.145216,53.895145,2023-01-23T13:40:56Z
636020533,9.144945,53.895024,2023-01-23T13:41:29Z
636020533,9.144619,53.894853,2023-01-23T13:42:19Z
636020533,9.143548,53.894337,2023-01-23T13:42:56Z
636020533,9.142881,53.893997,2023-01-23T13:43:28Z
636020533,9.142184,53.893635,2023-01-23T13:44:18Z
636020533,9.140382,53.892784,2023-01-23T13:44:56Z
636020533,9.139285,53.892243,2023-01-23T13:45:29Z
636020533,9.138141,53.891629,2023-01-23T13:46:19Z
636020533,9.135745,53.890240,2023-01-23T13:46:56Z
636020533,9.134425,53.889470,2023-01-23T13:47:27Z
636020533,9.133031,53.888632,2023-01-23T13:48:17Z
636020533,9.130067,53.886721,2023-01-23T13:48:57Z
636020533,9.129101,53.886162,2023-01-23T13:49:27Z
636020533,9.126812,53.885066,2023-01-23T13:50:19Z
636020533,9.123030,53.883689,2023-01-23T13:50:57Z
636020533,9.120964,53.883043,2023-01-23T13:51:29Z
636020533,9.118662,53.882516,2023-01-23T13:52:17Z
636020533,9.113624,53.881492,2023-01-23T13:52:57Z
636020533,9.110976,53.880982,2023-01-23T13:53:30Z
636020533,9.108375,53.880451,2023-01-23T13:54:17Z
211421690,9.178341,53.912295,2023-01-23T12:55:39Z
211421690,9.177290,53.911745,2023-01-23T12:56:23Z
211421690,9.175693,53.910829,2023-01-23T12:57:01Z
211421690,9.174493,53.910156,2023-01-23T12:57:39Z
211421690,9.173488,53.909607,2023-01-23T12:58:21Z
211421690,9.171792,53.908718,2023-01-23T12:59:00Z
211421690,9.170708,53.908179,2023-01-23T12:59:30Z
211421690,9.169661,53.907668,2023-01-23T13:00:04Z
211421690,9.168274,53.906955,2023-01-23T13:00:39Z
211421690,9.167156,53.906312,2023-01-23T13:01:19Z
211421690,9.165281,53.904851,2023-01-23T13:01:50Z
211421690,9.164578,53.904315,2023-01-23T13:02:22Z
211421690,9.163480,53.903510,2023-01-23T13:02:53Z
211421690,9.162608,53.903093,2023-01-23T13:03:23Z
211421690,9.161269,53.902465,2023-01-23T13:03:53Z
211421690,9.160928,53.902280,2023-01-23T13:04:23Z
211421690,9.159694,53.901597,2023-01-23T13:05:00Z
211421690,9.159062,53.901195,2023-01-23T13:05:30Z
211421690,9.158407,53.900749,2023-01-23T13:06:03Z
211421690,9.157903,53.900419,2023-01-23T13:06:33Z
211421690,9.157598,53.900214,2023-01-23T13:07:04Z
211421690,9.157291,53.900047,2023-01-23T13:07:36Z
211421690,9.157173,53.899983,2023-01-23T13:08:21Z
211421690,9.157163,53.899601,2023-01-23T13:08:53Z
211421690,9.157202,53.899014,2023-01-23T13:09:24Z
211421690,9.156744,53.898281,2023-01-23T13:09:56Z
211421690,9.156001,53.897661,2023-01-23T13:10:28Z
211421690,9.155058,53.896805,2023-01-23T13:10:59Z
211421690,9.154450,53.896268,2023-01-23T13:11:30Z
211421690,9.154073,53.895954,2023-01-23T13:12:04Z
211421690,9.153778,53.895722,2023-01-23T13:12:39Z
211421690,9.153721,53.895683,2023-01-23T13:13:22Z
211421690,9.153053,53.895204,2023-01-23T13:13:53Z
211421690,9.152583,53.894885,2023-01-23T13:14:24Z
211421690,9.150832,53.893909,2023-01-23T13:14:56Z
211421690,9.149535,53.893180,2023-01-23T13:15:27Z
211421690,9.148463,53.892486,2023-01-23T13:15:59Z
211421690,9.147616,53.891910,2023-01-23T13:16:30Z
211421690,9.147517,53.891879,2023-01-23T13:17:03Z
211421690,9.147533,53.891872,2023-01-23T13:17:39Z
211421690,9.147543,53.891879,2023-01-23T13:18:21Z
211421690,9.147504,53.891886,2023-01-23T13:18:53Z
211421690,9.147512,53.891802,2023-01-23T13:19:23Z
211421690,9.147523,53.891875,2023-01-23T13:19:59Z
211421690,9.147523,53.891881,2023-01-23T13:20:30Z
211421690,9.147556,53.891885,2023-01-23T13:21:00Z
211421690,9.147552,53.891885,2023-01-23T13:21:36Z
211421690,9.147555,53.891891,2023-01-23T13:22:23Z
211421690,9.147549,53.891880,2023-01-23T13:23:00Z
211421690,9.147549,53.891878,2023-01-23T13:23:39Z
211421690,9.147556,53.891883,2023-01-23T13:24:23Z
211421690,9.147570,53.891889,2023-01-23T13:25:00Z
211421690,9.147564,53.891892,2023-01-23T13:25:39Z
211421690,9.147557,53.891891,2023-01-23T13:26:22Z
211421690,9.147544,53.891885,2023-01-23T13:27:00Z
211421690,9.147536,53.891885,2023-01-23T13:27:39Z
211421690,9.147569,53.891889,2023-01-23T13:28:20Z
211421690,9.147608,53.891881,2023-01-23T13:28:53Z
211421690,9.147310,53.891599,2023-01-23T13:29:23Z
211421690,9.146257,53.890887,2023-01-23T13:29:53Z
211421690,9.145334,53.890433,2023-01-23T13:30:24Z
211421690,9.143346,53.889318,2023-01-23T13:30:56Z
211421690,9.142083,53.888420,2023-01-23T13:31:27Z
211421690,9.141780,53.887217,2023-01-23T13:32:00Z
211421690,9.144071,53.886650,2023-01-23T13:32:33Z
211421690,9.146169,53.886247,2023-01-23T13:33:04Z
211421690,9.149343,53.885701,2023-01-23T13:33:39Z
211421690,9.151307,53.885475,2023-01-23T13:34:21Z
211421690,9.156396,53.885050,2023-01-23T13:35:00Z
211421690,9.158903,53.884860,2023-01-23T13:35:30Z
211421690,9.161550,53.884689,2023-01-23T13:36:05Z
211421690,9.164871,53.884484,2023-01-23T13:36:40Z
211421690,9.167326,53.884379,2023-01-23T13:37:23Z
211421690,9.171711,53.884237,2023-01-23T13:38:00Z
211421690,9.174997,53.884179,2023-01-23T13:38:40Z
211421690,9.177551,53.884089,2023-01-23T13:39:21Z
211421690,9.181827,53.883990,2023-01-23T13:39:59Z
211421690,9.184379,53.883957,2023-01-23T13:40:29Z
211421690,9.186915,53.883934,2023-01-23T13:41:05Z
246553000,9.104257,53.882858,2023-01-23T13:49:28Z
246553000,9.106766,53.883395,2023-01-23T13:50:00Z
246553000,9.109279,53.883875,2023-01-23T13:50:39Z
246553000,9.110648,53.884125,2023-01-23T13:51:16Z
246553000,9.113708,53.884657,2023-01-23T13:51:49Z
246553000,9.115064,53.884902,2023-01-23T13:52:20Z
246553000,9.117931,53.885440,2023-01-23T13:52:59Z
246553000,9.119588,53.885720,2023-01-23T13:53:31Z
246553000,9.121311,53.885932,2023-01-23T13:54:14Z
246553000,9.124104,53.886258,2023-01-23T13:54:50Z
246553000,9.125149,53.886371,2023-01-23T13:55:22Z
246553000,9.127463,53.886663,2023-01-23T13:55:59Z
246553000,9.128938,53.886897,2023-01-23T13:56:30Z
246553000,9.130109,53.887122,2023-01-23T13:57:16Z
246553000,9.131980,53.887613,2023-01-23T13:57:50Z
246553000,9.132680,53.887830,2023-01-23T13:58:21Z
246553000,9.134249,53.888397,2023-01-23T13:58:58Z
246553000,9.135085,53.888756,2023-01-23T13:59:30Z
246553000,9.135773,53.889082,2023-01-23T14:00:14Z
246553000,9.136881,53.889600,2023-01-23T14:00:50Z
246553000,9.137317,53.889793,2023-01-23T14:01:22Z
246553000,9.138285,53.890266,2023-01-23T14:01:58Z
246553000,9.138813,53.890546,2023-01-23T14:02:30Z
246553000,9.139342,53.890816,2023-01-23T14:03:15Z
246553000,9.140165,53.891231,2023-01-23T14:03:49Z
246553000,9.140496,53.891403,2023-01-23T14:04:22Z
246553000,9.141181,53.891780,2023-01-23T14:04:58Z
246553000,9.141558,53.891998,2023-01-23T14:05:29Z
246553000,9.141964,53.892211,2023-01-23T14:06:15Z
246553000,9.142549,53.892533,2023-01-23T14:06:49Z
246553000,9.142746,53.892663,2023-01-23T14:07:22Z
246553000,9.143244,53.892936,2023-01-23T14:08:00Z
246553000,9.143575,53.893136,2023-01-23T14:08:40Z
246553000,9.143750,53.893231,2023-01-23T14:09:15Z
246553000,9.144122,53.893431,2023-01-23T14:09:50Z
246553000,9.144260,53.893499,2023-01-23T14:10:21Z
246553000,9.144595,53.893665,2023-01-23T14:11:00Z
246553000,9.144816,53.893788,2023-01-23T14:11:39Z
246553000,9.144930,53.893853,2023-01-23T14:12:16Z
246553000,9.145206,53.894003,2023-01-23T14:12:50Z
246553000,9.145295,53.894053,2023-01-23T14:13:23Z
246553000,9.145431,53.894120,2023-01-23T14:14:00Z
246553000,9.145430,53.894128,2023-01-23T14:14:50Z
246553000,9.145418,53.894123,2023-01-23T14:15:24Z
246553000,9.145426,53.894125,2023-01-23T14:16:00Z
246553000,9.145420,53.894119,2023-01-23T14:16:31Z
246553000,9.145420,53.894121,2023-01-23T14:17:17Z
246553000,9.145418,53.894121,2023-01-23T14:17:49Z
246553000,9.145417,53.894121,2023-01-23T14:18:22Z
246553000,9.145418,53.894121,2023-01-23T14:19:00Z
246553000,9.145418,53.894119,2023-01-23T14:19:39Z
246553000,9.145417,53.894119,2023-01-23T14:20:16Z
246553000,9.145417,53.894119,2023-01-23T14:20:49Z
246553000,9.145418,53.894118,2023-01-23T14:21:22Z
246553000,9.145418,53.894119,2023-01-23T14:22:00Z
246553000,9.145418,53.894121,2023-01-23T14:22:39Z
246553000,9.145418,53.894121,2023-01-23T14:23:15Z
246553000,9.145420,53.894119,2023-01-23T14:23:49Z
246553000,9.145420,53.894119,2023-01-23T14:24:22Z
246553000,9.145422,53.894119,2023-01-23T14:25:00Z
246553000,9.145422,53.894118,2023-01-23T14:25:30Z
246553000,9.145423,53.894119,2023-01-23T14:26:16Z
246553000,9.145422,53.894121,2023-01-23T14:26:48Z
246553000,9.145422,53.894123,2023-01-23T14:27:23Z
246553000,9.145422,53.894121,2023-01-23T14:28:00Z
246553000,9.145422,53.894123,2023-01-23T14:28:30Z
246553000,9.145425,53.894121,2023-01-23T14:29:16Z
246553000,9.145425,53.894121,2023-01-23T14:29:48Z
246553000,9.145425,53.894121,2023-01-23T14:30:21Z
246553000,9.145427,53.894119,2023-01-23T14:30:59Z
246553000,9.145427,53.894119,2023-01-23T14:31:31Z
246553000,9.145427,53.894121,2023-01-23T14:32:15Z
246553000,9.145425,53.894124,2023-01-23T14:32:48Z
246553000,9.145423,53.894126,2023-01-23T14:33:21Z
246553000,9.145423,53.894126,2023-01-23T14:33:59Z
246553000,9.145423,53.894126,2023-01-23T14:34:30Z
246553000,9.145422,53.894129,2023-01-23T14:35:15Z
246553000,9.145422,53.894126,2023-01-23T14:35:50Z
246553000,9.145425,53.894123,2023-01-23T14:36:23Z
246553000,9.145425,53.894124,2023-01-23T14:36:59Z
246553000,9.145425,53.894128,2023-01-23T14:37:30Z
246553000,9.145423,53.894128,2023-01-23T14:38:16Z
246553000,9.145427,53.894126,2023-01-23T14:38:50Z
246553000,9.145428,53.894126,2023-01-23T14:39:22Z
246553000,9.145428,53.894126,2023-01-23T14:39:59Z
246553000,9.145428,53.894124,2023-01-23T14:40:30Z
246553000,9.145430,53.894123,2023-01-23T14:41:15Z
246553000,9.145430,53.894123,2023-01-23T14:41:50Z
246553000,9.145430,53.894123,2023-01-23T14:42:24Z
246553000,9.145427,53.894123,2023-01-23T14:42:59Z
246553000,9.145430,53.894123,2023-01-23T14:43:29Z
246553000,9.145432,53.894121,2023-01-23T14:44:17Z
246553000,9.145432,53.894123,2023-01-23T14:44:50Z
246553000,9.145433,53.894123,2023-01-23T14:45:23Z
246553000,9.145430,53.894121,2023-01-23T14:45:59Z
246553000,9.145432,53.894121,2023-01-23T14:46:30Z
246553000,9.145442,53.894128,2023-01-23T14:47:15Z
246553000,9.145523,53.894169,2023-01-23T14:47:50Z
246553000,9.145572,53.894193,2023-01-23T14:48:22Z
246553000,9.145830,53.894296,2023-01-23T14:48:59Z
246553000,9.146118,53.894425,2023-01-23T14:49:30Z
246553000,9.146473,53.894600,2023-01-23T14:50:15Z
246553000,9.147275,53.895010,2023-01-23T14:50:50Z
246553000,9.147648,53.895216,2023-01-23T14:51:22Z
246553000,9.148675,53.895718,2023-01-23T14:52:00Z
246553000,9.149336,53.896035,2023-01-23T14:52:30Z
246553000,9.150110,53.896401,2023-01-23T14:53:14Z
246553000,9.151440,53.897063,2023-01-23T14:53:50Z
246553000,9.151968,53.897348,2023-01-23T14:54:22Z
246553000,9.153420,53.898050,2023-01-23T14:55:00Z
246553000,9.154616,53.898623,2023-01-23T14:55:39Z
246553000,9.155199,53.898892,2023-01-23T14:56:16Z
246553000,9.156842,53.899583,2023-01-23T14:56:49Z
246553000,9.157499,53.899847,2023-01-23T14:57:22Z
246553000,9.159200,53.900588,2023-01-23T14:57:59Z
246553000,9.160223,53.901070,2023-01-23T14:58:30Z
246553000,9.161245,53.901605,2023-01-23T14:59:14Z
246553000,9.162910,53.902600,2023-01-23T14:59:49Z
246553000,9.163543,53.902990,2023-01-23T15:00:23Z
246553000,9.165248,53.904059,2023-01-23T15:00:59Z
246553000,9.166298,53.904702,2023-01-23T15:01:30Z
246553000,9.167368,53.905369,2023-01-23T15:02:15Z
246553000,9.169194,53.906546,2023-01-23T15:02:50Z
246553000,9.169842,53.906973,2023-01-23T15:03:23Z
246553000,9.171752,53.908044,2023-01-23T15:03:59Z
246553000,9.172948,53.908680,2023-01-23T15:04:32Z
246553000,9.174086,53.909243,2023-01-23T15:05:16Z
246553000,9.176176,53.910193,2023-01-23T15:05:50Z
246553000,9.177046,53.910586,2023-01-23T15:06:21Z
246553000,9.179270,53.911673,2023-01-23T15:06:59Z
255806465,9.103997,53.883515,2023-01-23T13:55:26Z
255806465,9.106607,53.884052,2023-01-23T13:56:01Z
255806465,9.109145,53.884535,2023-01-23T13:56:41Z
255806465,9.110397,53.884779,2023-01-23T13:57:17Z
255806465,9.113582,53.885308,2023-01-23T13:57:50Z
255806465,9.114914,53.885550,2023-01-23T13:58:21Z
255806465,9.118042,53.885925,2023-01-23T13:59:00Z
255806465,9.119791,53.886126,2023-01-23T13:59:30Z
255806465,9.121623,53.886302,2023-01-23T14:00:14Z
255806465,9.124525,53.886578,2023-01-23T14:00:50Z
255806465,9.125736,53.886718,2023-01-23T14:01:23Z
255806465,9.128128,53.887127,2023-01-23T14:02:00Z
255806465,9.129318,53.887390,2023-01-23T14:02:31Z
255806465,9.130438,53.887683,2023-01-23T14:03:15Z
255806465,9.131974,53.888138,2023-01-23T14:03:50Z
255806465,9.132517,53.888328,2023-01-23T14:04:22Z
255806465,9.133666,53.888715,2023-01-23T14:05:00Z
255806465,9.134538,53.889022,2023-01-23T14:05:40Z
255806465,9.134971,53.889177,2023-01-23T14:06:16Z
255806465,9.136138,53.889648,2023-01-23T14:06:50Z
255806465,9.136635,53.889830,2023-01-23T14:07:22Z
255806465,9.137912,53.890339,2023-01-23T14:08:00Z
255806465,9.138858,53.890756,2023-01-23T14:08:40Z
255806465,9.139309,53.890936,2023-01-23T14:09:16Z
255806465,9.140286,53.891378,2023-01-23T14:09:50Z
255806465,9.140612,53.891541,2023-01-23T14:10:21Z
255806465,9.141183,53.891875,2023-01-23T14:11:00Z
255806465,9.141437,53.892040,2023-01-23T14:11:39Z
255806465,9.141634,53.892142,2023-01-23T14:12:17Z
255806465,9.142051,53.892404,2023-01-23T14:12:50Z
255806465,9.142221,53.892521,2023-01-23T14:13:23Z
255806465,9.142672,53.892737,2023-01-23T14:13:59Z
255806465,9.142931,53.892889,2023-01-23T14:14:39Z
255806465,9.143017,53.892954,2023-01-23T14:15:17Z
255806465,9.143201,53.893076,2023-01-23T14:15:49Z
255806465,9.143244,53.893091,2023-01-23T14:16:23Z
255806465,9.143340,53.893142,2023-01-23T14:16:59Z
255806465,9.143334,53.893124,2023-01-23T14:17:30Z
255806465,9.143332,53.893149,2023-01-23T14:18:16Z
255806465,9.143312,53.893156,2023-01-23T14:18:49Z
255806465,9.143301,53.893154,2023-01-23T14:19:22Z
255806465,9.143304,53.893146,2023-01-23T14:19:59Z
255806465,9.143339,53.893124,2023-01-23T14:20:30Z
255806465,9.143311,53.893134,2023-01-23T14:21:16Z
255806465,9.143327,53.893106,2023-01-23T14:21:51Z
255806465,9.143309,53.893099,2023-01-23T14:22:22Z
255806465,9.143319,53.893117,2023-01-23T14:23:00Z
255806465,9.143292,53.893119,2023-01-23T14:23:39Z
255806465,9.143301,53.893109,2023-01-23T14:24:15Z
255806465,9.143327,53.893092,2023-01-23T14:24:50Z
255806465,9.143333,53.893092,2023-01-23T14:25:23Z
255806465,9.143348,53.893127,2023-01-23T14:26:00Z
255806465,9.143342,53.893157,2023-01-23T14:26:32Z
255806465,9.143328,53.893154,2023-01-23T14:27:17Z
255806465,9.143352,53.893157,2023-01-23T14:27:50Z
255806465,9.143337,53.893145,2023-01-23T14:28:24Z
255806465,9.143347,53.893132,2023-01-23T14:29:00Z
255806465,9.143340,53.893150,2023-01-23T14:29:30Z
255806465,9.143315,53.893145,2023-01-23T14:30:15Z
255806465,9.143377,53.893150,2023-01-23T14:30:50Z
255806465,9.143365,53.893149,2023-01-23T14:31:23Z
255806465,9.143352,53.893142,2023-01-23T14:32:01Z
255806465,9.143335,53.893135,2023-01-23T14:32:41Z
255806465,9.143283,53.893064,2023-01-23T14:33:15Z
255806465,9.143292,53.893087,2023-01-23T14:33:50Z
255806465,9.143295,53.893097,2023-01-23T14:34:23Z
255806465,9.143357,53.893112,2023-01-23T14:35:01Z
255806465,9.143250,53.893034,2023-01-23T14:35:40Z
255806465,9.143322,53.893084,2023-01-23T14:36:17Z
255806465,9.143340,53.893102,2023-01-23T14:36:51Z
255806465,9.143355,53.893092,2023-01-23T14:37:23Z
255806465,9.143385,53.893139,2023-01-23T14:38:00Z
255806465,9.143343,53.893130,2023-01-23T14:38:40Z
255806465,9.143328,53.893122,2023-01-23T14:39:16Z
255806465,9.143381,53.893128,2023-01-23T14:39:51Z
255806465,9.143383,53.893108,2023-01-23T14:40:23Z
255806465,9.143346,53.893105,2023-01-23T14:41:00Z
255806465,9.143319,53.893076,2023-01-23T14:41:40Z
255806465,9.143351,53.893085,2023-01-23T14:42:17Z
255806465,9.143363,53.893100,2023-01-23T14:42:51Z
255806465,9.143357,53.893097,2023-01-23T14:43:23Z
255806465,9.143363,53.893068,2023-01-23T14:44:00Z
255806465,9.143352,53.893082,2023-01-23T14:44:31Z
255806465,9.143377,53.893094,2023-01-23T14:45:17Z
255806465,9.143351,53.893111,2023-01-23T14:45:50Z
255806465,9.143331,53.893111,2023-01-23T14:46:23Z
255806465,9.143313,53.893120,2023-01-23T14:47:00Z
255806465,9.143340,53.893114,2023-01-23T14:47:31Z
255806465,9.143352,53.893132,2023-01-23T14:48:16Z
255806465,9.143359,53.893138,2023-01-23T14:48:50Z
255806465,9.143339,53.893130,2023-01-23T14:49:23Z
255806465,9.143315,53.893127,2023-01-23T14:50:00Z
255806465,9.143345,53.893132,2023-01-23T14:50:31Z
255806465,9.143388,53.893162,2023-01-23T14:51:16Z
255806465,9.143794,53.893344,2023-01-23T14:51:49Z
255806465,9.144059,53.893476,2023-01-23T14:52:23Z
255806465,9.144746,53.893862,2023-01-23T14:52:59Z
255806465,9.145236,53.894127,2023-01-23T14:53:30Z
255806465,9.145782,53.894420,2023-01-23T14:54:15Z
255806465,9.146842,53.894975,2023-01-23T14:54:49Z
255806465,9.147325,53.895245,2023-01-23T14:55:23Z
255806465,9.148602,53.895950,2023-01-23T14:55:59Z
255806465,9.149506,53.896476,2023-01-23T14:56:30Z
255806465,9.150585,53.897015,2023-01-23T14:57:15Z
255806465,9.152521,53.897809,2023-01-23T14:57:49Z
255806465,9.153383,53.898114,2023-01-23T14:58:23Z
255806465,9.155436,53.898794,2023-01-23T14:59:00Z
255806465,9.157113,53.899332,2023-01-23T14:59:40Z
255806465,9.157914,53.899636,2023-01-23T15:00:16Z
255806465,9.159671,53.900494,2023-01-23T15:00:50Z
255806465,9.160317,53.900873,2023-01-23T15:01:23Z
255806465,9.161845,53.901846,2023-01-23T15:02:00Z
255806465,9.162996,53.902650,2023-01-23T15:02:40Z
255806465,9.163536,53.903053,2023-01-23T15:03:15Z
255806465,9.164867,53.904080,2023-01-23T15:03:50Z
255806465,9.165514,53.904492,2023-01-23T15:04:24Z
255806465,9.166965,53.905452,2023-01-23T15:05:00Z
255806465,9.167947,53.906059,2023-01-23T15:05:31Z
255806465,9.168990,53.906654,2023-01-23T15:06:15Z
255806465,9.170801,53.907731,2023-01-23T15:06:50Z
255806465,9.171561,53.908146,2023-01-23T15:07:23Z
255806465,9.173493,53.909146,2023-01-23T15:08:00Z
255806465,9.174722,53.909767,2023-01-23T15:08:30Z
255806465,9.175914,53.910329,2023-01-23T15:09:14Z
255806465,9.178022,53.911374,2023-01-23T15:09:50Z
255806465,9.178937,53.911821,2023-01-23T15:10:23Z
477858700,9.178061,53.912421,2023-01-23T14:28:53Z
477858700,9.177278,53.912008,2023-01-23T14:29:25Z
477858700,9.175824,53.911230,2023-01-23T14:30:17Z
477858700,9.173593,53.910042,2023-01-23T14:30:53Z
477858700,9.172826,53.909627,2023-01-23T14:31:25Z
477858700,9.171393,53.908888,2023-01-23T14:32:17Z
477858700,9.169411,53.907759,2023-01-23T14:32:53Z
477858700,9.168462,53.907210,2023-01-23T14:33:26Z
477858700,9.167497,53.906647,2023-01-23T14:34:19Z
477858700,9.165730,53.905594,2023-01-23T14:34:55Z
477858700,9.164886,53.905124,2023-01-23T14:35:27Z
477858700,9.163775,53.904466,2023-01-23T14:36:03Z
477858700,9.162930,53.903978,2023-01-23T14:36:33Z
477858700,9.162329,53.903629,2023-01-23T14:37:19Z
477858700,9.160660,53.902646,2023-01-23T14:37:55Z
477858700,9.159783,53.902136,2023-01-23T14:38:28Z
477858700,9.158748,53.901545,2023-01-23T14:39:03Z
477858700,9.157978,53.901116,2023-01-23T14:39:34Z
477858700,9.157464,53.900835,2023-01-23T14:40:19Z
477858700,9.156121,53.900108,2023-01-23T14:40:55Z
477858700,9.155464,53.899763,2023-01-23T14:41:28Z
477858700,9.154589,53.899313,2023-01-23T14:42:04Z
477858700,9.153749,53.898861,2023-01-23T14:42:45Z
477858700,9.153574,53.898768,2023-01-23T14:43:19Z
477858700,9.152538,53.898230,2023-01-23T14:43:53Z
477858700,9.152214,53.898066,2023-01-23T14:44:26Z
477858700,9.151573,53.897743,2023-01-23T14:45:04Z
477858700,9.151117,53.897488,2023-01-23T14:45:45Z
477858700,9.151012,53.897438,2023-01-23T14:46:18Z
477858700,9.150348,53.897069,2023-01-23T14:46:53Z
477858700,9.150160,53.896956,2023-01-23T14:47:24Z
477858700,9.149801,53.896726,2023-01-23T14:48:04Z
477858700,9.149571,53.896553,2023-01-23T14:48:34Z
477858700,9.149401,53.896453,2023-01-23T14:49:19Z
477858700,9.148881,53.896168,2023-01-23T14:49:54Z
477858700,9.148633,53.896038,2023-01-23T14:50:28Z
477858700,9.148344,53.895885,2023-01-23T14:51:04Z
477858700,9.148089,53.895758,2023-01-23T14:51:34Z
477858700,9.147903,53.895658,2023-01-23T14:52:19Z
477858700,9.147396,53.895386,2023-01-23T14:52:54Z
477858700,9.147264,53.895317,2023-01-23T14:53:27Z
477858700,9.147079,53.895208,2023-01-23T14:54:03Z
477858700,9.146919,53.895112,2023-01-23T14:54:34Z
477858700,9.146799,53.895047,2023-01-23T14:55:18Z
477858700,9.146488,53.894881,2023-01-23T14:55:55Z
477858700,9.146331,53.894801,2023-01-23T14:56:28Z
477858700,9.146111,53.894700,2023-01-23T14:57:03Z
477858700,9.145934,53.894628,2023-01-23T14:57:35Z
477858700,9.145881,53.894593,2023-01-23T14:58:18Z
477858700,9.145724,53.894498,2023-01-23T14:58:54Z
477858700,9.145666,53.894460,2023-01-23T14:59:27Z
477858700,9.145604,53.894417,2023-01-23T15:00:18Z
477858700,9.145399,53.894312,2023-01-23T15:00:54Z
477858700,9.145283,53.894260,2023-01-23T15:01:25Z
477858700,9.145148,53.894168,2023-01-23T15:02:17Z
477858700,9.145018,53.894126,2023-01-23T15:02:55Z
477858700,9.144961,53.894068,2023-01-23T15:03:29Z
477858700,9.144861,53.894015,2023-01-23T15:04:19Z
477858700,9.144828,53.894028,2023-01-23T15:04:55Z
477858700,9.144814,53.894005,2023-01-23T15:05:25Z
477858700,9.144863,53.894005,2023-01-23T15:06:17Z
477858700,9.144733,53.893956,2023-01-23T15:07:19Z
477858700,9.144733,53.893956,2023-01-23T15:07:55Z
477858700,9.144735,53.893981,2023-01-23T15:08:27Z
477858700,9.144734,53.893980,2023-01-23T15:09:17Z
477858700,9.144766,53.893986,2023-01-23T15:10:18Z
477858700,9.144744,53.893976,2023-01-23T15:10:55Z
477858700,9.144729,53.893958,2023-01-23T15:11:27Z
477858700,9.144711,53.893940,2023-01-23T15:12:19Z
477858700,9.144733,53.893947,2023-01-23T15:12:55Z
477858700,9.144718,53.893943,2023-01-23T15:13:28Z
477858700,9.144711,53.893937,2023-01-23T15:14:19Z
477858700,9.144743,53.893945,2023-01-23T15:14:55Z
477858700,9.144743,53.893938,2023-01-23T15:15:28Z
477858700,9.144741,53.893950,2023-01-23T15:16:19Z
477858700,9.144746,53.893958,2023-01-23T15:16:55Z
477858700,9.144743,53.893967,2023-01-23T15:17:27Z
477858700,9.144734,53.893968,2023-01-23T15:18:19Z
477858700,9.144758,53.893937,2023-01-23T15:18:55Z
477858700,9.144759,53.893937,2023-01-23T15:19:28Z
477858700,9.144756,53.893940,2023-01-23T15:20:18Z
477858700,9.144739,53.893953,2023-01-23T15:20:55Z
477858700,9.144736,53.893947,2023-01-23T15:21:29Z
477858700,9.144743,53.893940,2023-01-23T15:22:19Z
477858700,9.144748,53.893920,2023-01-23T15:22:55Z
477858700,9.144749,53.893928,2023-01-23T15:23:29Z
477858700,9.144746,53.893962,2023-01-23T15:24:03Z
477858700,9.144749,53.893965,2023-01-23T15:24:34Z
477858700,9.144748,53.893958,2023-01-23T15:25:19Z
477858700,9.144759,53.893965,2023-01-23T15:25:55Z
477858700,9.144753,53.893958,2023-01-23T15:26:27Z
477858700,9.144754,53.893927,2023-01-23T15:27:03Z
477858700,9.144754,53.893923,2023-01-23T15:27:33Z
477858700,9.144749,53.893920,2023-01-23T15:28:19Z
477858700,9.144746,53.893932,2023-01-23T15:28:53Z
477858700,9.144746,53.893935,2023-01-23T15:29:24Z
477858700,9.144748,53.893930,2023-01-23T15:30:18Z
477858700,9.144733,53.893943,2023-01-23T15:30:53Z
477858700,9.144739,53.893942,2023-01-23T15:31:24Z
477858700,9.144703,53.893970,2023-01-23T15:32:18Z
477858700,9.144756,53.893945,2023-01-23T15:32:53Z
477858700,9.144709,53.893985,2023-01-23T15:33:27Z
477858700,9.144766,53.893957,2023-01-23T15:34:17Z
477858700,9.144756,53.893948,2023-01-23T15:34:55Z
477858700,9.144749,53.893952,2023-01-23T15:35:25Z
477858700,9.144746,53.893963,2023-01-23T15:36:18Z
477858700,9.144671,53.893970,2023-01-23T15:36:55Z
477858700,9.144671,53.893967,2023-01-23T15:37:26Z
477858700,9.144678,53.893965,2023-01-23T15:38:17Z
477858700,9.144693,53.893967,2023-01-23T15:38:55Z
477858700,9.144751,53.893968,2023-01-23T15:39:28Z
477858700,9.144758,53.893958,2023-01-23T15:40:04Z
477858700,9.144754,53.893968,2023-01-23T15:40:35Z
477858700,9.144749,53.893975,2023-01-23T15:41:19Z
477858700,9.144739,53.893977,2023-01-23T15:41:54Z
477858700,9.144736,53.893980,2023-01-23T15:42:25Z
477858700,9.144701,53.893965,2023-01-23T15:43:04Z
477858700,9.144703,53.893968,2023-01-23T15:43:35Z
477858700,9.144688,53.893963,2023-01-23T15:44:18Z
477858700,9.144489,53.893885,2023-01-23T15:44:54Z
477858700,9.144397,53.893840,2023-01-23T15:45:26Z
477858700,9.144080,53.893678,2023-01-23T15:46:04Z
477858700,9.143738,53.893506,2023-01-23T15:46:45Z
477858700,9.143650,53.893458,2023-01-23T15:47:19Z
477858700,9.143063,53.893121,2023-01-23T15:47:54Z
477858700,9.142718,53.892917,2023-01-23T15:48:27Z
477858700,9.142213,53.892623,2023-01-23T15:49:03Z
477858700,9.141766,53.892393,2023-01-23T15:49:33Z
477858700,9.141450,53.892187,2023-01-23T15:50:19Z
477858700,9.140123,53.891515,2023-01-23T15:50:54Z
477858700,9.139270,53.891099,2023-01-23T15:51:28Z
477858700,9.138013,53.890549,2023-01-23T15:52:03Z
477858700,9.136518,53.889911,2023-01-23T15:52:45Z
477858700,9.136222,53.889779,2023-01-23T15:53:19Z
477858700,9.133769,53.888779,2023-01-23T15:53:53Z
477858700,9.132841,53.888408,2023-01-23T15:54:24Z
477858700,9.130540,53.887365,2023-01-23T15:55:04Z
477858700,9.128560,53.886425,2023-01-23T15:55:44Z
477858700,9.128066,53.886193,2023-01-23T15:56:19Z
477858700,9.124485,53.884491,2023-01-23T15:56:53Z
477858700,9.123233,53.883917,2023-01-23T15:57:23Z
477858700,9.120273,53.882826,2023-01-23T15:57:54Z
477858700,9.118153,53.882062,2023-01-23T15:58:27Z
477858700,9.114403,53.881076,2023-01-23T15:59:04Z
477858700,9.110744,53.880389,2023-01-23T15:59:44Z
477858700,9.109823,53.880230,2023-01-23T16:00:18Z
209452000,9.178892,53.911872,2023-01-23T14:39:44Z
209452000,9.178212,53.911505,2023-01-23T14:40:21Z
209452000,9.176572,53.910615,2023-01-23T14:40:54Z
209452000,9.175569,53.910070,2023-01-23T14:41:28Z
209452000,9.174652,53.909570,2023-01-23T14:42:02Z
209452000,9.173336,53.908862,2023-01-23T14:42:35Z
209452000,9.172389,53.908345,2023-01-23T14:43:22Z
209452000,9.170922,53.907547,2023-01-23T14:43:54Z
209452000,9.170325,53.907229,2023-01-23T14:44:26Z
209452000,9.169090,53.906586,2023-01-23T14:45:02Z
209452000,9.167890,53.905966,2023-01-23T14:45:36Z
209452000,9.166990,53.905501,2023-01-23T14:46:21Z
209452000,9.165477,53.904732,2023-01-23T14:46:56Z
209452000,9.164572,53.904267,2023-01-23T14:47:29Z
209452000,9.163651,53.903799,2023-01-23T14:48:02Z
209452000,9.162444,53.903180,2023-01-23T14:48:36Z
209452000,9.161557,53.902702,2023-01-23T14:49:21Z
209452000,9.160338,53.901944,2023-01-23T14:49:56Z
209452000,9.159665,53.901526,2023-01-23T14:50:28Z
209452000,9.159016,53.901137,2023-01-23T14:51:02Z
209452000,9.158184,53.900682,2023-01-23T14:51:36Z
209452000,9.157580,53.900364,2023-01-23T14:52:21Z
209452000,9.156600,53.899874,2023-01-23T14:52:55Z
209452000,9.156057,53.899584,2023-01-23T14:53:27Z
209452000,9.155534,53.899317,2023-01-23T14:54:02Z
209452000,9.154877,53.898992,2023-01-23T14:54:35Z
209452000,9.154425,53.898764,2023-01-23T14:55:21Z
209452000,9.153641,53.898394,2023-01-23T14:55:54Z
209452000,9.153362,53.898244,2023-01-23T14:56:25Z
209452000,9.152798,53.897974,2023-01-23T14:57:01Z
209452000,9.152151,53.897684,2023-01-23T14:57:35Z
209452000,9.151692,53.897465,2023-01-23T14:58:21Z
209452000,9.151009,53.897092,2023-01-23T14:58:54Z
209452000,9.150625,53.896857,2023-01-23T14:59:27Z
209452000,9.150275,53.896639,2023-01-23T15:00:01Z
209452000,9.149822,53.896359,2023-01-23T15:00:35Z
209452000,9.149585,53.896200,2023-01-23T15:01:21Z
209452000,9.149253,53.895970,2023-01-23T15:01:54Z
209452000,9.149093,53.895850,2023-01-23T15:02:28Z
209452000,9.148945,53.895747,2023-01-23T15:03:01Z
209452000,9.148713,53.895612,2023-01-23T15:03:35Z
209452000,9.148521,53.895518,2023-01-23T15:04:22Z
209452000,9.148254,53.895397,2023-01-23T15:04:54Z
209452000,9.148232,53.895387,2023-01-23T15:05:25Z
209452000,9.148193,53.895373,2023-01-23T15:06:01Z
209452000,9.148142,53.895345,2023-01-23T15:06:36Z
209452000,9.148127,53.895340,2023-01-23T15:07:22Z
209452000,9.148125,53.895340,2023-01-23T15:07:54Z
209452000,9.148034,53.895310,2023-01-23T15:08:27Z
209452000,9.147912,53.895265,2023-01-23T15:09:01Z
209452000,9.147777,53.895208,2023-01-23T15:09:36Z
209452000,9.147730,53.895177,2023-01-23T15:10:21Z
209452000,9.147583,53.895092,2023-01-23T15:10:55Z
209452000,9.147442,53.895026,2023-01-23T15:11:27Z
209452000,9.147312,53.894964,2023-01-23T15:12:01Z
209452000,9.147205,53.894907,2023-01-23T15:12:35Z
209452000,9.147112,53.894861,2023-01-23T15:13:22Z
209452000,9.146906,53.894759,2023-01-23T15:13:55Z
209452000,9.146834,53.894722,2023-01-23T15:14:25Z
209452000,9.146732,53.894664,2023-01-23T15:14:56Z
209452000,9.146661,53.894627,2023-01-23T15:15:29Z
209452000,9.146644,53.894614,2023-01-23T15:16:01Z
209452000,9.146667,53.894626,2023-01-23T15:16:35Z
209452000,9.146669,53.894625,2023-01-23T15:17:24Z
209452000,9.146664,53.894622,2023-01-23T15:17:56Z
209452000,9.146664,53.894622,2023-01-23T15:18:56Z
209452000,9.146662,53.894622,2023-01-23T15:19:28Z
209452000,9.146662,53.894624,2023-01-23T15:20:01Z
209452000,9.146661,53.894624,2023-01-23T15:20:34Z
209452000,9.146661,53.894624,2023-01-23T15:21:22Z
209452000,9.146659,53.894624,2023-01-23T15:21:54Z
209452000,9.146659,53.894624,2023-01-23T15:22:26Z
209452000,9.146659,53.894624,2023-01-23T15:23:01Z
209452000,9.146659,53.894625,2023-01-23T15:23:34Z
209452000,9.146659,53.894625,2023-01-23T15:24:21Z
209452000,9.146659,53.894625,2023-01-23T15:24:55Z
209452000,9.146659,53.894625,2023-01-23T15:25:28Z
209452000,9.146659,53.894625,2023-01-23T15:26:01Z
209452000,9.146657,53.894624,2023-01-23T15:26:35Z
209452000,9.146657,53.894625,2023-01-23T15:27:20Z
209452000,9.146657,53.894624,2023-01-23T15:27:55Z
209452000,9.146657,53.894624,2023-01-23T15:28:28Z
209452000,9.146659,53.894624,2023-01-23T15:29:01Z
209452000,9.146659,53.894622,2023-01-23T15:29:35Z
209452000,9.146659,53.894622,2023-01-23T15:30:20Z
209452000,9.146661,53.894622,2023-01-23T15:30:55Z
209452000,9.146661,53.894620,2023-01-23T15:31:25Z
209452000,9.146662,53.894622,2023-01-23T15:32:01Z
209452000,9.146664,53.894620,2023-01-23T15:32:35Z
209452000,9.146666,53.894620,2023-01-23T15:33:19Z
209452000,9.146666,53.894622,2023-01-23T15:33:55Z
209452000,9.146666,53.894622,2023-01-23T15:34:25Z
209452000,9.146666,53.894624,2023-01-23T15:35:01Z
209452000,9.146666,53.894624,2023-01-23T15:35:35Z
209452000,9.146666,53.894625,2023-01-23T15:36:21Z
209452000,9.146666,53.894625,2023-01-23T15:36:55Z
209452000,9.146666,53.894625,2023-01-23T15:37:26Z
209452000,9.146666,53.894625,2023-01-23T15:38:01Z
209452000,9.146667,53.894627,2023-01-23T15:38:36Z
209452000,9.146667,53.894627,2023-01-23T15:39:21Z
209452000,9.146667,53.894629,2023-01-23T15:39:55Z
209452000,9.146667,53.894629,2023-01-23T15:40:26Z
209452000,9.146669,53.894630,2023-01-23T15:41:01Z
209452000,9.146669,53.894632,2023-01-23T15:41:36Z
209452000,9.146669,53.894632,2023-01-23T15:42:22Z
209452000,9.146669,53.894632,2023-01-23T15:42:55Z
209452000,9.146671,53.894634,2023-01-23T15:43:28Z
209452000,9.146671,53.894634,2023-01-23T15:44:02Z
209452000,9.146672,53.894632,2023-01-23T15:44:34Z
209452000,9.146671,53.894632,2023-01-23T15:45:23Z
209452000,9.146672,53.894632,2023-01-23T15:45:55Z
209452000,9.146672,53.894632,2023-01-23T15:46:28Z
209452000,9.146672,53.894632,2023-01-23T15:47:02Z
209452000,9.146671,53.894630,2023-01-23T15:47:34Z
209452000,9.146664,53.894627,2023-01-23T15:48:20Z
209452000,9.146611,53.894599,2023-01-23T15:48:55Z
209452000,9.146550,53.894567,2023-01-23T15:49:27Z
209452000,9.146468,53.894529,2023-01-23T15:50:02Z
209452000,9.146287,53.894461,2023-01-23T15:50:36Z
209452000,9.146092,53.894382,2023-01-23T15:51:21Z
209452000,9.145758,53.894178,2023-01-23T15:51:55Z
209452000,9.145608,53.894085,2023-01-23T15:52:25Z
209452000,9.145198,53.893873,2023-01-23T15:53:02Z
209452000,9.144638,53.893618,2023-01-23T15:53:36Z
209452000,9.144170,53.893405,2023-01-23T15:54:21Z
209452000,9.143271,53.892985,2023-01-23T15:54:55Z
209452000,9.142642,53.892657,2023-01-23T15:55:28Z
209452000,9.141899,53.892281,2023-01-23T15:56:02Z
209452000,9.140885,53.891708,2023-01-23T15:56:36Z
209452000,9.140007,53.891253,2023-01-23T15:57:21Z
209452000,9.138460,53.890460,2023-01-23T15:57:55Z
209452000,9.137455,53.889982,2023-01-23T15:58:28Z
209452000,9.136395,53.889498,2023-01-23T15:59:02Z
209452000,9.134940,53.888833,2023-01-23T15:59:35Z
209452000,9.133766,53.888367,2023-01-23T16:00:21Z
209452000,9.131707,53.887627,2023-01-23T16:00:56Z
209452000,9.130350,53.887073,2023-01-23T16:01:28Z
209452000,9.128897,53.886404,2023-01-23T16:02:02Z
209452000,9.126804,53.885365,2023-01-23T16:02:35Z
209452000,9.125061,53.884514,2023-01-23T16:03:22Z
209452000,9.121875,53.883015,2023-01-23T16:03:56Z
209452000,9.119813,53.882147,2023-01-23T16:04:28Z
209452000,9.117563,53.881464,2023-01-23T16:05:02Z
209452000,9.114277,53.880637,2023-01-23T16:05:34Z
209452000,9.111715,53.880121,2023-01-23T16:06:04Z
209452000,9.108094,53.879557,2023-01-23T16:06:45Z
245258000,9.178193,53.912367,2023-01-23T14:34:24Z
245258000,9.176973,53.911752,2023-01-23T14:35:02Z
245258000,9.175987,53.911243,2023-01-23T14:35:43Z
245258000,9.175754,53.911131,2023-01-23T14:36:16Z
245258000,9.174268,53.910404,2023-01-23T14:36:51Z
245258000,9.173732,53.910159,2023-01-23T14:37:24Z
245258000,9.172613,53.909610,2023-01-23T14:38:01Z
245258000,9.171981,53.909285,2023-01-23T14:38:32Z
245258000,9.171398,53.908985,2023-01-23T14:39:15Z
245258000,9.170402,53.908509,2023-01-23T14:39:51Z
245258000,9.169974,53.908294,2023-01-23T14:40:24Z
245258000,9.169084,53.907854,2023-01-23T14:41:01Z
245258000,9.168527,53.907594,2023-01-23T14:41:32Z
245258000,9.168000,53.907350,2023-01-23T14:42:15Z
245258000,9.167145,53.906938,2023-01-23T14:42:52Z
245258000,9.166862,53.906790,2023-01-23T14:43:23Z
245258000,9.166099,53.906353,2023-01-23T14:44:02Z
245258000,9.165678,53.906100,2023-01-23T14:44:32Z
245258000,9.165377,53.905930,2023-01-23T14:45:16Z
245258000,9.164362,53.905414,2023-01-23T14:45:52Z
245258000,9.164051,53.905261,2023-01-23T14:46:23Z
245258000,9.163146,53.904838,2023-01-23T14:47:02Z
245258000,9.162509,53.904544,2023-01-23T14:47:41Z
245258000,9.162243,53.904416,2023-01-23T14:48:14Z
245258000,9.161546,53.904095,2023-01-23T14:48:52Z
245258000,9.161269,53.903972,2023-01-23T14:49:23Z
245258000,9.160560,53.903647,2023-01-23T14:50:01Z
245258000,9.160129,53.903444,2023-01-23T14:50:32Z
245258000,9.159749,53.903270,2023-01-23T14:51:15Z
245258000,9.159155,53.902984,2023-01-23T14:51:52Z
245258000,9.158964,53.902889,2023-01-23T14:52:23Z
245258000,9.158450,53.902648,2023-01-23T14:53:01Z
245258000,9.158135,53.902502,2023-01-23T14:53:32Z
245258000,9.157827,53.902360,2023-01-23T14:54:14Z
245258000,9.157322,53.902144,2023-01-23T14:54:52Z
245258000,9.157157,53.902075,2023-01-23T14:55:23Z
245258000,9.156685,53.901884,2023-01-23T14:56:02Z
245258000,9.156379,53.901752,2023-01-23T14:56:32Z
245258000,9.156178,53.901651,2023-01-23T14:57:14Z
245258000,9.155575,53.901304,2023-01-23T14:57:51Z
245258000,9.155377,53.901174,2023-01-23T14:58:23Z
245258000,9.154796,53.900824,2023-01-23T14:59:02Z
245258000,9.154471,53.900594,2023-01-23T14:59:32Z
245258000,9.154265,53.900452,2023-01-23T15:00:14Z
245258000,9.153452,53.899939,2023-01-23T15:00:51Z
245258000,9.153138,53.899742,2023-01-23T15:01:24Z
245258000,9.152530,53.899289,2023-01-23T15:02:01Z
245258000,9.152005,53.898902,2023-01-23T15:02:42Z
245258000,9.151889,53.898816,2023-01-23T15:03:14Z
245258000,9.150884,53.898250,2023-01-23T15:03:51Z
245258000,9.150546,53.898064,2023-01-23T15:04:24Z
245258000,9.149611,53.897524,2023-01-23T15:05:01Z
245258000,9.149094,53.897225,2023-01-23T15:05:31Z
245258000,9.148731,53.897021,2023-01-23T15:06:14Z
245258000,9.147748,53.896488,2023-01-23T15:06:52Z
245258000,9.147448,53.896328,2023-01-23T15:07:24Z
245258000,9.146684,53.895930,2023-01-23T15:08:02Z
245258000,9.146192,53.895672,2023-01-23T15:08:42Z
245258000,9.146092,53.895622,2023-01-23T15:09:13Z
245258000,9.145444,53.895272,2023-01-23T15:09:52Z
245258000,9.145236,53.895157,2023-01-23T15:10:23Z
245258000,9.144781,53.894894,2023-01-23T15:11:02Z
245258000,9.144589,53.894760,2023-01-23T15:11:42Z
245258000,9.144548,53.894730,2023-01-23T15:12:15Z
245258000,9.144318,53.894571,2023-01-23T15:12:52Z
245258000,9.144274,53.894550,2023-01-23T15:13:24Z
245258000,9.144213,53.894520,2023-01-23T15:14:02Z
245258000,9.144199,53.894494,2023-01-23T15:14:41Z
245258000,9.144170,53.894482,2023-01-23T15:15:14Z
245258000,9.144148,53.894468,2023-01-23T15:15:52Z
245258000,9.144153,53.894471,2023-01-23T15:16:23Z
245258000,9.144154,53.894470,2023-01-23T15:17:02Z
245258000,9.144158,53.894470,2023-01-23T15:17:41Z
245258000,9.144158,53.894470,2023-01-23T15:18:15Z
245258000,9.144164,53.894473,2023-01-23T15:19:02Z
245258000,9.144164,53.894471,2023-01-23T15:19:42Z
245258000,9.144166,53.894473,2023-01-23T15:20:15Z
245258000,9.144164,53.894471,2023-01-23T15:20:51Z
245258000,9.144164,53.894473,2023-01-23T15:21:24Z
245258000,9.144164,53.894473,2023-01-23T15:22:02Z
245258000,9.144166,53.894473,2023-01-23T15:22:32Z
245258000,9.144166,53.894473,2023-01-23T15:23:15Z
245258000,9.144166,53.894475,2023-01-23T15:23:51Z
245258000,9.144164,53.894473,2023-01-23T15:24:23Z
245258000,9.144163,53.894473,2023-01-23T15:25:02Z
245258000,9.144163,53.894473,2023-01-23T15:25:42Z
245258000,9.144166,53.894475,2023-01-23T15:26:14Z
245258000,9.144166,53.894475,2023-01-23T15:26:51Z
245258000,9.144166,53.894475,2023-01-23T15:27:26Z
245258000,9.144166,53.894475,2023-01-23T15:28:02Z
245258000,9.144161,53.894476,2023-01-23T15:28:42Z
245258000,9.144158,53.894475,2023-01-23T15:29:14Z
245258000,9.144144,53.894465,2023-01-23T15:29:51Z
245258000,9.144144,53.894465,2023-01-23T15:30:23Z
245258000,9.144144,53.894466,2023-01-23T15:31:02Z
245258000,9.144146,53.894468,2023-01-23T15:31:41Z
245258000,9.144146,53.894468,2023-01-23T15:32:14Z
245258000,9.144148,53.894468,2023-01-23T15:32:51Z
245258000,9.144146,53.894468,2023-01-23T15:33:25Z
245258000,9.144146,53.894470,2023-01-23T15:34:13Z
245258000,9.144144,53.894468,2023-01-23T15:34:51Z
245258000,9.144144,53.894468,2023-01-23T15:35:25Z
245258000,9.144144,53.894468,2023-01-23T15:36:02Z
245258000,9.144144,53.894468,2023-01-23T15:36:41Z
245258000,9.144144,53.894468,2023-01-23T15:37:16Z
245258000,9.144146,53.894468,2023-01-23T15:37:51Z
245258000,9.144148,53.894468,2023-01-23T15:38:22Z
245258000,9.144156,53.894475,2023-01-23T15:39:02Z
245258000,9.144156,53.894476,2023-01-23T15:39:33Z
245258000,9.144154,53.894476,2023-01-23T15:40:16Z
245258000,9.144154,53.894476,2023-01-23T15:40:52Z
245258000,9.144154,53.894476,2023-01-23T15:41:24Z
245258000,9.144153,53.894478,2023-01-23T15:42:02Z
245258000,9.144153,53.894478,2023-01-23T15:42:42Z
245258000,9.144151,53.894478,2023-01-23T15:43:15Z
245258000,9.144151,53.894478,2023-01-23T15:44:02Z
245258000,9.144151,53.894481,2023-01-23T15:44:41Z
245258000,9.144151,53.894481,2023-01-23T15:45:16Z
245258000,9.144153,53.894485,2023-01-23T15:45:52Z
245258000,9.144153,53.894486,2023-01-23T15:46:23Z
245258000,9.144151,53.894486,2023-01-23T15:47:01Z
245258000,9.144153,53.894488,2023-01-23T15:47:32Z
245258000,9.144153,53.894488,2023-01-23T15:48:14Z
245258000,9.144153,53.894488,2023-01-23T15:48:52Z
245258000,9.144153,53.894488,2023-01-23T15:49:23Z
245258000,9.144151,53.894488,2023-01-23T15:50:01Z
245258000,9.144153,53.894490,2023-01-23T15:50:33Z
245258000,9.144153,53.894490,2023-01-23T15:51:15Z
245258000,9.144151,53.894490,2023-01-23T15:51:52Z
245258000,9.144153,53.894490,2023-01-23T15:52:28Z
245258000,9.144151,53.894490,2023-01-23T15:53:01Z
245258000,9.144151,53.894490,2023-01-23T15:53:33Z
245258000,9.144149,53.894490,2023-01-23T15:54:15Z
245258000,9.144149,53.894490,2023-01-23T15:54:52Z
245258000,9.144151,53.894490,2023-01-23T15:55:23Z
245258000,9.144151,53.894491,2023-01-23T15:56:01Z
245258000,9.144148,53.894490,2023-01-23T15:56:32Z
245258000,9.144151,53.894490,2023-01-23T15:57:15Z
245258000,9.144151,53.894493,2023-01-23T15:57:52Z
245258000,9.144153,53.894493,2023-01-23T15:58:22Z
245258000,9.144151,53.894495,2023-01-23T15:59:01Z
245258000,9.144148,53.894493,2023-01-23T15:59:32Z
245258000,9.144149,53.894495,2023-01-23T16:00:14Z
245258000,9.144149,53.894495,2023-01-23T16:00:52Z
245258000,9.144148,53.894495,2023-01-23T16:01:22Z
245258000,9.144138,53.894491,2023-01-23T16:01:53Z
245258000,9.144136,53.894490,2023-01-23T16:02:26Z
245258000,9.144136,53.894490,2023-01-23T16:03:01Z
245258000,9.144136,53.894490,2023-01-23T16:03:32Z
245258000,9.144134,53.894488,2023-01-23T16:04:15Z
245258000,9.144123,53.894487,2023-01-23T16:04:53Z
245258000,9.144077,53.894479,2023-01-23T16:05:23Z
245258000,9.143847,53.894369,2023-01-23T16:06:02Z
245258000,9.143488,53.894181,2023-01-23T16:06:41Z
245258000,9.143356,53.894109,2023-01-23T16:07:14Z
245258000,9.142398,53.893639,2023-01-23T16:07:52Z
245258000,9.142012,53.893444,2023-01-23T16:08:22Z
245258000,9.140839,53.892868,2023-01-23T16:09:02Z
245258000,9.139722,53.892315,2023-01-23T16:09:41Z
245258000,9.139414,53.892140,2023-01-23T16:10:15Z
245258000,9.137637,53.891088,2023-01-23T16:10:52Z
245258000,9.137060,53.890732,2023-01-23T16:11:23Z
245258000,9.135300,53.889705,2023-01-23T16:12:02Z
245258000,9.133796,53.888934,2023-01-23T16:12:35Z
245258000,9.132741,53.888187,2023-01-23T16:13:14Z
245258000,9.131664,53.886453,2023-01-23T16:13:45Z
245258000,9.131682,53.885787,2023-01-23T16:14:19Z
245258000,9.132900,53.884333,2023-01-23T16:14:53Z
245258000,9.133642,53.883962,2023-01-23T16:15:23Z
245258000,9.135656,53.883103,2023-01-23T16:16:01Z
245258000,9.137186,53.882565,2023-01-23T16:16:33Z
245258000,9.138205,53.882237,2023-01-23T16:17:13Z
245258000,9.141722,53.881220,2023-01-23T16:17:52Z
245258000,9.142920,53.880896,2023-01-23T16:18:23Z
245258000,9.146361,53.880021,2023-01-23T16:19:01Z
245258000,9.148582,53.879574,2023-01-23T16:19:33Z
245258000,9.149990,53.879361,2023-01-23T16:20:15Z
245258000,9.154330,53.878914,2023-01-23T16:20:51Z
245258000,9.155868,53.878772,2023-01-23T16:21:24Z
245258000,9.159583,53.878536,2023-01-23T16:22:01Z
245258000,9.161790,53.878440,2023-01-23T16:22:32Z
245258000,9.163025,53.878436,2023-01-23T16:23:14Z
245258000,9.166936,53.878437,2023-01-23T16:23:51Z
245258000,9.168221,53.878430,2023-01-23T16:24:22Z
245258000,9.171443,53.878420,2023-01-23T16:25:01Z
245258000,9.173290,53.878423,2023-01-23T16:25:32Z
245258000,9.175188,53.878433,2023-01-23T16:26:02Z
245258000,9.177486,53.878448,2023-01-23T16:26:41Z
245258000,9.178086,53.878452,2023-01-23T16:27:14Z
245258000,9.181638,53.878465,2023-01-23T16:27:51Z
245258000,9.182858,53.878465,2023-01-23T16:28:23Z
244850226,9.179275,53.911770,2023-01-23T14:37:23Z
244850226,9.178158,53.911120,2023-01-23T14:38:00Z
244850226,9.177233,53.910632,2023-01-23T14:38:41Z
244850226,9.176833,53.910399,2023-01-23T14:39:15Z
244850226,9.175758,53.909827,2023-01-23T14:39:50Z
244850226,9.175341,53.909610,2023-01-23T14:40:23Z
244850226,9.174341,53.909094,2023-01-23T14:41:00Z
244850226,9.173558,53.908694,2023-01-23T14:41:41Z
244850226,9.173182,53.908522,2023-01-23T14:42:15Z
244850226,9.172264,53.908096,2023-01-23T14:42:50Z
244850226,9.171940,53.907934,2023-01-23T14:43:23Z
244850226,9.171132,53.907506,2023-01-23T14:44:00Z
244850226,9.170599,53.907222,2023-01-23T14:44:31Z
244850226,9.170099,53.906972,2023-01-23T14:45:16Z
244850226,9.169299,53.906539,2023-01-23T14:45:50Z
244850226,9.168965,53.906372,2023-01-23T14:46:23Z
244850226,9.168131,53.905963,2023-01-23T14:47:00Z
244850226,9.167631,53.905730,2023-01-23T14:47:31Z
244850226,9.167181,53.905530,2023-01-23T14:48:14Z
244850226,9.166399,53.905139,2023-01-23T14:48:49Z
244850226,9.166082,53.904972,2023-01-23T14:49:23Z
244850226,9.165300,53.904565,2023-01-23T14:50:01Z
244850226,9.164717,53.904242,2023-01-23T14:50:41Z
244850226,9.164450,53.904075,2023-01-23T14:51:15Z
244850226,9.163767,53.903675,2023-01-23T14:51:51Z
244850226,9.163500,53.903525,2023-01-23T14:52:23Z
244850226,9.162808,53.903154,2023-01-23T14:53:01Z
244850226,9.162275,53.902854,2023-01-23T14:53:41Z
244850226,9.162025,53.902704,2023-01-23T14:54:14Z
244850226,9.161391,53.902354,2023-01-23T14:54:51Z
244850226,9.161141,53.902220,2023-01-23T14:55:23Z
244850226,9.160483,53.901865,2023-01-23T14:56:01Z
244850226,9.160008,53.901604,2023-01-23T14:56:41Z
244850226,9.159875,53.901520,2023-01-23T14:57:14Z
244850226,9.159150,53.901132,2023-01-23T14:57:51Z
244850226,9.158941,53.901004,2023-01-23T14:58:23Z
244850226,9.158375,53.900654,2023-01-23T14:59:01Z
244850226,9.157916,53.900415,2023-01-23T14:59:41Z
244850226,9.157800,53.900349,2023-01-23T15:00:14Z
244850226,9.157141,53.899970,2023-01-23T15:00:51Z
244850226,9.156925,53.899854,2023-01-23T15:01:23Z
244850226,9.156383,53.899542,2023-01-23T15:02:01Z
244850226,9.155967,53.899309,2023-01-23T15:02:40Z
244850226,9.155825,53.899237,2023-01-23T15:03:14Z
244850226,9.155123,53.898884,2023-01-23T15:03:51Z
244850226,9.154881,53.898780,2023-01-23T15:04:24Z
244850226,9.154356,53.898534,2023-01-23T15:05:00Z
244850226,9.154006,53.898367,2023-01-23T15:05:31Z
244850226,9.153656,53.898201,2023-01-23T15:06:14Z
244850226,9.153040,53.897917,2023-01-23T15:06:50Z
244850226,9.152799,53.897789,2023-01-23T15:07:24Z
244850226,9.152149,53.897472,2023-01-23T15:08:00Z
244850226,9.151632,53.897222,2023-01-23T15:08:40Z
244850226,9.151374,53.897094,2023-01-23T15:09:13Z
244850226,9.150775,53.896804,2023-01-23T15:09:50Z
244850226,9.150550,53.896675,2023-01-23T15:10:23Z
244850226,9.149958,53.896387,2023-01-23T15:11:00Z
244850226,9.149542,53.896147,2023-01-23T15:11:40Z
244850226,9.149350,53.896019,2023-01-23T15:12:15Z
244850226,9.148875,53.895781,2023-01-23T15:12:51Z
244850226,9.148733,53.895702,2023-01-23T15:13:24Z
244850226,9.148366,53.895519,2023-01-23T15:14:00Z
244850226,9.148133,53.895386,2023-01-23T15:14:32Z
244850226,9.147900,53.895269,2023-01-23T15:15:14Z
244850226,9.147574,53.895091,2023-01-23T15:15:51Z
244850226,9.147482,53.895063,2023-01-23T15:16:23Z
244850226,9.147233,53.894936,2023-01-23T15:17:00Z
244850226,9.147075,53.894864,2023-01-23T15:17:31Z
244850226,9.146917,53.894775,2023-01-23T15:18:15Z
244850226,9.146708,53.894654,2023-01-23T15:18:50Z
244850226,9.146641,53.894637,2023-01-23T15:19:23Z
244850226,9.146533,53.894559,2023-01-23T15:20:01Z
244850226,9.146450,53.894509,2023-01-23T15:20:31Z
244850226,9.146358,53.894470,2023-01-23T15:21:15Z
244850226,9.146250,53.894392,2023-01-23T15:21:50Z
244850226,9.146208,53.894347,2023-01-23T15:22:24Z
244850226,9.146033,53.894265,2023-01-23T15:22:59Z
244850226,9.145906,53.894217,2023-01-23T15:23:31Z
244850226,9.145856,53.894184,2023-01-23T15:24:15Z
244850226,9.145747,53.894130,2023-01-23T15:24:51Z
244850226,9.145714,53.894113,2023-01-23T15:25:23Z
244850226,9.145605,53.894075,2023-01-23T15:25:59Z
244850226,9.145545,53.894054,2023-01-23T15:26:30Z
244850226,9.145512,53.894054,2023-01-23T15:27:14Z
244850226,9.145495,53.894021,2023-01-23T15:27:51Z
244850226,9.145505,53.894025,2023-01-23T15:28:23Z
244850226,9.145523,53.894051,2023-01-23T15:28:59Z
244850226,9.145499,53.894039,2023-01-23T15:29:31Z
244850226,9.145482,53.894056,2023-01-23T15:30:14Z
244850226,9.145491,53.894060,2023-01-23T15:30:50Z
244850226,9.145491,53.894044,2023-01-23T15:31:23Z
244850226,9.145491,53.894060,2023-01-23T15:31:59Z
244850226,9.145491,53.894044,2023-01-23T15:32:40Z
244850226,9.145491,53.894044,2023-01-23T15:33:14Z
244850226,9.145491,53.894044,2023-01-23T15:33:50Z
244850226,9.145491,53.894060,2023-01-23T15:34:23Z
244850226,9.145491,53.894044,2023-01-23T15:35:01Z
244850226,9.145508,53.894060,2023-01-23T15:35:31Z
244850226,9.145491,53.894060,2023-01-23T15:36:15Z
244850226,9.145491,53.894060,2023-01-23T15:36:50Z
244850226,9.145491,53.894060,2023-01-23T15:37:23Z
244850226,9.145508,53.894060,2023-01-23T15:38:01Z
244850226,9.145508,53.894060,2023-01-23T15:38:39Z
244850226,9.145491,53.894060,2023-01-23T15:39:14Z
244850226,9.145491,53.894060,2023-01-23T15:39:51Z
244850226,9.145491,53.894060,2023-01-23T15:40:23Z
244850226,9.145491,53.894044,2023-01-23T15:41:00Z
244850226,9.145491,53.894060,2023-01-23T15:41:32Z
244850226,9.145491,53.894044,2023-01-23T15:42:15Z
244850226,9.145491,53.894060,2023-01-23T15:42:51Z
244850226,9.145508,53.894060,2023-01-23T15:43:23Z
244850226,9.145508,53.894060,2023-01-23T15:44:00Z
244850226,9.145508,53.894060,2023-01-23T15:44:41Z
244850226,9.145508,53.894060,2023-01-23T15:45:16Z
244850226,9.145508,53.894060,2023-01-23T15:45:49Z
244850226,9.145508,53.894060,2023-01-23T15:46:23Z
244850226,9.145508,53.894060,2023-01-23T15:47:15Z
244850226,9.145508,53.894060,2023-01-23T15:47:49Z
244850226,9.145508,53.894060,2023-01-23T15:48:23Z
244850226,9.145508,53.894060,2023-01-23T15:49:14Z
244850226,9.145508,53.894060,2023-01-23T15:49:49Z
244850226,9.145508,53.894060,2023-01-23T15:50:23Z
244850226,9.145508,53.894060,2023-01-23T15:51:14Z
244850226,9.145508,53.894060,2023-01-23T15:51:49Z
244850226,9.145508,53.894060,2023-01-23T15:52:24Z
244850226,9.145508,53.894060,2023-01-23T15:53:01Z
244850226,9.145508,53.894060,2023-01-23T15:53:40Z
244850226,9.145491,53.894060,2023-01-23T15:54:15Z
244850226,9.145508,53.894060,2023-01-23T15:54:49Z
244850226,9.145491,53.894060,2023-01-23T15:55:23Z
244850226,9.145491,53.894060,2023-01-23T15:56:01Z
244850226,9.145508,53.894060,2023-01-23T15:56:41Z
244850226,9.145508,53.894060,2023-01-23T15:57:15Z
244850226,9.145508,53.894060,2023-01-23T15:57:51Z
244850226,9.145508,53.894060,2023-01-23T15:58:22Z
244850226,9.145508,53.894060,2023-01-23T15:59:14Z
244850226,9.145508,53.894060,2023-01-23T15:59:51Z
244850226,9.145508,53.894077,2023-01-23T16:00:23Z
244850226,9.145508,53.894077,2023-01-23T16:01:01Z
244850226,9.145508,53.894077,2023-01-23T16:01:41Z
244850226,9.145508,53.894077,2023-01-23T16:02:14Z
244850226,9.145508,53.894077,2023-01-23T16:02:51Z
244850226,9.145491,53.894060,2023-01-23T16:03:27Z
244850226,9.145508,53.894060,2023-01-23T16:03:59Z
244850226,9.145508,53.894060,2023-01-23T16:04:31Z
244850226,9.145491,53.894060,2023-01-23T16:05:14Z
244850226,9.145491,53.894060,2023-01-23T16:05:51Z
244850226,9.145491,53.894060,2023-01-23T16:06:23Z
244850226,9.145491,53.894060,2023-01-23T16:06:59Z
244850226,9.145491,53.894060,2023-01-23T16:07:31Z
244850226,9.145508,53.894060,2023-01-23T16:08:13Z
244850226,9.145474,53.894044,2023-01-23T16:08:50Z
244850226,9.145441,53.894027,2023-01-23T16:09:24Z
244850226,9.145333,53.893949,2023-01-23T16:10:00Z
244850226,9.145183,53.893865,2023-01-23T16:10:31Z
244850226,9.145025,53.893770,2023-01-23T16:11:14Z
244850226,9.144591,53.893504,2023-01-23T16:11:50Z
244850226,9.144391,53.893387,2023-01-23T16:12:23Z
244850226,9.143783,53.893049,2023-01-23T16:13:00Z
244850226,9.143341,53.892810,2023-01-23T16:13:30Z
244850226,9.142865,53.892556,2023-01-23T16:14:13Z
244850226,9.142008,53.892077,2023-01-23T16:14:50Z
244850226,9.141582,53.891839,2023-01-23T16:15:22Z
244850226,9.140397,53.891263,2023-01-23T16:16:00Z
244850226,9.139641,53.890877,2023-01-23T16:16:31Z
244850226,9.138900,53.890482,2023-01-23T16:17:13Z
244850226,9.137491,53.889670,2023-01-23T16:17:50Z
244850226,9.136858,53.889320,2023-01-23T16:18:23Z
244850226,9.135208,53.888344,2023-01-23T16:19:01Z
244850226,9.133582,53.887539,2023-01-23T16:19:41Z
244850226,9.133123,53.887317,2023-01-23T16:20:14Z
244850226,9.130108,53.885944,2023-01-23T16:20:51Z
244850226,9.128983,53.885415,2023-01-23T16:21:24Z
244850226,9.125874,53.883910,2023-01-23T16:22:01Z
244850226,9.123071,53.882658,2023-01-23T16:22:41Z
244850226,9.122302,53.882366,2023-01-23T16:23:14Z
244850226,9.117485,53.881028,2023-01-23T16:23:47Z
244850226,9.116213,53.880790,2023-01-23T16:24:19Z
244850226,9.111679,53.880101,2023-01-23T16:24:49Z
244850226,9.110646,53.879951,2023-01-23T16:25:20Z
229344000,9.178475,53.912367,2023-01-23T14:42:46Z
229344000,9.178081,53.912165,2023-01-23T14:43:22Z
229344000,9.177093,53.911695,2023-01-23T14:43:57Z
229344000,9.176552,53.911464,2023-01-23T14:44:30Z
229344000,9.176054,53.911204,2023-01-23T14:45:13Z
229344000,9.175337,53.910843,2023-01-23T14:45:47Z
229344000,9.175040,53.910680,2023-01-23T14:46:22Z
229344000,9.174387,53.910353,2023-01-23T14:46:57Z
229344000,9.174029,53.910187,2023-01-23T14:47:30Z
229344000,9.173624,53.909974,2023-01-23T14:48:12Z
229344000,9.172970,53.909634,2023-01-23T14:48:47Z
229344000,9.172695,53.909494,2023-01-23T14:49:22Z
229344000,9.171942,53.909117,2023-01-23T14:49:58Z
229344000,9.171460,53.908863,2023-01-23T14:50:29Z
229344000,9.170903,53.908580,2023-01-23T14:51:12Z
229344000,9.170015,53.908127,2023-01-23T14:51:47Z
229344000,9.169654,53.907947,2023-01-23T14:52:22Z
229344000,9.168810,53.907517,2023-01-23T14:52:58Z
229344000,9.168217,53.907234,2023-01-23T14:53:37Z
229344000,9.167914,53.907077,2023-01-23T14:54:12Z
229344000,9.167242,53.906757,2023-01-23T14:54:47Z
229344000,9.166958,53.906626,2023-01-23T14:55:21Z
229344000,9.166373,53.906296,2023-01-23T14:55:58Z
229344000,9.166056,53.906139,2023-01-23T14:56:29Z
229344000,9.165755,53.905980,2023-01-23T14:57:11Z
229344000,9.165248,53.905716,2023-01-23T14:57:47Z
229344000,9.165045,53.905602,2023-01-23T14:58:21Z
229344000,9.164543,53.905316,2023-01-23T14:58:58Z
229344000,9.164128,53.905066,2023-01-23T14:59:38Z
229344000,9.163901,53.904936,2023-01-23T15:00:12Z
229344000,9.163227,53.904548,2023-01-23T15:00:47Z
229344000,9.162938,53.904368,2023-01-23T15:01:22Z
229344000,9.162158,53.903912,2023-01-23T15:01:58Z
229344000,9.161691,53.903656,2023-01-23T15:02:28Z
229344000,9.161153,53.903346,2023-01-23T15:03:11Z
229344000,9.160427,53.902936,2023-01-23T15:03:48Z
229344000,9.160130,53.902773,2023-01-23T15:04:23Z
229344000,9.159510,53.902433,2023-01-23T15:04:58Z
229344000,9.159215,53.902204,2023-01-23T15:05:30Z
229344000,9.158875,53.902030,2023-01-23T15:06:11Z
229344000,9.158384,53.901771,2023-01-23T15:06:48Z
229344000,9.158187,53.901667,2023-01-23T15:07:22Z
229344000,9.157703,53.901417,2023-01-23T15:07:58Z
229344000,9.157411,53.901279,2023-01-23T15:08:28Z
229344000,9.157128,53.901122,2023-01-23T15:09:11Z
229344000,9.156725,53.900882,2023-01-23T15:09:48Z
229344000,9.156555,53.900792,2023-01-23T15:10:21Z
229344000,9.156050,53.900527,2023-01-23T15:10:57Z
229344000,9.155770,53.900351,2023-01-23T15:11:29Z
229344000,9.155543,53.900189,2023-01-23T15:12:12Z
229344000,9.155093,53.899920,2023-01-23T15:12:48Z
229344000,9.154900,53.899826,2023-01-23T15:13:22Z
229344000,9.154408,53.899585,2023-01-23T15:13:57Z
229344000,9.154140,53.899422,2023-01-23T15:14:30Z
229344000,9.153881,53.899262,2023-01-23T15:15:12Z
229344000,9.153433,53.899042,2023-01-23T15:15:48Z
229344000,9.153310,53.898966,2023-01-23T15:16:21Z
229344000,9.152948,53.898778,2023-01-23T15:16:57Z
229344000,9.152743,53.898659,2023-01-23T15:17:29Z
229344000,9.152550,53.898537,2023-01-23T15:18:12Z
229344000,9.152167,53.898333,2023-01-23T15:18:48Z
229344000,9.151967,53.898237,2023-01-23T15:19:22Z
229344000,9.151428,53.897973,2023-01-23T15:19:57Z
229344000,9.151145,53.897813,2023-01-23T15:20:29Z
229344000,9.150885,53.897657,2023-01-23T15:21:13Z
229344000,9.150480,53.897361,2023-01-23T15:21:48Z
229344000,9.150329,53.897258,2023-01-23T15:22:23Z
229344000,9.150013,53.897022,2023-01-23T15:22:57Z
229344000,9.149746,53.896885,2023-01-23T15:23:30Z
229344000,9.149482,53.896769,2023-01-23T15:24:12Z
229344000,9.149035,53.896575,2023-01-23T15:24:48Z
229344000,9.148873,53.896505,2023-01-23T15:25:22Z
229344000,9.148680,53.896375,2023-01-23T15:25:56Z
229344000,9.148605,53.896318,2023-01-23T15:26:28Z
229344000,9.148536,53.896245,2023-01-23T15:27:11Z
229344000,9.148393,53.896198,2023-01-23T15:27:47Z
229344000,9.148377,53.896185,2023-01-23T15:28:22Z
229344000,9.148266,53.896138,2023-01-23T15:28:56Z
229344000,9.148133,53.896068,2023-01-23T15:29:29Z
229344000,9.147972,53.895998,2023-01-23T15:30:11Z
229344000,9.147712,53.895858,2023-01-23T15:30:47Z
229344000,9.147628,53.895808,2023-01-23T15:31:22Z
229344000,9.147418,53.895705,2023-01-23T15:31:57Z
229344000,9.147250,53.895611,2023-01-23T15:32:28Z
229344000,9.147031,53.895541,2023-01-23T15:33:12Z
229344000,9.146769,53.895394,2023-01-23T15:33:47Z
229344000,9.146702,53.895348,2023-01-23T15:34:19Z
229344000,9.146527,53.895264,2023-01-23T15:34:56Z
229344000,9.146469,53.895234,2023-01-23T15:35:27Z
229344000,9.146357,53.895168,2023-01-23T15:36:12Z
229344000,9.146277,53.895128,2023-01-23T15:36:47Z
229344000,9.146262,53.895111,2023-01-23T15:37:23Z
229344000,9.146170,53.895074,2023-01-23T15:37:56Z
229344000,9.146114,53.895057,2023-01-23T15:38:27Z
229344000,9.146119,53.895054,2023-01-23T15:39:11Z
229344000,9.146060,53.895041,2023-01-23T15:39:48Z
229344000,9.146037,53.895024,2023-01-23T15:40:22Z
229344000,9.146075,53.895020,2023-01-23T15:40:57Z
229344000,9.146083,53.894990,2023-01-23T15:41:30Z
229344000,9.146152,53.894951,2023-01-23T15:42:13Z
229344000,9.146080,53.894961,2023-01-23T15:42:48Z
229344000,9.146054,53.894961,2023-01-23T15:43:22Z
229344000,9.146062,53.894967,2023-01-23T15:43:57Z
229344000,9.146100,53.894937,2023-01-23T15:44:27Z
229344000,9.146044,53.894961,2023-01-23T15:45:13Z
229344000,9.146059,53.894977,2023-01-23T15:45:48Z
229344000,9.146062,53.894994,2023-01-23T15:46:21Z
229344000,9.146094,53.895001,2023-01-23T15:46:57Z
229344000,9.146110,53.895011,2023-01-23T15:47:29Z
229344000,9.146095,53.895034,2023-01-23T15:48:12Z
229344000,9.146075,53.895024,2023-01-23T15:48:48Z
229344000,9.146089,53.895024,2023-01-23T15:49:21Z
229344000,9.146049,53.895024,2023-01-23T15:49:56Z
229344000,9.146034,53.895024,2023-01-23T15:50:29Z
229344000,9.146030,53.895017,2023-01-23T15:51:12Z
229344000,9.146064,53.895017,2023-01-23T15:51:46Z
229344000,9.146050,53.895011,2023-01-23T15:52:23Z
229344000,9.146027,53.895024,2023-01-23T15:52:56Z
229344000,9.146009,53.895034,2023-01-23T15:53:30Z
229344000,9.146032,53.895011,2023-01-23T15:54:12Z
229344000,9.146009,53.894994,2023-01-23T15:54:46Z
229344000,9.146014,53.895001,2023-01-23T15:55:22Z
229344000,9.146010,53.895017,2023-01-23T15:55:57Z
229344000,9.146009,53.895017,2023-01-23T15:56:29Z
229344000,9.146015,53.895011,2023-01-23T15:57:12Z
229344000,9.146017,53.895001,2023-01-23T15:57:47Z
229344000,9.146020,53.895011,2023-01-23T15:58:21Z
229344000,9.146027,53.895011,2023-01-23T15:58:57Z
229344000,9.145979,53.895034,2023-01-23T15:59:28Z
229344000,9.146009,53.895017,2023-01-23T16:00:11Z
229344000,9.146004,53.895034,2023-01-23T16:00:47Z
229344000,9.146014,53.895034,2023-01-23T16:01:21Z
229344000,9.146019,53.895034,2023-01-23T16:01:57Z
229344000,9.146067,53.895041,2023-01-23T16:02:28Z
229344000,9.146074,53.895034,2023-01-23T16:03:13Z
229344000,9.146059,53.895011,2023-01-23T16:03:47Z
229344000,9.146067,53.895017,2023-01-23T16:04:21Z
229344000,9.146079,53.895024,2023-01-23T16:04:57Z
229344000,9.146070,53.895024,2023-01-23T16:05:29Z
229344000,9.146080,53.895017,2023-01-23T16:06:13Z
229344000,9.146064,53.895011,2023-01-23T16:06:47Z
229344000,9.146070,53.895011,2023-01-23T16:07:20Z
229344000,9.146057,53.895011,2023-01-23T16:07:57Z
229344000,9.146062,53.894994,2023-01-23T16:08:28Z
229344000,9.146064,53.894994,2023-01-23T16:09:12Z
229344000,9.146050,53.894984,2023-01-23T16:09:47Z
229344000,9.146047,53.894977,2023-01-23T16:10:22Z
229344000,9.146035,53.894967,2023-01-23T16:10:57Z
229344000,9.146040,53.894977,2023-01-23T16:11:28Z
229344000,9.146012,53.894951,2023-01-23T16:12:11Z
229344000,9.146020,53.894944,2023-01-23T16:12:48Z
229344000,9.146012,53.894944,2023-01-23T16:13:21Z
229344000,9.146030,53.894990,2023-01-23T16:13:57Z
229344000,9.146002,53.894951,2023-01-23T16:14:29Z
229344000,9.145941,53.894941,2023-01-23T16:15:11Z
229344000,9.145638,53.894815,2023-01-23T16:15:48Z
229344000,9.145437,53.894721,2023-01-23T16:16:23Z
229344000,9.144820,53.894431,2023-01-23T16:16:57Z
229344000,9.144282,53.894198,2023-01-23T16:17:28Z
229344000,9.143707,53.893923,2023-01-23T16:18:12Z
229344000,9.142600,53.893353,2023-01-23T16:18:47Z
229344000,9.142045,53.893066,2023-01-23T16:19:21Z
229344000,9.140493,53.892193,2023-01-23T16:19:57Z
229344000,9.139298,53.891550,2023-01-23T16:20:29Z
229344000,9.138037,53.890852,2023-01-23T16:21:12Z
229344000,9.135770,53.889522,2023-01-23T16:21:46Z
229344000,9.134802,53.888956,2023-01-23T16:22:21Z
229344000,9.131867,53.887477,2023-01-23T16:22:57Z
229344000,9.129888,53.886553,2023-01-23T16:23:29Z
229344000,9.127850,53.885603,2023-01-23T16:24:11Z
229344000,9.124259,53.883914,2023-01-23T16:24:46Z
229344000,9.122665,53.883219,2023-01-23T16:25:22Z
229344000,9.118648,53.881830,2023-01-23T16:25:54Z
229344000,9.116863,53.881353,2023-01-23T16:26:25Z
229344000,9.112614,53.880663,2023-01-23T16:26:57Z
229344000,9.109520,53.880299,2023-01-23T16:27:28Z
255802840,9.178301,53.912302,2023-01-23T16:07:22Z
255802840,9.176634,53.911469,2023-01-23T16:07:57Z
255802840,9.175468,53.910802,2023-01-23T16:08:27Z
255802840,9.174134,53.910135,2023-01-23T16:09:16Z
255802840,9.172301,53.909135,2023-01-23T16:09:47Z
255802840,9.171477,53.908806,2023-01-23T16:10:22Z
255802840,9.169810,53.907806,2023-01-23T16:10:57Z
255802840,9.168810,53.907306,2023-01-23T16:11:28Z
255802840,9.167819,53.906809,2023-01-23T16:12:16Z
255802840,9.166153,53.905976,2023-01-23T16:12:47Z
255802840,9.165486,53.905643,2023-01-23T16:13:21Z
255802840,9.163950,53.904961,2023-01-23T16:13:57Z
255802840,9.163108,53.904457,2023-01-23T16:14:28Z
255802840,9.162441,53.903957,2023-01-23T16:15:14Z
255802840,9.161108,53.903290,2023-01-23T16:15:47Z
255802840,9.160441,53.902957,2023-01-23T16:16:23Z
255802840,9.158941,53.901957,2023-01-23T16:16:56Z
255802840,9.158108,53.901457,2023-01-23T16:17:27Z
255802840,9.157108,53.900957,2023-01-23T16:18:16Z
255802840,9.155608,53.899957,2023-01-23T16:18:47Z
255802840,9.155108,53.899624,2023-01-23T16:19:21Z
255802840,9.153749,53.898944,2023-01-23T16:19:56Z
255802840,9.153075,53.898440,2023-01-23T16:20:28Z
255802840,9.152249,53.897944,2023-01-23T16:21:16Z
255802840,9.151275,53.897290,2023-01-23T16:21:47Z
255802840,9.150941,53.897124,2023-01-23T16:22:21Z
255802840,9.149977,53.896472,2023-01-23T16:22:56Z
255802840,9.149328,53.896146,2023-01-23T16:23:29Z
255802840,9.148828,53.895979,2023-01-23T16:24:15Z
255802840,9.147959,53.895465,2023-01-23T16:24:46Z
255802840,9.147626,53.895298,2023-01-23T16:25:22Z
255802840,9.146968,53.894969,2023-01-23T16:25:56Z
255802840,9.146477,53.894639,2023-01-23T16:26:30Z
255802840,9.146134,53.894469,2023-01-23T16:27:15Z
255802840,9.145634,53.894135,2023-01-23T16:27:47Z
255802840,9.145468,53.894135,2023-01-23T16:28:21Z
255802840,9.145134,53.893969,2023-01-23T16:28:57Z
255802840,9.144968,53.893802,2023-01-23T16:29:27Z
255802840,9.144810,53.893806,2023-01-23T16:30:16Z
255802840,9.144643,53.893639,2023-01-23T16:30:47Z
255802840,9.144634,53.893635,2023-01-23T16:31:22Z
255802840,9.144634,53.893635,2023-01-23T16:31:57Z
255802840,9.144634,53.893635,2023-01-23T16:32:36Z
255802840,9.144634,53.893635,2023-01-23T16:33:16Z
255802840,9.144634,53.893635,2023-01-23T16:33:57Z
255802840,9.144634,53.893635,2023-01-23T16:34:30Z
255802840,9.144634,53.893635,2023-01-23T16:35:16Z
255802840,9.144634,53.893635,2023-01-23T16:36:16Z
255802840,9.144634,53.893635,2023-01-23T16:36:46Z
255802840,9.144634,53.893635,2023-01-23T16:37:21Z
255802840,9.144634,53.893635,2023-01-23T16:37:58Z
255802840,9.144634,53.893635,2023-01-23T16:38:36Z
255802840,9.144634,53.893635,2023-01-23T16:39:16Z
255802840,9.144634,53.893635,2023-01-23T16:39:46Z
255802840,9.144634,53.893635,2023-01-23T16:40:16Z
255802840,9.144634,53.893635,2023-01-23T16:40:58Z
255802840,9.144634,53.893635,2023-01-23T16:41:29Z
255802840,9.144626,53.893631,2023-01-23T16:42:17Z
255802840,9.144626,53.893631,2023-01-23T16:42:58Z
255802840,9.144626,53.893631,2023-01-23T16:43:37Z
255802840,9.144626,53.893631,2023-01-23T16:44:15Z
255802840,9.144626,53.893631,2023-01-23T16:44:57Z
255802840,9.144626,53.893631,2023-01-23T16:45:37Z
255802840,9.144626,53.893631,2023-01-23T16:46:16Z
255802840,9.144626,53.893631,2023-01-23T16:46:57Z
255802840,9.144626,53.893631,2023-01-23T16:47:28Z
255802840,9.144626,53.893631,2023-01-23T16:48:15Z
255802840,9.144626,53.893631,2023-01-23T16:48:47Z
255802840,9.144626,53.893631,2023-01-23T16:49:26Z
255802840,9.144626,53.893631,2023-01-23T16:49:57Z
255802840,9.144626,53.893631,2023-01-23T16:50:47Z
255802840,9.144626,53.893631,2023-01-23T16:51:24Z
255802840,9.144626,53.893631,2023-01-23T16:51:56Z
255802840,9.144626,53.893631,2023-01-23T16:52:27Z
255802840,9.144626,53.893631,2023-01-23T16:53:15Z
255802840,9.144626,53.893631,2023-01-23T16:53:47Z
255802840,9.144626,53.893631,2023-01-23T16:54:21Z
255802840,9.144626,53.893631,2023-01-23T16:54:56Z
255802840,9.144626,53.893631,2023-01-23T16:55:37Z
255802840,9.144626,53.893631,2023-01-23T16:56:17Z
255802840,9.144626,53.893631,2023-01-23T16:56:57Z
255802840,9.144626,53.893631,2023-01-23T16:57:28Z
255802840,9.144626,53.893631,2023-01-23T16:58:16Z
255802840,9.144626,53.893631,2023-01-23T16:58:57Z
255802840,9.144626,53.893631,2023-01-23T16:59:28Z
255802840,9.144626,53.893631,2023-01-23T17:00:16Z
255802840,9.144626,53.893631,2023-01-23T17:00:47Z
255802840,9.144626,53.893631,2023-01-23T17:01:22Z
255802840,9.144626,53.893631,2023-01-23T17:01:57Z
255802840,9.144626,53.893631,2023-01-23T17:02:47Z
255802840,9.144626,53.893631,2023-01-23T17:03:25Z
255802840,9.144626,53.893631,2023-01-23T17:04:15Z
255802840,9.144626,53.893631,2023-01-23T17:04:56Z
255802840,9.144617,53.893628,2023-01-23T17:05:28Z
255802840,9.144626,53.893631,2023-01-23T17:06:15Z
255802840,9.144634,53.893635,2023-01-23T17:06:47Z
255802840,9.144477,53.893639,2023-01-23T17:07:20Z
255802840,9.144143,53.893472,2023-01-23T17:07:56Z
255802840,9.143634,53.893135,2023-01-23T17:08:28Z
255802840,9.143143,53.892972,2023-01-23T17:09:17Z
255802840,9.141986,53.892309,2023-01-23T17:09:48Z
255802840,9.141328,53.891979,2023-01-23T17:10:21Z
255802840,9.139681,53.891153,2023-01-23T17:10:56Z
255802840,9.138838,53.890816,2023-01-23T17:11:26Z
255802840,9.137014,53.889986,2023-01-23T17:12:16Z
255802840,9.134153,53.888643,2023-01-23T17:12:56Z
255802840,9.132523,53.887989,2023-01-23T17:13:29Z
255802840,9.130681,53.887486,2023-01-23T17:14:16Z
255802840,9.126608,53.886290,2023-01-23T17:14:56Z
255802840,9.124599,53.885453,2023-01-23T17:15:29Z
255802840,9.122617,53.884628,2023-01-23T17:16:16Z
255802840,9.118617,53.882961,2023-01-23T17:16:56Z
255802840,9.117181,53.882319,2023-01-23T17:17:26Z
255802840,9.113999,53.881357,2023-01-23T17:18:00Z
255802840,9.110730,53.880699,2023-01-23T17:18:37Z
255802840,9.109053,53.880531,2023-01-23T17:19:16Z
304914000,9.178316,53.912337,2023-01-23T16:10:47Z
304914000,9.177493,53.911910,2023-01-23T16:11:21Z
304914000,9.175525,53.910876,2023-01-23T16:11:56Z
304914000,9.174328,53.910250,2023-01-23T16:12:29Z
304914000,9.173147,53.909627,2023-01-23T16:13:17Z
304914000,9.171102,53.908580,2023-01-23T16:13:47Z
304914000,9.170276,53.908170,2023-01-23T16:14:21Z
304914000,9.168255,53.907116,2023-01-23T16:14:57Z
304914000,9.167059,53.906487,2023-01-23T16:15:28Z
304914000,9.165880,53.905877,2023-01-23T16:16:18Z
304914000,9.163602,53.904719,2023-01-23T16:16:57Z
304914000,9.162540,53.904155,2023-01-23T16:17:28Z
304914000,9.161500,53.903584,2023-01-23T16:18:18Z
304914000,9.159632,53.902454,2023-01-23T16:18:56Z
304914000,9.158710,53.901880,2023-01-23T16:19:28Z
304914000,9.157905,53.901380,2023-01-23T16:20:17Z
304914000,9.156247,53.900364,2023-01-23T16:20:56Z
304914000,9.155450,53.899874,2023-01-23T16:21:29Z
304914000,9.154694,53.899410,2023-01-23T16:22:17Z
304914000,9.153302,53.898549,2023-01-23T16:22:56Z
304914000,9.152635,53.898165,2023-01-23T16:23:29Z
304914000,9.152003,53.897799,2023-01-23T16:24:17Z
304914000,9.150933,53.897173,2023-01-23T16:24:56Z
304914000,9.150575,53.896976,2023-01-23T16:25:26Z
304914000,9.149975,53.896633,2023-01-23T16:26:18Z
304914000,9.149173,53.896195,2023-01-23T16:26:56Z
304914000,9.148839,53.895989,2023-01-23T16:27:28Z
304914000,9.148482,53.895786,2023-01-23T16:28:17Z
304914000,9.147851,53.895443,2023-01-23T16:28:47Z
304914000,9.147744,53.895379,2023-01-23T16:29:17Z
304914000,9.147161,53.895033,2023-01-23T16:29:56Z
304914000,9.146913,53.894893,2023-01-23T16:30:29Z
304914000,9.146678,53.894770,2023-01-23T16:31:17Z
304914000,9.146376,53.894610,2023-01-23T16:31:56Z
304914000,9.146361,53.894600,2023-01-23T16:32:29Z
304914000,9.146365,53.894600,2023-01-23T16:33:18Z
304914000,9.146366,53.894600,2023-01-23T16:33:56Z
304914000,9.146368,53.894600,2023-01-23T16:34:26Z
304914000,9.146368,53.894600,2023-01-23T16:35:18Z
304914000,9.146368,53.894600,2023-01-23T16:35:56Z
304914000,9.146368,53.894600,2023-01-23T16:36:29Z
304914000,9.146370,53.894600,2023-01-23T16:37:16Z
304914000,9.146368,53.894600,2023-01-23T16:37:47Z
304914000,9.146370,53.894600,2023-01-23T16:38:18Z
304914000,9.146370,53.894600,2023-01-23T16:38:56Z
304914000,9.146370,53.894600,2023-01-23T16:39:47Z
304914000,9.146366,53.894600,2023-01-23T16:40:18Z
304914000,9.146365,53.894600,2023-01-23T16:40:58Z
304914000,9.146363,53.894600,2023-01-23T16:41:29Z
304914000,9.146363,53.894600,2023-01-23T16:42:18Z
304914000,9.146365,53.894600,2023-01-23T16:42:58Z
304914000,9.146365,53.894600,2023-01-23T16:43:57Z
304914000,9.146365,53.894600,2023-01-23T16:44:28Z
304914000,9.146363,53.894600,2023-01-23T16:45:18Z
304914000,9.146363,53.894600,2023-01-23T16:45:57Z
304914000,9.146365,53.894600,2023-01-23T16:46:28Z
304914000,9.146363,53.894600,2023-01-23T16:47:17Z
304914000,9.146363,53.894600,2023-01-23T16:47:57Z
304914000,9.146365,53.894600,2023-01-23T16:48:28Z
304914000,9.146363,53.894600,2023-01-23T16:49:19Z
304914000,9.146363,53.894600,2023-01-23T16:49:57Z
304914000,9.146368,53.894610,2023-01-23T16:50:57Z
304914000,9.146366,53.894610,2023-01-23T16:51:28Z
304914000,9.146368,53.894610,2023-01-23T16:52:17Z
304914000,9.146365,53.894610,2023-01-23T16:52:57Z
304914000,9.146365,53.894610,2023-01-23T16:53:28Z
304914000,9.146366,53.894610,2023-01-23T16:54:18Z
304914000,9.146365,53.894610,2023-01-23T16:54:57Z
304914000,9.146365,53.894610,2023-01-23T16:55:28Z
304914000,9.146365,53.894610,2023-01-23T16:56:18Z
304914000,9.146365,53.894610,2023-01-23T16:56:57Z
304914000,9.146365,53.894610,2023-01-23T16:57:29Z
304914000,9.146365,53.894600,2023-01-23T16:58:18Z
304914000,9.146365,53.894600,2023-01-23T16:58:57Z
304914000,9.146365,53.894600,2023-01-23T16:59:29Z
304914000,9.146365,53.894600,2023-01-23T17:00:18Z
304914000,9.146361,53.894600,2023-01-23T17:00:57Z
304914000,9.146360,53.894600,2023-01-23T17:01:29Z
304914000,9.146360,53.894600,2023-01-23T17:02:18Z
304914000,9.146356,53.894600,2023-01-23T17:02:57Z
304914000,9.146356,53.894600,2023-01-23T17:03:30Z
304914000,9.146356,53.894600,2023-01-23T17:04:17Z
304914000,9.146358,53.894600,2023-01-23T17:04:47Z
304914000,9.146360,53.894600,2023-01-23T17:05:18Z
304914000,9.146358,53.894600,2023-01-23T17:05:57Z
304914000,9.146358,53.894600,2023-01-23T17:06:28Z
304914000,9.146358,53.894600,2023-01-23T17:07:16Z
304914000,9.146356,53.894600,2023-01-23T17:07:47Z
304914000,9.146358,53.894600,2023-01-23T17:08:18Z
304914000,9.146367,53.894597,2023-01-23T17:08:57Z
304914000,9.146355,53.894584,2023-01-23T17:09:29Z
304914000,9.146316,53.894557,2023-01-23T17:10:17Z
304914000,9.146009,53.894434,2023-01-23T17:10:57Z
304914000,9.145768,53.894334,2023-01-23T17:11:30Z
304914000,9.145479,53.894187,2023-01-23T17:12:18Z
304914000,9.144749,53.893801,2023-01-23T17:12:57Z
304914000,9.144282,53.893581,2023-01-23T17:13:29Z
304914000,9.143729,53.893314,2023-01-23T17:14:18Z
304914000,9.142497,53.892711,2023-01-23T17:14:57Z
304914000,9.141771,53.892364,2023-01-23T17:15:29Z
304914000,9.140922,53.891944,2023-01-23T17:16:18Z
304914000,9.139086,53.891064,2023-01-23T17:16:56Z
304914000,9.138379,53.890721,2023-01-23T17:17:27Z
304914000,9.136941,53.890017,2023-01-23T17:18:18Z
304914000,9.134453,53.888841,2023-01-23T17:18:50Z
304914000,9.133839,53.888414,2023-01-23T17:19:20Z
304914000,9.131655,53.886611,2023-01-23T17:19:54Z
304914000,9.131329,53.885836,2023-01-23T17:20:24Z
304914000,9.131786,53.884288,2023-01-23T17:20:56Z
304914000,9.132620,53.883730,2023-01-23T17:21:26Z
304914000,9.134216,53.883121,2023-01-23T17:22:17Z
304914000,9.137387,53.882190,2023-01-23T17:22:56Z
304914000,9.139229,53.881654,2023-01-23T17:23:27Z
304914000,9.141153,53.881079,2023-01-23T17:24:18Z
304914000,9.145249,53.880235,2023-01-23T17:24:57Z
304914000,9.147303,53.879963,2023-01-23T17:25:27Z
304914000,9.149532,53.879703,2023-01-23T17:26:17Z
304914000,9.153970,53.879328,2023-01-23T17:26:57Z
304914000,9.156126,53.879219,2023-01-23T17:27:28Z
304914000,9.158414,53.879189,2023-01-23T17:28:17Z
304914000,9.162885,53.879188,2023-01-23T17:28:57Z
304914000,9.165045,53.879205,2023-01-23T17:29:28Z
304914000,9.167364,53.879218,2023-01-23T17:30:17Z
304914000,9.171794,53.879275,2023-01-23T17:30:56Z
304914000,9.173390,53.879301,2023-01-23T17:31:26Z
304914000,9.176395,53.879358,2023-01-23T17:32:16Z
304914000,9.180305,53.879383,2023-01-23T17:32:47Z
304914000,9.181974,53.879361,2023-01-23T17:33:21Z
636092733,9.104549,53.882510,2023-01-23T16:37:27Z
636092733,9.105995,53.882606,2023-01-23T16:38:02Z
636092733,9.107049,53.882684,2023-01-23T16:38:32Z
636092733,9.107805,53.882804,2023-01-23T16:39:19Z
636092733,9.109858,53.883028,2023-01-23T16:39:52Z
636092733,9.110618,53.883096,2023-01-23T16:40:24Z
636092733,9.112353,53.883344,2023-01-23T16:41:02Z
636092733,9.113643,53.883533,2023-01-23T16:41:41Z
636092733,9.113995,53.883588,2023-01-23T16:42:19Z
636092733,9.115864,53.883897,2023-01-23T16:42:51Z
636092733,9.116249,53.883952,2023-01-23T16:43:21Z
636092733,9.118099,53.884166,2023-01-23T16:44:02Z
636092733,9.119061,53.884320,2023-01-23T16:44:32Z
636092733,9.119632,53.884382,2023-01-23T16:45:19Z
636092733,9.121715,53.884501,2023-01-23T16:45:51Z
636092733,9.122515,53.884580,2023-01-23T16:46:23Z
636092733,9.124617,53.884870,2023-01-23T16:47:02Z
636092733,9.125980,53.885054,2023-01-23T16:47:32Z
636092733,9.127253,53.885306,2023-01-23T16:48:18Z
636092733,9.129411,53.885839,2023-01-23T16:48:52Z
636092733,9.130212,53.886100,2023-01-23T16:49:24Z
636092733,9.131854,53.886761,2023-01-23T16:50:01Z
636092733,9.133231,53.887293,2023-01-23T16:50:42Z
636092733,9.133904,53.887519,2023-01-23T16:51:19Z
636092733,9.135757,53.888225,2023-01-23T16:51:52Z
636092733,9.136624,53.888658,2023-01-23T16:52:25Z
636092733,9.137679,53.889212,2023-01-23T16:53:01Z
636092733,9.138559,53.889717,2023-01-23T16:53:42Z
636092733,9.138729,53.889813,2023-01-23T16:54:19Z
636092733,9.139708,53.890360,2023-01-23T16:54:52Z
636092733,9.139959,53.890546,2023-01-23T16:55:23Z
636092733,9.140721,53.890948,2023-01-23T16:56:01Z
636092733,9.141111,53.891172,2023-01-23T16:56:32Z
636092733,9.141429,53.891349,2023-01-23T16:57:18Z
636092733,9.142356,53.891844,2023-01-23T16:57:51Z
636092733,9.142596,53.891969,2023-01-23T16:58:23Z
636092733,9.143209,53.892339,2023-01-23T16:59:01Z
636092733,9.143533,53.892516,2023-01-23T16:59:32Z
636092733,9.143694,53.892611,2023-01-23T17:00:19Z
636092733,9.144092,53.892844,2023-01-23T17:00:51Z
636092733,9.144211,53.892901,2023-01-23T17:01:24Z
636092733,9.144466,53.893027,2023-01-23T17:02:02Z
636092733,9.144641,53.893109,2023-01-23T17:02:32Z
636092733,9.144769,53.893163,2023-01-23T17:03:19Z
636092733,9.145082,53.893334,2023-01-23T17:03:52Z
636092733,9.145112,53.893370,2023-01-23T17:04:23Z
636092733,9.145124,53.893402,2023-01-23T17:05:02Z
636092733,9.145157,53.893405,2023-01-23T17:05:41Z
636092733,9.145193,53.893405,2023-01-23T17:06:18Z
636092733,9.145207,53.893409,2023-01-23T17:06:52Z
636092733,9.145230,53.893415,2023-01-23T17:07:25Z
636092733,9.145240,53.893412,2023-01-23T17:08:01Z
636092733,9.145209,53.893436,2023-01-23T17:08:41Z
636092733,9.145156,53.893407,2023-01-23T17:09:20Z
636092733,9.145169,53.893404,2023-01-23T17:09:51Z
636092733,9.145162,53.893401,2023-01-23T17:10:23Z
636092733,9.145142,53.893442,2023-01-23T17:11:01Z
636092733,9.145181,53.893454,2023-01-23T17:11:32Z
636092733,9.145199,53.893411,2023-01-23T17:12:19Z
636092733,9.145184,53.893422,2023-01-23T17:12:53Z
636092733,9.145201,53.893401,2023-01-23T17:13:24Z
636092733,9.145199,53.893397,2023-01-23T17:14:01Z
636092733,9.145126,53.893416,2023-01-23T17:14:33Z
636092733,9.145206,53.893429,2023-01-23T17:15:03Z
636092733,9.145167,53.893422,2023-01-23T17:15:42Z
636092733,9.145157,53.893421,2023-01-23T17:16:19Z
636092733,9.145171,53.893421,2023-01-23T17:16:51Z
636092733,9.145171,53.893396,2023-01-23T17:17:22Z
636092733,9.145179,53.893404,2023-01-23T17:18:03Z
636092733,9.145186,53.893386,2023-01-23T17:18:42Z
636092733,9.145164,53.893394,2023-01-23T17:19:19Z
636092733,9.145211,53.893362,2023-01-23T17:19:51Z
636092733,9.145209,53.893357,2023-01-23T17:20:24Z
636092733,9.145207,53.893397,2023-01-23T17:21:03Z
636092733,9.145196,53.893389,2023-01-23T17:21:42Z
636092733,9.145202,53.893397,2023-01-23T17:22:19Z
636092733,9.145194,53.893412,2023-01-23T17:22:53Z
636092733,9.145219,53.893417,2023-01-23T17:23:25Z
636092733,9.145187,53.893376,2023-01-23T17:24:02Z
636092733,9.145181,53.893357,2023-01-23T17:24:41Z
636092733,9.145179,53.893376,2023-01-23T17:25:18Z
636092733,9.145141,53.893382,2023-01-23T17:25:53Z
636092733,9.145167,53.893406,2023-01-23T17:26:23Z
636092733,9.145189,53.893389,2023-01-23T17:27:02Z
636092733,9.145146,53.893434,2023-01-23T17:27:41Z
636092733,9.145157,53.893431,2023-01-23T17:28:18Z
636092733,9.145199,53.893417,2023-01-23T17:28:52Z
636092733,9.145186,53.893391,2023-01-23T17:29:26Z
636092733,9.145187,53.893414,2023-01-23T17:30:02Z
636092733,9.145164,53.893431,2023-01-23T17:30:42Z
636092733,9.145181,53.893416,2023-01-23T17:31:19Z
636092733,9.145186,53.893401,2023-01-23T17:31:52Z
636092733,9.145176,53.893394,2023-01-23T17:32:25Z
636092733,9.145206,53.893427,2023-01-23T17:33:02Z
636092733,9.145182,53.893409,2023-01-23T17:33:42Z
636092733,9.145189,53.893417,2023-01-23T17:34:19Z
636092733,9.145157,53.893407,2023-01-23T17:34:52Z
636092733,9.145122,53.893432,2023-01-23T17:35:24Z
636092733,9.145137,53.893416,2023-01-23T17:36:02Z
636092733,9.145164,53.893407,2023-01-23T17:36:42Z
636092733,9.145152,53.893412,2023-01-23T17:37:19Z
636092733,9.145177,53.893421,2023-01-23T17:37:52Z
636092733,9.145206,53.893402,2023-01-23T17:38:24Z
636092733,9.145129,53.893427,2023-01-23T17:39:01Z
636092733,9.145118,53.893409,2023-01-23T17:39:32Z
636092733,9.145148,53.893412,2023-01-23T17:40:18Z
636092733,9.145135,53.893432,2023-01-23T17:40:51Z
636092733,9.145177,53.893429,2023-01-23T17:41:24Z
636092733,9.145182,53.893397,2023-01-23T17:42:02Z
636092733,9.145221,53.893415,2023-01-23T17:42:33Z
636092733,9.145355,53.893470,2023-01-23T17:43:21Z
636092733,9.145947,53.893759,2023-01-23T17:43:51Z
636092733,9.146062,53.893812,2023-01-23T17:44:21Z
636092733,9.146870,53.894284,2023-01-23T17:45:02Z
636092733,9.147398,53.894599,2023-01-23T17:45:32Z
636092733,9.147750,53.894724,2023-01-23T17:46:18Z
636092733,9.149079,53.895424,2023-01-23T17:46:51Z
636092733,9.149305,53.895549,2023-01-23T17:47:22Z
636092733,9.151019,53.896379,2023-01-23T17:48:02Z
636092733,9.151898,53.896812,2023-01-23T17:48:33Z
636092733,9.152507,53.897097,2023-01-23T17:49:19Z
636092733,9.154373,53.898097,2023-01-23T17:49:52Z
636092733,9.155047,53.898422,2023-01-23T17:50:25Z
636092733,9.156759,53.899257,2023-01-23T17:51:01Z
636092733,9.157830,53.899774,2023-01-23T17:51:33Z
636092733,9.158539,53.900131,2023-01-23T17:52:20Z
636092733,9.160640,53.901240,2023-01-23T17:52:52Z
636092733,9.161358,53.901599,2023-01-23T17:53:23Z
636092733,9.163111,53.902507,2023-01-23T17:54:02Z
636092733,9.164301,53.903127,2023-01-23T17:54:33Z
636092733,9.164946,53.903457,2023-01-23T17:55:20Z
636092733,9.167222,53.904542,2023-01-23T17:55:52Z
636092733,9.167977,53.904920,2023-01-23T17:56:23Z
636092733,9.169426,53.905644,2023-01-23T17:57:19Z
636092733,9.171647,53.906762,2023-01-23T17:57:52Z
636092733,9.172011,53.906949,2023-01-23T17:58:23Z
636092733,9.174151,53.908092,2023-01-23T17:59:03Z
636092733,9.175593,53.908849,2023-01-23T17:59:42Z
636092733,9.175944,53.909049,2023-01-23T18:00:19Z
636092733,9.178108,53.910168,2023-01-23T18:00:52Z
636092733,9.178769,53.910541,2023-01-23T18:01:24Z
244093000,9.178370,53.912431,2023-01-23T17:53:50Z
244093000,9.177570,53.911997,2023-01-23T17:54:23Z
244093000,9.175520,53.910931,2023-01-23T17:55:00Z
244093000,9.174320,53.910297,2023-01-23T17:55:31Z
244093000,9.173103,53.909631,2023-01-23T17:56:12Z
244093000,9.171087,53.908581,2023-01-23T17:56:50Z
244093000,9.170287,53.908181,2023-01-23T17:57:23Z
244093000,9.168292,53.907107,2023-01-23T17:58:00Z
244093000,9.167225,53.906491,2023-01-23T17:58:33Z
244093000,9.166064,53.905811,2023-01-23T17:59:14Z
244093000,9.164103,53.904747,2023-01-23T17:59:49Z
244093000,9.163287,53.904331,2023-01-23T18:00:22Z
244093000,9.161370,53.903297,2023-01-23T18:01:00Z
244093000,9.160343,53.902750,2023-01-23T18:01:30Z
244093000,9.159343,53.902234,2023-01-23T18:02:12Z
244093000,9.157853,53.901447,2023-01-23T18:02:49Z
244093000,9.157253,53.901131,2023-01-23T18:03:23Z
244093000,9.155859,53.900367,2023-01-23T18:04:00Z
244093000,9.154843,53.899834,2023-01-23T18:04:39Z
244093000,9.154309,53.899550,2023-01-23T18:05:14Z
244093000,9.153109,53.898900,2023-01-23T18:05:49Z
244093000,9.152593,53.898634,2023-01-23T18:06:24Z
244093000,9.151465,53.898037,2023-01-23T18:07:00Z
244093000,9.150632,53.897620,2023-01-23T18:07:39Z
244093000,9.150199,53.897404,2023-01-23T18:08:13Z
244093000,9.149253,53.896914,2023-01-23T18:08:49Z
244093000,9.148870,53.896714,2023-01-23T18:09:24Z
244093000,9.148043,53.896267,2023-01-23T18:10:00Z
244093000,9.147593,53.896034,2023-01-23T18:10:33Z
244093000,9.147109,53.895784,2023-01-23T18:11:14Z
244093000,9.146409,53.895434,2023-01-23T18:11:49Z
244093000,9.146109,53.895284,2023-01-23T18:12:24Z
244093000,9.145443,53.894950,2023-01-23T18:13:00Z
244093000,9.145143,53.894784,2023-01-23T18:13:31Z
244093000,9.144876,53.894650,2023-01-23T18:14:13Z
244093000,9.144426,53.894434,2023-01-23T18:14:49Z
244093000,9.144299,53.894320,2023-01-23T18:15:25Z
244093000,9.143965,53.894154,2023-01-23T18:16:00Z
244093000,9.143799,53.894070,2023-01-23T18:16:30Z
244093000,9.143626,53.893984,2023-01-23T18:17:13Z
244093000,9.143521,53.893890,2023-01-23T18:17:49Z
244093000,9.143521,53.893890,2023-01-23T18:18:24Z
244093000,9.143520,53.893897,2023-01-23T18:19:00Z
244093000,9.143470,53.893897,2023-01-23T18:19:39Z
244093000,9.143453,53.893897,2023-01-23T18:20:13Z
244093000,9.143448,53.893927,2023-01-23T18:20:49Z
244093000,9.143448,53.893927,2023-01-23T18:21:24Z
244093000,9.143437,53.893914,2023-01-23T18:22:14Z
244093000,9.143453,53.893914,2023-01-23T18:22:49Z
244093000,9.143437,53.893914,2023-01-23T18:23:23Z
244093000,9.143453,53.893914,2023-01-23T18:23:59Z
244093000,9.143453,53.893914,2023-01-23T18:24:39Z
244093000,9.143453,53.893914,2023-01-23T18:25:14Z
244093000,9.143420,53.893914,2023-01-23T18:25:49Z
244093000,9.143420,53.893914,2023-01-23T18:26:24Z
244093000,9.143403,53.893897,2023-01-23T18:26:59Z
244093000,9.143403,53.893897,2023-01-23T18:27:31Z
244093000,9.143420,53.893897,2023-01-23T18:28:13Z
244093000,9.143420,53.893897,2023-01-23T18:28:50Z
244093000,9.143403,53.893897,2023-01-23T18:29:23Z
244093000,9.143437,53.893897,2023-01-23T18:30:00Z
244093000,9.143453,53.893897,2023-01-23T18:30:31Z
244093000,9.143453,53.893897,2023-01-23T18:31:13Z
244093000,9.143437,53.893897,2023-01-23T18:31:49Z
244093000,9.143437,53.893897,2023-01-23T18:32:23Z
244093000,9.143420,53.893897,2023-01-23T18:33:00Z
244093000,9.143437,53.893881,2023-01-23T18:33:31Z
244093000,9.143437,53.893897,2023-01-23T18:34:14Z
244093000,9.143437,53.893897,2023-01-23T18:34:49Z
244093000,9.143453,53.893881,2023-01-23T18:35:22Z
244093000,9.143453,53.893881,2023-01-23T18:35:59Z
244093000,9.143453,53.893881,2023-01-23T18:36:30Z
244093000,9.143453,53.893881,2023-01-23T18:37:13Z
244093000,9.143470,53.893881,2023-01-23T18:37:50Z
244093000,9.143453,53.893881,2023-01-23T18:38:24Z
244093000,9.143470,53.893881,2023-01-23T18:38:59Z
244093000,9.143420,53.893897,2023-01-23T18:39:31Z
244093000,9.143437,53.893897,2023-01-23T18:40:13Z
244093000,9.143420,53.893897,2023-01-23T18:40:59Z
244093000,9.143420,53.893897,2023-01-23T18:41:30Z
244093000,9.143420,53.893881,2023-01-23T18:42:13Z
244093000,9.143420,53.893897,2023-01-23T18:42:50Z
244093000,9.143437,53.893914,2023-01-23T18:43:24Z
244093000,9.143453,53.893914,2023-01-23T18:43:59Z
244093000,9.143453,53.893881,2023-01-23T18:44:30Z
244093000,9.143453,53.893897,2023-01-23T18:45:13Z
244093000,9.143453,53.893897,2023-01-23T18:45:50Z
244093000,9.143453,53.893914,2023-01-23T18:46:26Z
244093000,9.143437,53.893914,2023-01-23T18:46:59Z
244093000,9.143437,53.893914,2023-01-23T18:47:30Z
244093000,9.143453,53.893914,2023-01-23T18:48:12Z
244093000,9.143453,53.893931,2023-01-23T18:48:49Z
244093000,9.143470,53.893931,2023-01-23T18:49:24Z
244093000,9.143437,53.893881,2023-01-23T18:49:59Z
244093000,9.143453,53.893881,2023-01-23T18:50:30Z
244093000,9.143437,53.893897,2023-01-23T18:51:13Z
244093000,9.143420,53.893881,2023-01-23T18:51:49Z
244093000,9.143403,53.893881,2023-01-23T18:52:23Z
244093000,9.143403,53.893897,2023-01-23T18:52:59Z
244093000,9.143403,53.893914,2023-01-23T18:53:31Z
244093000,9.143420,53.893897,2023-01-23T18:54:12Z
244093000,9.143403,53.893897,2023-01-23T18:54:49Z
244093000,9.143420,53.893897,2023-01-23T18:55:23Z
244093000,9.143420,53.893897,2023-01-23T18:56:00Z
244093000,9.143453,53.893897,2023-01-23T18:56:31Z
244093000,9.143437,53.893914,2023-01-23T18:57:13Z
244093000,9.143453,53.893914,2023-01-23T18:57:49Z
244093000,9.143453,53.893914,2023-01-23T18:58:24Z
244093000,9.143437,53.893914,2023-01-23T18:59:00Z
244093000,9.143437,53.893914,2023-01-23T18:59:30Z
244093000,9.143437,53.893897,2023-01-23T19:00:12Z
244093000,9.143453,53.893897,2023-01-23T19:00:50Z
244093000,9.143453,53.893897,2023-01-23T19:01:22Z
244093000,9.143437,53.893897,2023-01-23T19:01:59Z
244093000,9.143437,53.893881,2023-01-23T19:02:30Z
244093000,9.143437,53.893881,2023-01-23T19:03:13Z
244093000,9.143453,53.893897,2023-01-23T19:03:50Z
244093000,9.143443,53.893884,2023-01-23T19:04:27Z
244093000,9.143449,53.893887,2023-01-23T19:04:59Z
244093000,9.143426,53.893867,2023-01-23T19:05:39Z
244093000,9.143392,53.893841,2023-01-23T19:06:12Z
244093000,9.143070,53.893637,2023-01-23T19:06:50Z
244093000,9.142875,53.893491,2023-01-23T19:07:22Z
244093000,9.142064,53.892994,2023-01-23T19:07:59Z
244093000,9.141343,53.892600,2023-01-23T19:08:29Z
244093000,9.140376,53.892084,2023-01-23T19:09:13Z
244093000,9.138359,53.891024,2023-01-23T19:09:50Z
244093000,9.137498,53.890527,2023-01-23T19:10:23Z
244093000,9.135147,53.889134,2023-01-23T19:11:00Z
244093000,9.133649,53.888254,2023-01-23T19:11:31Z
244093000,9.131738,53.887473,2023-01-23T19:12:14Z
244093000,9.127859,53.886117,2023-01-23T19:12:50Z
244093000,9.126399,53.885587,2023-01-23T19:13:23Z
244093000,9.121849,53.883987,2023-01-23T19:14:00Z
244093000,9.119363,53.883085,2023-01-23T19:14:31Z
244093000,9.116280,53.882130,2023-01-23T19:15:02Z
244093000,9.112767,53.881405,2023-01-23T19:15:35Z
244093000,9.110198,53.880977,2023-01-23T19:16:13Z
230015000,9.178314,53.912375,2023-01-23T17:57:23Z
230015000,9.176323,53.911320,2023-01-23T17:57:59Z
230015000,9.175175,53.910753,2023-01-23T17:58:33Z
230015000,9.173864,53.910099,2023-01-23T17:59:13Z
230015000,9.171910,53.908972,2023-01-23T17:59:49Z
230015000,9.171189,53.908616,2023-01-23T18:00:22Z
230015000,9.169344,53.907577,2023-01-23T18:00:59Z
230015000,9.168239,53.906942,2023-01-23T18:01:30Z
230015000,9.167019,53.906302,2023-01-23T18:02:11Z
230015000,9.165185,53.905312,2023-01-23T18:02:48Z
230015000,9.164454,53.904885,2023-01-23T18:03:23Z
230015000,9.162772,53.904020,2023-01-23T18:03:58Z
230015000,9.161850,53.903525,2023-01-23T18:04:29Z
230015000,9.160910,53.903045,2023-01-23T18:05:13Z
230015000,9.159407,53.902265,2023-01-23T18:05:48Z
230015000,9.158885,53.901920,2023-01-23T18:06:24Z
230015000,9.157732,53.901322,2023-01-23T18:06:58Z
230015000,9.156898,53.900893,2023-01-23T18:07:30Z
230015000,9.156242,53.900530,2023-01-23T18:08:12Z
230015000,9.155130,53.899849,2023-01-23T18:08:49Z
230015000,9.154690,53.899624,2023-01-23T18:09:24Z
230015000,9.153697,53.899146,2023-01-23T18:09:59Z
230015000,9.153090,53.898809,2023-01-23T18:10:33Z
230015000,9.152524,53.898474,2023-01-23T18:11:13Z
230015000,9.151552,53.897990,2023-01-23T18:11:49Z
230015000,9.151194,53.897799,2023-01-23T18:12:24Z
230015000,9.150292,53.897276,2023-01-23T18:12:59Z
230015000,9.149774,53.897012,2023-01-23T18:13:31Z
230015000,9.149257,53.896745,2023-01-23T18:14:12Z
230015000,9.148515,53.896320,2023-01-23T18:14:48Z
230015000,9.148223,53.896130,2023-01-23T18:15:25Z
230015000,9.147620,53.895790,2023-01-23T18:15:59Z
230015000,9.147173,53.895513,2023-01-23T18:16:38Z
230015000,9.146913,53.895380,2023-01-23T18:17:13Z
230015000,9.146395,53.895144,2023-01-23T18:17:48Z
230015000,9.146245,53.895065,2023-01-23T18:18:24Z
230015000,9.145968,53.894895,2023-01-23T18:18:59Z
230015000,9.145785,53.894803,2023-01-23T18:19:31Z
230015000,9.145595,53.894717,2023-01-23T18:20:12Z
230015000,9.145420,53.894649,2023-01-23T18:20:48Z
230015000,9.145420,53.894634,2023-01-23T18:21:24Z
230015000,9.145467,53.894653,2023-01-23T18:21:59Z
230015000,9.145492,53.894631,2023-01-23T18:22:32Z
230015000,9.145463,53.894625,2023-01-23T18:23:12Z
230015000,9.145415,53.894675,2023-01-23T18:23:48Z
230015000,9.145393,53.894731,2023-01-23T18:24:23Z
230015000,9.145432,53.894615,2023-01-23T18:24:59Z
230015000,9.145460,53.894635,2023-01-23T18:25:31Z
230015000,9.145427,53.894643,2023-01-23T18:26:13Z
230015000,9.145367,53.894693,2023-01-23T18:26:48Z
230015000,9.145355,53.894656,2023-01-23T18:27:23Z
230015000,9.145379,53.894619,2023-01-23T18:27:59Z
230015000,9.145424,53.894667,2023-01-23T18:28:30Z
230015000,9.145414,53.894639,2023-01-23T18:29:12Z
230015000,9.145422,53.894675,2023-01-23T18:29:48Z
230015000,9.145457,53.894664,2023-01-23T18:30:24Z
230015000,9.145414,53.894639,2023-01-23T18:30:59Z
230015000,9.145450,53.894650,2023-01-23T18:31:30Z
230015000,9.145445,53.894649,2023-01-23T18:32:13Z
230015000,9.145437,53.894622,2023-01-23T18:32:48Z
230015000,9.145409,53.894607,2023-01-23T18:33:24Z
230015000,9.145350,53.894659,2023-01-23T18:33:58Z
230015000,9.145382,53.894640,2023-01-23T18:34:30Z
230015000,9.145389,53.894664,2023-01-23T18:35:12Z
230015000,9.145382,53.894614,2023-01-23T18:35:48Z
230015000,9.145402,53.894637,2023-01-23T18:36:22Z
230015000,9.145450,53.894657,2023-01-23T18:36:58Z
230015000,9.145350,53.894642,2023-01-23T18:37:30Z
230015000,9.145374,53.894649,2023-01-23T18:38:12Z
230015000,9.145390,53.894669,2023-01-23T18:38:49Z
230015000,9.145385,53.894709,2023-01-23T18:39:23Z
230015000,9.145397,53.894667,2023-01-23T18:39:59Z
230015000,9.145384,53.894669,2023-01-23T18:40:30Z
230015000,9.145384,53.894637,2023-01-23T18:41:12Z
230015000,9.145352,53.894649,2023-01-23T18:41:50Z
230015000,9.145392,53.894644,2023-01-23T18:42:24Z
230015000,9.145340,53.894640,2023-01-23T18:42:59Z
230015000,9.145332,53.894600,2023-01-23T18:43:30Z
230015000,9.145354,53.894595,2023-01-23T18:44:11Z
230015000,9.145395,53.894617,2023-01-23T18:44:49Z
230015000,9.145399,53.894622,2023-01-23T18:45:24Z
230015000,9.145432,53.894617,2023-01-23T18:45:59Z
230015000,9.145437,53.894629,2023-01-23T18:46:38Z
230015000,9.145434,53.894635,2023-01-23T18:47:12Z
230015000,9.145427,53.894639,2023-01-23T18:47:49Z
230015000,9.145462,53.894620,2023-01-23T18:48:23Z
230015000,9.145492,53.894630,2023-01-23T18:48:59Z
230015000,9.145435,53.894607,2023-01-23T18:49:31Z
230015000,9.145444,53.894617,2023-01-23T18:50:13Z
230015000,9.145377,53.894630,2023-01-23T18:50:48Z
230015000,9.145390,53.894660,2023-01-23T18:51:24Z
230015000,9.145450,53.894637,2023-01-23T18:51:59Z
230015000,9.145470,53.894624,2023-01-23T18:52:30Z
230015000,9.145439,53.894610,2023-01-23T18:53:12Z
230015000,9.145374,53.894650,2023-01-23T18:53:48Z
230015000,9.145377,53.894649,2023-01-23T18:54:23Z
230015000,9.145429,53.894649,2023-01-23T18:54:59Z
230015000,9.145405,53.894620,2023-01-23T18:55:30Z
230015000,9.145464,53.894602,2023-01-23T18:56:12Z
230015000,9.145410,53.894595,2023-01-23T18:56:48Z
230015000,9.145457,53.894615,2023-01-23T18:57:23Z
230015000,9.145407,53.894644,2023-01-23T18:57:59Z
230015000,9.145384,53.894664,2023-01-23T18:58:31Z
230015000,9.145447,53.894667,2023-01-23T18:59:13Z
230015000,9.145454,53.894667,2023-01-23T18:59:48Z
230015000,9.145435,53.894619,2023-01-23T19:00:22Z
230015000,9.145440,53.894609,2023-01-23T19:00:59Z
230015000,9.145444,53.894605,2023-01-23T19:01:30Z
230015000,9.145484,53.894640,2023-01-23T19:02:12Z
230015000,9.145434,53.894645,2023-01-23T19:02:48Z
230015000,9.145454,53.894625,2023-01-23T19:03:22Z
230015000,9.145399,53.894632,2023-01-23T19:03:59Z
230015000,9.145399,53.894645,2023-01-23T19:04:30Z
230015000,9.145380,53.894619,2023-01-23T19:05:12Z
230015000,9.145405,53.894644,2023-01-23T19:05:48Z
230015000,9.145452,53.894665,2023-01-23T19:06:22Z
230015000,9.145408,53.894608,2023-01-23T19:06:59Z
230015000,9.145210,53.894516,2023-01-23T19:07:38Z
230015000,9.145057,53.894437,2023-01-23T19:08:12Z
230015000,9.144605,53.894191,2023-01-23T19:08:49Z
230015000,9.144380,53.894063,2023-01-23T19:09:24Z
230015000,9.143703,53.893739,2023-01-23T19:09:59Z
230015000,9.143329,53.893551,2023-01-23T19:10:30Z
230015000,9.142805,53.893317,2023-01-23T19:11:12Z
230015000,9.141902,53.892860,2023-01-23T19:11:48Z
230015000,9.141367,53.892596,2023-01-23T19:12:26Z
230015000,9.140105,53.891904,2023-01-23T19:12:59Z
230015000,9.139250,53.891414,2023-01-23T19:13:30Z
230015000,9.138242,53.890862,2023-01-23T19:14:13Z
230015000,9.136515,53.889842,2023-01-23T19:14:48Z
230015000,9.135707,53.889399,2023-01-23T19:15:22Z
230015000,9.133760,53.888308,2023-01-23T19:15:54Z
230015000,9.132400,53.887814,2023-01-23T19:16:27Z
230015000,9.130427,53.887145,2023-01-23T19:17:13Z
230015000,9.127041,53.885771,2023-01-23T19:17:49Z
230015000,9.125860,53.885264,2023-01-23T19:18:22Z
230015000,9.122564,53.884045,2023-01-23T19:18:55Z
230015000,9.121277,53.883649,2023-01-23T19:19:26Z
230015000,9.117519,53.882732,2023-01-23T19:19:59Z
230015000,9.115002,53.882162,2023-01-23T19:20:31Z
230015000,9.112314,53.881531,2023-01-23T19:21:14Z
230015000,9.107966,53.880652,2023-01-23T19:21:49Z
230015000,9.106198,53.880211,2023-01-23T19:22:23Z
304407000,9.177952,53.912248,2023-01-23T18:02:36Z
304407000,9.177294,53.911895,2023-01-23T18:03:18Z
304407000,9.174937,53.910665,2023-01-23T18:03:56Z
304407000,9.173807,53.910080,2023-01-23T18:04:28Z
304407000,9.172584,53.909477,2023-01-23T18:05:19Z
304407000,9.170199,53.908218,2023-01-23T18:05:55Z
304407000,9.169492,53.907848,2023-01-23T18:06:26Z
304407000,9.167964,53.907075,2023-01-23T18:07:18Z
304407000,9.165890,53.905978,2023-01-23T18:07:55Z
304407000,9.165285,53.905638,2023-01-23T18:08:25Z
304407000,9.163978,53.904930,2023-01-23T18:09:19Z
304407000,9.162162,53.903942,2023-01-23T18:09:55Z
304407000,9.161664,53.903677,2023-01-23T18:10:27Z
304407000,9.160402,53.903008,2023-01-23T18:11:20Z
304407000,9.158826,53.902138,2023-01-23T18:11:55Z
304407000,9.158074,53.901743,2023-01-23T18:12:29Z
304407000,9.157334,53.901352,2023-01-23T18:13:18Z
304407000,9.155965,53.900600,2023-01-23T18:13:55Z
304407000,9.155385,53.900280,2023-01-23T18:14:29Z
304407000,9.154804,53.899965,2023-01-23T18:15:20Z
304407000,9.153635,53.899328,2023-01-23T18:15:55Z
304407000,9.153130,53.899053,2023-01-23T18:16:28Z
304407000,9.152597,53.898777,2023-01-23T18:17:19Z
304407000,9.151723,53.898313,2023-01-23T18:17:56Z
304407000,9.151345,53.898103,2023-01-23T18:18:30Z
304407000,9.150922,53.897888,2023-01-23T18:19:18Z
304407000,9.150135,53.897465,2023-01-23T18:19:56Z
304407000,9.149777,53.897257,2023-01-23T18:20:29Z
304407000,9.149422,53.897072,2023-01-23T18:21:19Z
304407000,9.148704,53.896648,2023-01-23T18:21:56Z
304407000,9.148486,53.896512,2023-01-23T18:22:27Z
304407000,9.148052,53.896260,2023-01-23T18:23:18Z
304407000,9.147477,53.895992,2023-01-23T18:23:56Z
304407000,9.147191,53.895885,2023-01-23T18:24:30Z
304407000,9.146971,53.895775,2023-01-23T18:25:19Z
304407000,9.146474,53.895542,2023-01-23T18:25:56Z
304407000,9.146347,53.895473,2023-01-23T18:26:26Z
304407000,9.146120,53.895373,2023-01-23T18:27:18Z
304407000,9.145960,53.895257,2023-01-23T18:27:56Z
304407000,9.145844,53.895202,2023-01-23T18:28:29Z
304407000,9.145771,53.895168,2023-01-23T18:29:18Z
304407000,9.145734,53.895148,2023-01-23T18:29:56Z
304407000,9.145724,53.895150,2023-01-23T18:30:26Z
304407000,9.145724,53.895147,2023-01-23T18:31:18Z
304407000,9.145724,53.895145,2023-01-23T18:31:56Z
304407000,9.145714,53.895148,2023-01-23T18:32:28Z
304407000,9.145709,53.895155,2023-01-23T18:33:19Z
304407000,9.145716,53.895160,2023-01-23T18:33:56Z
304407000,9.145721,53.895157,2023-01-23T18:34:29Z
304407000,9.145729,53.895155,2023-01-23T18:35:17Z
304407000,9.145732,53.895157,2023-01-23T18:35:56Z
304407000,9.145736,53.895165,2023-01-23T18:36:28Z
304407000,9.145736,53.895170,2023-01-23T18:37:18Z
304407000,9.145719,53.895170,2023-01-23T18:38:18Z
304407000,9.145724,53.895188,2023-01-23T18:38:55Z
304407000,9.145727,53.895188,2023-01-23T18:39:29Z
304407000,9.145706,53.895185,2023-01-23T18:40:18Z
304407000,9.145697,53.895188,2023-01-23T18:40:55Z
304407000,9.145732,53.895213,2023-01-23T18:41:28Z
304407000,9.145749,53.895200,2023-01-23T18:42:19Z
304407000,9.145699,53.895187,2023-01-23T18:42:56Z
304407000,9.145696,53.895178,2023-01-23T18:43:26Z
304407000,9.145729,53.895183,2023-01-23T18:44:17Z
304407000,9.145766,53.895188,2023-01-23T18:44:56Z
304407000,9.145771,53.895187,2023-01-23T18:45:26Z
304407000,9.145781,53.895163,2023-01-23T18:46:17Z
304407000,9.145781,53.895155,2023-01-23T18:46:55Z
304407000,9.145774,53.895157,2023-01-23T18:47:28Z
304407000,9.145782,53.895157,2023-01-23T18:48:18Z
304407000,9.145782,53.895150,2023-01-23T18:48:55Z
304407000,9.145776,53.895148,2023-01-23T18:49:26Z
304407000,9.145769,53.895143,2023-01-23T18:50:18Z
304407000,9.145772,53.895152,2023-01-23T18:50:55Z
304407000,9.145772,53.895153,2023-01-23T18:51:34Z
304407000,9.145777,53.895162,2023-01-23T18:52:18Z
304407000,9.145712,53.895162,2023-01-23T18:52:55Z
304407000,9.145736,53.895175,2023-01-23T18:53:26Z
304407000,9.145729,53.895172,2023-01-23T18:54:18Z
304407000,9.145722,53.895168,2023-01-23T18:54:54Z
304407000,9.145724,53.895177,2023-01-23T18:55:25Z
304407000,9.145724,53.895180,2023-01-23T18:56:18Z
304407000,9.145721,53.895175,2023-01-23T18:57:18Z
304407000,9.145722,53.895168,2023-01-23T18:57:54Z
304407000,9.145724,53.895165,2023-01-23T18:58:26Z
304407000,9.145734,53.895168,2023-01-23T18:59:18Z
304407000,9.145711,53.895155,2023-01-23T18:59:54Z
304407000,9.145694,53.895143,2023-01-23T19:00:27Z
304407000,9.145707,53.895147,2023-01-23T19:01:17Z
304407000,9.145729,53.895173,2023-01-23T19:01:56Z
304407000,9.145732,53.895177,2023-01-23T19:02:29Z
304407000,9.145739,53.895182,2023-01-23T19:03:17Z
304407000,9.145722,53.895168,2023-01-23T19:04:18Z
304407000,9.145761,53.895187,2023-01-23T19:04:56Z
304407000,9.145773,53.895170,2023-01-23T19:05:29Z
304407000,9.145759,53.895164,2023-01-23T19:06:17Z
304407000,9.145744,53.895163,2023-01-23T19:07:18Z
304407000,9.145729,53.895152,2023-01-23T19:07:56Z
304407000,9.145729,53.895153,2023-01-23T19:08:35Z
304407000,9.145737,53.895148,2023-01-23T19:09:19Z
304407000,9.145676,53.895113,2023-01-23T19:09:56Z
304407000,9.145570,53.895045,2023-01-23T19:10:29Z
304407000,9.145488,53.895001,2023-01-23T19:11:18Z
304407000,9.145139,53.894760,2023-01-23T19:11:56Z
304407000,9.144972,53.894662,2023-01-23T19:12:28Z
304407000,9.144669,53.894425,2023-01-23T19:13:18Z
304407000,9.143742,53.893943,2023-01-23T19:13:56Z
304407000,9.143297,53.893712,2023-01-23T19:14:27Z
304407000,9.142282,53.893158,2023-01-23T19:15:18Z
304407000,9.140432,53.892116,2023-01-23T19:15:56Z
304407000,9.139315,53.891516,2023-01-23T19:16:29Z
304407000,9.138210,53.890885,2023-01-23T19:17:19Z
304407000,9.135390,53.889272,2023-01-23T19:17:55Z
304407000,9.133805,53.888417,2023-01-23T19:18:28Z
304407000,9.132032,53.887569,2023-01-23T19:19:19Z
304407000,9.128274,53.885828,2023-01-23T19:19:55Z
304407000,9.126871,53.885173,2023-01-23T19:20:26Z
304407000,9.123642,53.883719,2023-01-23T19:20:59Z
304407000,9.121536,53.883099,2023-01-23T19:21:30Z
304407000,9.118359,53.882424,2023-01-23T19:22:18Z
304407000,9.112326,53.881307,2023-01-23T19:22:55Z
304407000,9.109381,53.880840,2023-01-23T19:23:29Z
538003550,9.104388,53.882564,2023-01-23T18:19:24Z
538003550,9.105477,53.882647,2023-01-23T18:19:58Z
538003550,9.106231,53.882696,2023-01-23T18:20:30Z
538003550,9.106998,53.882713,2023-01-23T18:21:20Z
538003550,9.109119,53.882779,2023-01-23T18:21:59Z
538003550,9.110486,53.882796,2023-01-23T18:22:32Z
538003550,9.111974,53.882829,2023-01-23T18:23:19Z
538003550,9.115241,53.882862,2023-01-23T18:23:59Z
538003550,9.116783,53.882895,2023-01-23T18:24:31Z
538003550,9.118133,53.882862,2023-01-23T18:25:20Z
538003550,9.120650,53.882795,2023-01-23T18:25:59Z
538003550,9.121850,53.882762,2023-01-23T18:26:30Z
538003550,9.123100,53.882745,2023-01-23T18:27:19Z
538003550,9.125351,53.882770,2023-01-23T18:27:52Z
538003550,9.125854,53.883003,2023-01-23T18:28:23Z
538003550,9.127034,53.883864,2023-01-23T18:28:59Z
538003550,9.127674,53.884444,2023-01-23T18:29:30Z
538003550,9.128354,53.885020,2023-01-23T18:30:20Z
538003550,9.129901,53.886070,2023-01-23T18:30:59Z
538003550,9.130807,53.886533,2023-01-23T18:31:30Z
538003550,9.131824,53.886983,2023-01-23T18:32:19Z
538003550,9.134004,53.887786,2023-01-23T18:32:59Z
538003550,9.135074,53.888177,2023-01-23T18:33:32Z
538003550,9.136170,53.888556,2023-01-23T18:34:20Z
538003550,9.138034,53.889328,2023-01-23T18:34:59Z
538003550,9.138826,53.889683,2023-01-23T18:35:38Z
538003550,9.139202,53.889837,2023-01-23T18:36:18Z
538003550,9.140052,53.890247,2023-01-23T18:36:48Z
538003550,9.140236,53.890347,2023-01-23T18:37:19Z
538003550,9.141119,53.890864,2023-01-23T18:37:59Z
538003550,9.141511,53.891092,2023-01-23T18:38:31Z
538003550,9.141877,53.891276,2023-01-23T18:39:19Z
538003550,9.142511,53.891626,2023-01-23T18:39:59Z
538003550,9.142844,53.891809,2023-01-23T18:40:30Z
538003550,9.143152,53.892004,2023-01-23T18:41:18Z
538003550,9.143669,53.892287,2023-01-23T18:41:49Z
538003550,9.143802,53.892354,2023-01-23T18:42:20Z
538003550,9.144285,53.892637,2023-01-23T18:42:59Z
538003550,9.144452,53.892737,2023-01-23T18:43:31Z
538003550,9.144602,53.892821,2023-01-23T18:44:18Z
538003550,9.144935,53.893004,2023-01-23T18:44:49Z
538003550,9.145052,53.893087,2023-01-23T18:45:23Z
538003550,9.145319,53.893221,2023-01-23T18:45:59Z
538003550,9.145360,53.893249,2023-01-23T18:46:29Z
538003550,9.145485,53.893337,2023-01-23T18:47:19Z
538003550,9.145626,53.893433,2023-01-23T18:47:59Z
538003550,9.145701,53.893495,2023-01-23T18:48:30Z
538003550,9.145793,53.893516,2023-01-23T18:49:20Z
538003550,9.145743,53.893483,2023-01-23T18:49:58Z
538003550,9.145701,53.893478,2023-01-23T18:50:30Z
538003550,9.145710,53.893483,2023-01-23T18:51:19Z
538003550,9.145710,53.893483,2023-01-23T18:51:58Z
538003550,9.145701,53.893478,2023-01-23T18:52:30Z
538003550,9.145710,53.893483,2023-01-23T18:53:20Z
538003550,9.145726,53.893449,2023-01-23T18:53:59Z
538003550,9.145743,53.893449,2023-01-23T18:54:30Z
538003550,9.145743,53.893449,2023-01-23T18:55:19Z
538003550,9.145743,53.893483,2023-01-23T18:55:49Z
538003550,9.145743,53.893483,2023-01-23T18:56:23Z
538003550,9.145743,53.893483,2023-01-23T18:56:58Z
538003550,9.145760,53.893483,2023-01-23T18:57:31Z
538003550,9.145760,53.893483,2023-01-23T18:58:20Z
538003550,9.145743,53.893466,2023-01-23T18:58:58Z
538003550,9.145743,53.893466,2023-01-23T18:59:30Z
538003550,9.145743,53.893466,2023-01-23T19:00:18Z
538003550,9.145776,53.893483,2023-01-23T19:00:49Z
538003550,9.145776,53.893483,2023-01-23T19:01:22Z
538003550,9.145793,53.893483,2023-01-23T19:01:59Z
538003550,9.145810,53.893483,2023-01-23T19:02:29Z
538003550,9.145793,53.893483,2023-01-23T19:03:18Z
538003550,9.145776,53.893483,2023-01-23T19:03:48Z
538003550,9.145776,53.893483,2023-01-23T19:04:19Z
538003550,9.145760,53.893483,2023-01-23T19:04:59Z
538003550,9.145760,53.893483,2023-01-23T19:05:30Z
538003550,9.145760,53.893483,2023-01-23T19:06:18Z
538003550,9.145760,53.893483,2023-01-23T19:06:48Z
538003550,9.145760,53.893483,2023-01-23T19:07:22Z
538003550,9.145776,53.893483,2023-01-23T19:07:58Z
538003550,9.145760,53.893483,2023-01-23T19:08:29Z
538003550,9.145743,53.893466,2023-01-23T19:09:20Z
538003550,9.145760,53.893466,2023-01-23T19:09:58Z
538003550,9.145743,53.893466,2023-01-23T19:10:31Z
538003550,9.145743,53.893466,2023-01-23T19:11:19Z
538003550,9.145760,53.893466,2023-01-23T19:11:58Z
538003550,9.145760,53.893466,2023-01-23T19:12:29Z
538003550,9.145760,53.893483,2023-01-23T19:13:19Z
538003550,9.145760,53.893483,2023-01-23T19:13:58Z
538003550,9.145760,53.893483,2023-01-23T19:14:31Z
538003550,9.145743,53.893483,2023-01-23T19:15:19Z
538003550,9.145776,53.893466,2023-01-23T19:15:58Z
538003550,9.145776,53.893466,2023-01-23T19:16:30Z
538003550,9.145776,53.893466,2023-01-23T19:17:20Z
538003550,9.145743,53.893466,2023-01-23T19:17:58Z
538003550,9.145760,53.893449,2023-01-23T19:18:30Z
538003550,9.145760,53.893449,2023-01-23T19:19:20Z
538003550,9.145743,53.893449,2023-01-23T19:19:59Z
538003550,9.145743,53.893449,2023-01-23T19:20:32Z
538003550,9.145760,53.893449,2023-01-23T19:21:21Z
538003550,9.145760,53.893466,2023-01-23T19:21:59Z
538003550,9.145760,53.893466,2023-01-23T19:22:30Z
538003550,9.145760,53.893466,2023-01-23T19:23:20Z
538003550,9.145760,53.893449,2023-01-23T19:23:50Z
538003550,9.145760,53.893449,2023-01-23T19:24:20Z
538003550,9.145760,53.893449,2023-01-23T19:24:59Z
538003550,9.145760,53.893449,2023-01-23T19:25:32Z
538003550,9.145743,53.893449,2023-01-23T19:26:20Z
538003550,9.145760,53.893449,2023-01-23T19:26:59Z
538003550,9.145776,53.893449,2023-01-23T19:27:32Z
538003550,9.145802,53.893454,2023-01-23T19:28:17Z
538003550,9.145993,53.893566,2023-01-23T19:28:49Z
538003550,9.146101,53.893628,2023-01-23T19:29:23Z
538003550,9.146584,53.893861,2023-01-23T19:29:58Z
538003550,9.146951,53.894045,2023-01-23T19:30:31Z
538003550,9.147360,53.894233,2023-01-23T19:31:18Z
538003550,9.148193,53.894649,2023-01-23T19:31:49Z
538003550,9.148360,53.894733,2023-01-23T19:32:20Z
538003550,9.149802,53.895454,2023-01-23T19:32:58Z
538003550,9.150694,53.895942,2023-01-23T19:33:32Z
538003550,9.151619,53.896464,2023-01-23T19:34:19Z
538003550,9.153428,53.897519,2023-01-23T19:34:49Z
538003550,9.153811,53.897736,2023-01-23T19:35:20Z
538003550,9.156078,53.899119,2023-01-23T19:35:58Z
538003550,9.157336,53.899881,2023-01-23T19:36:29Z
538003550,9.158544,53.900592,2023-01-23T19:37:20Z
538003550,9.161134,53.902045,2023-01-23T19:37:59Z
538003550,9.162367,53.902678,2023-01-23T19:38:32Z
538003550,9.163651,53.903328,2023-01-23T19:39:19Z
538003550,9.165743,53.904366,2023-01-23T19:39:50Z
538003550,9.166160,53.904583,2023-01-23T19:40:21Z
538003550,9.168601,53.905878,2023-01-23T19:40:59Z
538003550,9.169867,53.906511,2023-01-23T19:41:31Z
538003550,9.171126,53.907133,2023-01-23T19:42:20Z
538003550,9.173526,53.908416,2023-01-23T19:42:59Z
538003550,9.174652,53.909004,2023-01-23T19:43:29Z
538003550,9.175794,53.909626,2023-01-23T19:44:21Z
538003550,9.178094,53.910926,2023-01-23T19:44:59Z
538003550,9.179177,53.911542,2023-01-23T19:45:32Z
229241000,9.104110,53.883441,2023-01-23T18:42:50Z
229241000,9.105027,53.883624,2023-01-23T18:43:24Z
229241000,9.107297,53.884055,2023-01-23T18:43:56Z
229241000,9.108500,53.884236,2023-01-23T18:44:27Z
229241000,9.110307,53.884386,2023-01-23T18:45:00Z
229241000,9.111684,53.884503,2023-01-23T18:45:31Z
229241000,9.113090,53.884636,2023-01-23T18:46:12Z
229241000,9.115464,53.884819,2023-01-23T18:46:50Z
229241000,9.116287,53.884869,2023-01-23T18:47:22Z
229241000,9.118687,53.885019,2023-01-23T18:48:00Z
229241000,9.120087,53.885102,2023-01-23T18:48:31Z
229241000,9.121454,53.885185,2023-01-23T18:49:12Z
229241000,9.123430,53.885322,2023-01-23T18:49:43Z
229241000,9.124357,53.885472,2023-01-23T18:50:21Z
229241000,9.126750,53.885890,2023-01-23T18:51:00Z
229241000,9.127934,53.886107,2023-01-23T18:51:32Z
229241000,9.129300,53.886363,2023-01-23T18:52:03Z
229241000,9.130448,53.886688,2023-01-23T18:52:33Z
229241000,9.131393,53.887027,2023-01-23T18:53:12Z
229241000,9.133143,53.887727,2023-01-23T18:53:49Z
229241000,9.133694,53.887898,2023-01-23T18:54:21Z
229241000,9.135831,53.888564,2023-01-23T18:55:00Z
229241000,9.136882,53.888919,2023-01-23T18:55:30Z
229241000,9.137947,53.889289,2023-01-23T18:56:03Z
229241000,9.138872,53.889676,2023-01-23T18:56:39Z
229241000,9.139353,53.889899,2023-01-23T18:57:12Z
229241000,9.140487,53.890533,2023-01-23T18:57:50Z
229241000,9.140696,53.890662,2023-01-23T18:58:22Z
229241000,9.141502,53.891074,2023-01-23T18:58:53Z
229241000,9.141703,53.891216,2023-01-23T18:59:24Z
229241000,9.142278,53.891536,2023-01-23T18:59:59Z
229241000,9.142637,53.891733,2023-01-23T19:00:31Z
229241000,9.142922,53.891892,2023-01-23T19:01:12Z
229241000,9.143420,53.892099,2023-01-23T19:01:49Z
229241000,9.143628,53.892186,2023-01-23T19:02:23Z
229241000,9.144003,53.892349,2023-01-23T19:02:56Z
229241000,9.144114,53.892439,2023-01-23T19:03:27Z
229241000,9.144255,53.892492,2023-01-23T19:03:59Z
229241000,9.144288,53.892526,2023-01-23T19:04:31Z
229241000,9.144338,53.892542,2023-01-23T19:05:12Z
229241000,9.144413,53.892579,2023-01-23T19:05:49Z
229241000,9.144413,53.892579,2023-01-23T19:06:22Z
229241000,9.144422,53.892576,2023-01-23T19:06:59Z
229241000,9.144422,53.892576,2023-01-23T19:07:29Z
229241000,9.144422,53.892576,2023-01-23T19:08:12Z
229241000,9.144388,53.892576,2023-01-23T19:08:49Z
229241000,9.144388,53.892576,2023-01-23T19:09:24Z
229241000,9.144388,53.892559,2023-01-23T19:10:00Z
229241000,9.144388,53.892559,2023-01-23T19:10:31Z
229241000,9.144388,53.892559,2023-01-23T19:11:12Z
229241000,9.144388,53.892559,2023-01-23T19:11:49Z
229241000,9.144405,53.892559,2023-01-23T19:12:25Z
229241000,9.144405,53.892559,2023-01-23T19:13:00Z
229241000,9.144405,53.892576,2023-01-23T19:13:31Z
229241000,9.144405,53.892576,2023-01-23T19:14:13Z
229241000,9.144438,53.892576,2023-01-23T19:14:49Z
229241000,9.144455,53.892576,2023-01-23T19:15:23Z
229241000,9.144455,53.892592,2023-01-23T19:16:01Z
229241000,9.144455,53.892592,2023-01-23T19:16:40Z
229241000,9.144438,53.892592,2023-01-23T19:17:13Z
229241000,9.144438,53.892592,2023-01-23T19:17:51Z
229241000,9.144438,53.892592,2023-01-23T19:18:23Z
229241000,9.144422,53.892592,2023-01-23T19:19:01Z
229241000,9.144422,53.892592,2023-01-23T19:19:33Z
229241000,9.144422,53.892576,2023-01-23T19:20:13Z
229241000,9.144438,53.892592,2023-01-23T19:20:51Z
229241000,9.144438,53.892592,2023-01-23T19:21:26Z
229241000,9.144438,53.892592,2023-01-23T19:21:59Z
229241000,9.144438,53.892576,2023-01-23T19:22:31Z
229241000,9.144438,53.892576,2023-01-23T19:23:13Z
229241000,9.144438,53.892576,2023-01-23T19:23:49Z
229241000,9.144438,53.892576,2023-01-23T19:24:25Z
229241000,9.144438,53.892576,2023-01-23T19:24:59Z
229241000,9.144405,53.892576,2023-01-23T19:25:31Z
229241000,9.144405,53.892576,2023-01-23T19:26:13Z
229241000,9.144405,53.892576,2023-01-23T19:26:49Z
229241000,9.144405,53.892576,2023-01-23T19:27:26Z
229241000,9.144405,53.892576,2023-01-23T19:27:59Z
229241000,9.144422,53.892576,2023-01-23T19:28:40Z
229241000,9.144438,53.892576,2023-01-23T19:29:12Z
229241000,9.144422,53.892576,2023-01-23T19:29:49Z
229241000,9.144438,53.892576,2023-01-23T19:30:24Z
229241000,9.144472,53.892609,2023-01-23T19:30:59Z
229241000,9.144553,53.892649,2023-01-23T19:31:30Z
229241000,9.144687,53.892733,2023-01-23T19:32:13Z
229241000,9.145137,53.892999,2023-01-23T19:32:49Z
229241000,9.145353,53.893133,2023-01-23T19:33:25Z
229241000,9.145988,53.893526,2023-01-23T19:33:59Z
229241000,9.146472,53.893809,2023-01-23T19:34:30Z
229241000,9.147022,53.894126,2023-01-23T19:35:13Z
229241000,9.148080,53.894705,2023-01-23T19:35:49Z
229241000,9.148588,53.894942,2023-01-23T19:36:22Z
229241000,9.149902,53.895624,2023-01-23T19:37:00Z
229241000,9.150618,53.896057,2023-01-23T19:37:32Z
229241000,9.151487,53.896599,2023-01-23T19:38:13Z
229241000,9.152887,53.897416,2023-01-23T19:38:49Z
229241000,9.153553,53.897799,2023-01-23T19:39:23Z
229241000,9.155046,53.898629,2023-01-23T19:40:00Z
229241000,9.155946,53.899129,2023-01-23T19:40:32Z
229241000,9.156822,53.899626,2023-01-23T19:41:13Z
229241000,9.158364,53.900455,2023-01-23T19:41:51Z
229241000,9.158972,53.900776,2023-01-23T19:42:24Z
229241000,9.160530,53.901622,2023-01-23T19:43:00Z
229241000,9.161772,53.902259,2023-01-23T19:43:39Z
229241000,9.162388,53.902592,2023-01-23T19:44:13Z
229241000,9.163988,53.903442,2023-01-23T19:44:51Z
229241000,9.164555,53.903776,2023-01-23T19:45:25Z
229241000,9.166105,53.904626,2023-01-23T19:46:00Z
229241000,9.166997,53.905105,2023-01-23T19:46:30Z
229241000,9.167864,53.905572,2023-01-23T19:47:12Z
229241000,9.169414,53.906372,2023-01-23T19:47:51Z
229241000,9.170005,53.906676,2023-01-23T19:48:23Z
229241000,9.171555,53.907526,2023-01-23T19:49:00Z
229241000,9.172447,53.908005,2023-01-23T19:49:31Z
229241000,9.173364,53.908489,2023-01-23T19:50:01Z
229241000,9.174497,53.909089,2023-01-23T19:50:39Z
229241000,9.174830,53.909255,2023-01-23T19:51:12Z
229241000,9.176622,53.910192,2023-01-23T19:51:50Z
229241000,9.177205,53.910492,2023-01-23T19:52:22Z
229241000,9.178664,53.911289,2023-01-23T19:53:01Z
244765000,9.179332,53.911865,2023-01-23T18:51:03Z
244765000,9.178065,53.911177,2023-01-23T18:51:34Z
244765000,9.177247,53.910778,2023-01-23T18:52:15Z
244765000,9.174637,53.909543,2023-01-23T18:52:53Z
244765000,9.173685,53.909072,2023-01-23T18:53:26Z
244765000,9.172020,53.908263,2023-01-23T18:54:14Z
244765000,9.169388,53.906842,2023-01-23T18:54:53Z
244765000,9.168473,53.906395,2023-01-23T18:55:25Z
244765000,9.166968,53.905510,2023-01-23T18:56:14Z
244765000,9.164867,53.904260,2023-01-23T18:56:53Z
244765000,9.164168,53.903863,2023-01-23T18:57:25Z
244765000,9.163007,53.903143,2023-01-23T18:58:15Z
244765000,9.161373,53.902012,2023-01-23T18:58:53Z
244765000,9.160860,53.901603,2023-01-23T18:59:25Z
244765000,9.159823,53.900900,2023-01-23T19:00:14Z
244765000,9.158492,53.899980,2023-01-23T19:00:44Z
244765000,9.158003,53.899628,2023-01-23T19:01:20Z
244765000,9.156883,53.898778,2023-01-23T19:01:54Z
244765000,9.156447,53.898478,2023-01-23T19:02:25Z
244765000,9.155427,53.897730,2023-01-23T19:03:03Z
244765000,9.154823,53.897298,2023-01-23T19:03:35Z
244765000,9.154483,53.897007,2023-01-23T19:04:15Z
244765000,9.153325,53.896177,2023-01-23T19:04:54Z
244765000,9.152950,53.895920,2023-01-23T19:05:25Z
244765000,9.152258,53.895423,2023-01-23T19:06:13Z
244765000,9.151523,53.894862,2023-01-23T19:06:44Z
244765000,9.151378,53.894745,2023-01-23T19:07:14Z
244765000,9.150632,53.894183,2023-01-23T19:07:54Z
244765000,9.150313,53.893918,2023-01-23T19:08:27Z
244765000,9.149982,53.893632,2023-01-23T19:09:15Z
244765000,9.149435,53.893190,2023-01-23T19:09:54Z
244765000,9.149260,53.893100,2023-01-23T19:10:25Z
244765000,9.148947,53.892868,2023-01-23T19:11:14Z
244765000,9.148648,53.892638,2023-01-23T19:11:45Z
244765000,9.148598,53.892603,2023-01-23T19:12:16Z
244765000,9.148372,53.892408,2023-01-23T19:12:54Z
244765000,9.148338,53.892378,2023-01-23T19:13:25Z
244765000,9.148290,53.892347,2023-01-23T19:14:15Z
244765000,9.148303,53.892377,2023-01-23T19:14:54Z
244765000,9.148305,53.892372,2023-01-23T19:15:24Z
244765000,9.148345,53.892365,2023-01-23T19:16:04Z
244765000,9.148283,53.892323,2023-01-23T19:16:34Z
244765000,9.148290,53.892328,2023-01-23T19:17:16Z
244765000,9.148338,53.892312,2023-01-23T19:17:54Z
244765000,9.148308,53.892335,2023-01-23T19:18:25Z
244765000,9.148300,53.892363,2023-01-23T19:19:04Z
244765000,9.148310,53.892397,2023-01-23T19:19:43Z
244765000,9.148325,53.892380,2023-01-23T19:20:16Z
244765000,9.148338,53.892377,2023-01-23T19:20:53Z
244765000,9.148343,53.892385,2023-01-23T19:21:27Z
244765000,9.148308,53.892378,2023-01-23T19:22:04Z
244765000,9.148330,53.892370,2023-01-23T19:22:45Z
244765000,9.148327,53.892365,2023-01-23T19:23:15Z
244765000,9.148322,53.892348,2023-01-23T19:23:54Z
244765000,9.148330,53.892335,2023-01-23T19:24:26Z
244765000,9.148325,53.892367,2023-01-23T19:25:03Z
244765000,9.148313,53.892375,2023-01-23T19:25:34Z
244765000,9.148268,53.892350,2023-01-23T19:26:15Z
244765000,9.147902,53.892115,2023-01-23T19:26:54Z
244765000,9.147707,53.891988,2023-01-23T19:27:26Z
244765000,9.146993,53.891510,2023-01-23T19:28:03Z
244765000,9.146560,53.891128,2023-01-23T19:28:34Z
244765000,9.146105,53.890880,2023-01-23T19:29:15Z
244765000,9.144702,53.889858,2023-01-23T19:29:54Z
244765000,9.144210,53.889518,2023-01-23T19:30:26Z
244765000,9.142727,53.888750,2023-01-23T19:31:14Z
244765000,9.140595,53.887687,2023-01-23T19:31:44Z
244765000,9.140053,53.887473,2023-01-23T19:32:15Z
244765000,9.136245,53.886327,2023-01-23T19:32:54Z
244765000,9.134937,53.885920,2023-01-23T19:33:26Z
244765000,9.132160,53.884853,2023-01-23T19:34:14Z
244765000,9.127638,53.883198,2023-01-23T19:34:54Z
244765000,9.125948,53.882740,2023-01-23T19:35:25Z
244765000,9.122345,53.881997,2023-01-23T19:36:14Z
244765000,9.116505,53.881273,2023-01-23T19:36:54Z
244765000,9.114542,53.881095,2023-01-23T19:37:26Z
244765000,9.110603,53.880705,2023-01-23T19:38:16Z
211141000,9.188760,53.883411,2023-01-23T19:38:29Z
211141000,9.186553,53.883388,2023-01-23T19:39:01Z
211141000,9.184801,53.883346,2023-01-23T19:39:33Z
211141000,9.183242,53.883387,2023-01-23T19:40:22Z
211141000,9.180406,53.883363,2023-01-23T19:40:54Z
211141000,9.179331,53.883347,2023-01-23T19:41:25Z
211141000,9.177203,53.883314,2023-01-23T19:42:02Z
211141000,9.175118,53.883346,2023-01-23T19:42:33Z
211141000,9.173483,53.883264,2023-01-23T19:43:03Z
211141000,9.171452,53.883179,2023-01-23T19:43:43Z
211141000,9.170332,53.883206,2023-01-23T19:44:22Z
211141000,9.167768,53.883167,2023-01-23T19:45:02Z
211141000,9.165618,53.883179,2023-01-23T19:45:34Z
211141000,9.164067,53.883104,2023-01-23T19:46:21Z
211141000,9.161436,53.883012,2023-01-23T19:46:52Z
211141000,9.160449,53.883022,2023-01-23T19:47:24Z
211141000,9.158549,53.882956,2023-01-23T19:48:01Z
211141000,9.156683,53.882846,2023-01-23T19:48:33Z
211141000,9.155231,53.882845,2023-01-23T19:49:19Z
211141000,9.152842,53.882920,2023-01-23T19:49:52Z
211141000,9.152301,53.883013,2023-01-23T19:50:22Z
211141000,9.149824,53.882898,2023-01-23T19:50:54Z
211141000,9.148914,53.882873,2023-01-23T19:51:25Z
211141000,9.147217,53.882820,2023-01-23T19:52:01Z
211141000,9.145752,53.882792,2023-01-23T19:52:34Z
211141000,9.144888,53.882842,2023-01-23T19:53:19Z
211141000,9.143573,53.882666,2023-01-23T19:53:54Z
211141000,9.143097,53.882613,2023-01-23T19:54:27Z
211141000,9.142307,53.882452,2023-01-23T19:54:59Z
211141000,9.141165,53.882265,2023-01-23T19:55:30Z
211141000,9.139853,53.882319,2023-01-23T19:56:01Z
211141000,9.138535,53.882590,2023-01-23T19:56:34Z
211141000,9.137473,53.882888,2023-01-23T19:57:19Z
211141000,9.136054,53.883448,2023-01-23T19:57:49Z
211141000,9.135584,53.883685,2023-01-23T19:58:20Z
211141000,9.134347,53.884356,2023-01-23T19:58:54Z
211141000,9.133882,53.884692,2023-01-23T19:59:24Z
211141000,9.133151,53.885267,2023-01-23T19:59:56Z
211141000,9.133010,53.885748,2023-01-23T20:00:27Z
211141000,9.132859,53.886461,2023-01-23T20:00:59Z
211141000,9.133078,53.886940,2023-01-23T20:01:30Z
211141000,9.133540,53.887418,2023-01-23T20:02:02Z
211141000,9.134448,53.887755,2023-01-23T20:02:34Z
211141000,9.135333,53.888067,2023-01-23T20:03:22Z
211141000,9.136757,53.888607,2023-01-23T20:03:52Z
211141000,9.137269,53.888780,2023-01-23T20:04:23Z
211141000,9.138281,53.889286,2023-01-23T20:05:02Z
211141000,9.139181,53.889654,2023-01-23T20:05:34Z
211141000,9.139806,53.889986,2023-01-23T20:06:23Z
211141000,9.140804,53.890464,2023-01-23T20:07:02Z
211141000,9.141459,53.890874,2023-01-23T20:07:34Z
211141000,9.141946,53.891141,2023-01-23T20:08:22Z
211141000,9.142638,53.891464,2023-01-23T20:08:52Z
211141000,9.142971,53.891631,2023-01-23T20:09:25Z
211141000,9.143293,53.891958,2023-01-23T20:10:02Z
211141000,9.143793,53.892125,2023-01-23T20:10:33Z
211141000,9.144128,53.892344,2023-01-23T20:11:03Z
211141000,9.144471,53.892631,2023-01-23T20:11:43Z
211141000,9.144656,53.892663,2023-01-23T20:12:22Z
211141000,9.145138,53.892964,2023-01-23T20:13:02Z
211141000,9.145304,53.892964,2023-01-23T20:13:33Z
211141000,9.145489,53.893098,2023-01-23T20:14:03Z
211141000,9.145638,53.893131,2023-01-23T20:14:34Z
211141000,9.145773,53.893238,2023-01-23T20:15:22Z
211141000,9.145878,53.893303,2023-01-23T20:15:53Z
211141000,9.145893,53.893301,2023-01-23T20:16:26Z
211141000,9.145893,53.893317,2023-01-23T20:17:02Z
211141000,9.145959,53.893292,2023-01-23T20:17:43Z
211141000,9.145959,53.893292,2023-01-23T20:18:21Z
211141000,9.145896,53.893320,2023-01-23T20:18:53Z
211141000,9.145896,53.893320,2023-01-23T20:19:26Z
211141000,9.145894,53.893320,2023-01-23T20:20:02Z
211141000,9.145894,53.893322,2023-01-23T20:20:34Z
211141000,9.145959,53.893292,2023-01-23T20:21:22Z
211141000,9.145894,53.893323,2023-01-23T20:21:53Z
211141000,9.145894,53.893325,2023-01-23T20:22:24Z
211141000,9.145894,53.893325,2023-01-23T20:23:02Z
211141000,9.145893,53.893325,2023-01-23T20:23:33Z
211141000,9.145894,53.893325,2023-01-23T20:24:22Z
211141000,9.145894,53.893323,2023-01-23T20:25:02Z
211141000,9.145894,53.893325,2023-01-23T20:25:33Z
211141000,9.145959,53.893292,2023-01-23T20:26:20Z
211141000,9.145894,53.893325,2023-01-23T20:26:53Z
211141000,9.145894,53.893325,2023-01-23T20:27:24Z
211141000,9.145894,53.893327,2023-01-23T20:28:02Z
211141000,9.145959,53.893292,2023-01-23T20:28:33Z
211141000,9.145894,53.893327,2023-01-23T20:29:03Z
211141000,9.145893,53.893327,2023-01-23T20:29:53Z
211141000,9.145959,53.893292,2023-01-23T20:30:26Z
211141000,9.145893,53.893328,2023-01-23T20:31:02Z
211141000,9.145959,53.893292,2023-01-23T20:31:33Z
211141000,9.145959,53.893292,2023-01-23T20:32:03Z
211141000,9.145959,53.893292,2023-01-23T20:32:43Z
211141000,9.145959,53.893292,2023-01-23T20:33:20Z
211141000,9.145959,53.893292,2023-01-23T20:34:02Z
211141000,9.145959,53.893292,2023-01-23T20:34:32Z
211141000,9.145959,53.893292,2023-01-23T20:35:03Z
211141000,9.145959,53.893292,2023-01-23T20:35:33Z
211141000,9.145893,53.893328,2023-01-23T20:36:23Z
211141000,9.145893,53.893328,2023-01-23T20:36:54Z
211141000,9.145893,53.893328,2023-01-23T20:37:25Z
211141000,9.145891,53.893330,2023-01-23T20:38:02Z
211141000,9.145959,53.893292,2023-01-23T20:38:32Z
211141000,9.145891,53.893328,2023-01-23T20:39:04Z
211141000,9.145959,53.893292,2023-01-23T20:39:52Z
211141000,9.145959,53.893292,2023-01-23T20:40:24Z
211141000,9.145959,53.893292,2023-01-23T20:41:02Z
211141000,9.145959,53.893292,2023-01-23T20:41:33Z
211141000,9.145893,53.893328,2023-01-23T20:42:04Z
211141000,9.145959,53.893292,2023-01-23T20:42:43Z
211141000,9.145939,53.893338,2023-01-23T20:43:21Z
211141000,9.146126,53.893458,2023-01-23T20:43:52Z
211141000,9.146194,53.893462,2023-01-23T20:44:25Z
211141000,9.146626,53.893625,2023-01-23T20:45:02Z
211141000,9.147114,53.893952,2023-01-23T20:45:33Z
211141000,9.147781,53.894286,2023-01-23T20:46:03Z
211141000,9.148631,53.894693,2023-01-23T20:46:43Z
211141000,9.149126,53.894958,2023-01-23T20:47:18Z
211141000,9.150424,53.895602,2023-01-23T20:47:54Z
211141000,9.150816,53.895804,2023-01-23T20:48:24Z
211141000,9.151821,53.896417,2023-01-23T20:49:02Z
211141000,9.152781,53.896952,2023-01-23T20:49:33Z
211141000,9.153459,53.897292,2023-01-23T20:50:03Z
211141000,9.154376,53.897736,2023-01-23T20:50:43Z
211141000,9.154804,53.897964,2023-01-23T20:51:20Z
211141000,9.155884,53.898548,2023-01-23T20:51:54Z
211141000,9.156301,53.898778,2023-01-23T20:52:24Z
211141000,9.157133,53.899221,2023-01-23T20:53:02Z
211141000,9.158159,53.899763,2023-01-23T20:53:43Z
211141000,9.158564,53.899981,2023-01-23T20:54:21Z
211141000,9.159556,53.900521,2023-01-23T20:54:54Z
211141000,9.159939,53.900733,2023-01-23T20:55:26Z
211141000,9.160763,53.901164,2023-01-23T20:56:02Z
211141000,9.161791,53.901732,2023-01-23T20:56:33Z
211141000,9.162743,53.902226,2023-01-23T20:57:20Z
211141000,9.164484,53.903134,2023-01-23T20:57:53Z
211141000,9.165138,53.903464,2023-01-23T20:58:25Z
211141000,9.166793,53.904331,2023-01-23T20:59:01Z
211141000,9.168309,53.905156,2023-01-23T20:59:33Z
211141000,9.169483,53.905804,2023-01-23T21:00:21Z
211141000,9.171262,53.906732,2023-01-23T21:00:53Z
211141000,9.172315,53.907310,2023-01-23T21:01:27Z
211141000,9.173355,53.907897,2023-01-23T21:02:01Z
211141000,9.174712,53.908769,2023-01-23T21:02:33Z
211141000,9.175693,53.909330,2023-01-23T21:03:19Z
211141000,9.177360,53.910497,2023-01-23T21:03:52Z
211141000,9.177921,53.910847,2023-01-23T21:04:25Z
211141000,9.178983,53.911471,2023-01-23T21:05:01Z
305661000,9.188883,53.884552,2023-01-23T20:52:26Z
305661000,9.185944,53.884649,2023-01-23T20:52:57Z
305661000,9.183915,53.884696,2023-01-23T20:53:28Z
305661000,9.181669,53.884766,2023-01-23T20:54:19Z
305661000,9.177564,53.884821,2023-01-23T20:54:57Z
305661000,9.175657,53.884813,2023-01-23T20:55:30Z
305661000,9.173499,53.884823,2023-01-23T20:56:19Z
305661000,9.169542,53.884808,2023-01-23T20:56:58Z
305661000,9.167735,53.884841,2023-01-23T20:57:28Z
305661000,9.165717,53.884901,2023-01-23T20:58:18Z
305661000,9.162413,53.884979,2023-01-23T20:58:58Z
305661000,9.160238,53.885080,2023-01-23T20:59:37Z
305661000,9.159127,53.885138,2023-01-23T21:00:17Z
305661000,9.155598,53.885334,2023-01-23T21:00:58Z
305661000,9.153099,53.885438,2023-01-23T21:01:37Z
305661000,9.151808,53.885499,2023-01-23T21:02:18Z
305661000,9.147824,53.885551,2023-01-23T21:02:58Z
305661000,9.146079,53.885446,2023-01-23T21:03:28Z
305661000,9.144273,53.885561,2023-01-23T21:03:59Z
305661000,9.142924,53.885916,2023-01-23T21:04:31Z
305661000,9.142009,53.886400,2023-01-23T21:05:01Z
305661000,9.141591,53.886984,2023-01-23T21:05:34Z
305661000,9.141575,53.887342,2023-01-23T21:06:18Z
305661000,9.142222,53.888117,2023-01-23T21:06:56Z
305661000,9.142702,53.888366,2023-01-23T21:07:27Z
305661000,9.143157,53.888592,2023-01-23T21:08:17Z
305661000,9.144101,53.889024,2023-01-23T21:08:56Z
305661000,9.144547,53.889244,2023-01-23T21:09:28Z
305661000,9.144935,53.889458,2023-01-23T21:10:18Z
305661000,9.145707,53.889922,2023-01-23T21:10:56Z
305661000,9.146048,53.890156,2023-01-23T21:11:30Z
305661000,9.146349,53.890362,2023-01-23T21:12:19Z
305661000,9.146822,53.890777,2023-01-23T21:12:58Z
305661000,9.147038,53.890930,2023-01-23T21:13:29Z
305661000,9.147260,53.891094,2023-01-23T21:14:17Z
305661000,9.147655,53.891350,2023-01-23T21:14:58Z
305661000,9.147802,53.891484,2023-01-23T21:15:30Z
305661000,9.147947,53.891583,2023-01-23T21:16:18Z
305661000,9.148082,53.891712,2023-01-23T21:16:58Z
305661000,9.148100,53.891706,2023-01-23T21:17:30Z
305661000,9.148120,53.891705,2023-01-23T21:18:17Z
305661000,9.148102,53.891714,2023-01-23T21:18:58Z
305661000,9.148126,53.891703,2023-01-23T21:19:30Z
305661000,9.148122,53.891681,2023-01-23T21:20:19Z
305661000,9.148075,53.891706,2023-01-23T21:20:56Z
305661000,9.148083,53.891704,2023-01-23T21:21:29Z
305661000,9.148117,53.891688,2023-01-23T21:22:16Z
305661000,9.148131,53.891665,2023-01-23T21:22:47Z
305661000,9.148117,53.891687,2023-01-23T21:23:18Z
305661000,9.148147,53.891692,2023-01-23T21:23:56Z
305661000,9.148123,53.891710,2023-01-23T21:24:27Z
305661000,9.148108,53.891714,2023-01-23T21:25:18Z
305661000,9.148093,53.891720,2023-01-23T21:25:57Z
305661000,9.148087,53.891720,2023-01-23T21:26:29Z
305661000,9.148108,53.891712,2023-01-23T21:27:18Z
305661000,9.148137,53.891707,2023-01-23T21:27:57Z
305661000,9.148140,53.891695,2023-01-23T21:28:30Z
305661000,9.148132,53.891687,2023-01-23T21:29:18Z
305661000,9.148172,53.891729,2023-01-23T21:30:19Z
305661000,9.148172,53.891729,2023-01-23T21:30:57Z
305661000,9.148236,53.891766,2023-01-23T21:31:27Z
305661000,9.149065,53.892383,2023-01-23T21:32:18Z
305661000,9.150018,53.893118,2023-01-23T21:32:56Z
305661000,9.150650,53.893599,2023-01-23T21:33:29Z
305661000,9.151343,53.894159,2023-01-23T21:34:17Z
305661000,9.152993,53.895448,2023-01-23T21:34:56Z
305661000,9.153895,53.896186,2023-01-23T21:35:27Z
305661000,9.154883,53.896930,2023-01-23T21:36:18Z
305661000,9.157018,53.898502,2023-01-23T21:36:56Z
305661000,9.158177,53.899376,2023-01-23T21:37:29Z
305661000,9.159380,53.900317,2023-01-23T21:38:17Z
305661000,9.161394,53.901788,2023-01-23T21:38:47Z
305661000,9.161807,53.902070,2023-01-23T21:39:19Z
305661000,9.164481,53.903749,2023-01-23T21:39:58Z
305661000,9.165828,53.904565,2023-01-23T21:40:29Z
305661000,9.167256,53.905395,2023-01-23T21:41:18Z
305661000,9.170120,53.907063,2023-01-23T21:41:56Z
305661000,9.171583,53.907867,2023-01-23T21:42:29Z
305661000,9.173066,53.908658,2023-01-23T21:43:18Z
305661000,9.175801,53.910240,2023-01-23T21:43:56Z
305661000,9.177106,53.910980,2023-01-23T21:44:29Z
305661000,9.178363,53.911675,2023-01-23T21:45:19Z
210017000,9.178317,53.912491,2023-01-23T20:51:31Z
210017000,9.177459,53.912041,2023-01-23T20:52:02Z
210017000,9.176419,53.911487,2023-01-23T20:52:41Z
210017000,9.175857,53.911207,2023-01-23T20:53:19Z
210017000,9.174420,53.910525,2023-01-23T20:53:51Z
210017000,9.174087,53.910364,2023-01-23T20:54:21Z
210017000,9.172492,53.909518,2023-01-23T20:55:02Z
210017000,9.171792,53.909121,2023-01-23T20:55:32Z
210017000,9.171050,53.908725,2023-01-23T20:56:21Z
210017000,9.169849,53.908057,2023-01-23T20:57:01Z
210017000,9.168730,53.907502,2023-01-23T20:57:32Z
210017000,9.167939,53.907107,2023-01-23T20:58:20Z
210017000,9.166442,53.906420,2023-01-23T20:58:51Z
210017000,9.165831,53.906121,2023-01-23T20:59:22Z
210017000,9.164460,53.905370,2023-01-23T21:00:01Z
210017000,9.163682,53.904905,2023-01-23T21:00:32Z
210017000,9.162967,53.904467,2023-01-23T21:01:20Z
210017000,9.161637,53.903660,2023-01-23T21:01:51Z
210017000,9.161217,53.903359,2023-01-23T21:02:24Z
210017000,9.159989,53.902569,2023-01-23T21:03:01Z
210017000,9.159005,53.901949,2023-01-23T21:03:42Z
210017000,9.158565,53.901675,2023-01-23T21:04:21Z
210017000,9.157477,53.901005,2023-01-23T21:04:51Z
210017000,9.157056,53.900749,2023-01-23T21:05:23Z
210017000,9.156227,53.900266,2023-01-23T21:06:01Z
210017000,9.155327,53.899790,2023-01-23T21:06:35Z
210017000,9.154721,53.899503,2023-01-23T21:07:19Z
210017000,9.153699,53.898959,2023-01-23T21:07:50Z
210017000,9.153276,53.898733,2023-01-23T21:08:22Z
210017000,9.152580,53.898353,2023-01-23T21:09:01Z
210017000,9.151667,53.897897,2023-01-23T21:09:41Z
210017000,9.151300,53.897723,2023-01-23T21:10:20Z
210017000,9.150481,53.897344,2023-01-23T21:11:01Z
210017000,9.149706,53.896968,2023-01-23T21:11:41Z
210017000,9.149342,53.896727,2023-01-23T21:12:25Z
210017000,9.148806,53.896381,2023-01-23T21:13:01Z
210017000,9.148502,53.896176,2023-01-23T21:13:31Z
210017000,9.148187,53.895993,2023-01-23T21:14:01Z
210017000,9.147747,53.895765,2023-01-23T21:14:41Z
210017000,9.147457,53.895635,2023-01-23T21:15:24Z
210017000,9.147107,53.895460,2023-01-23T21:16:01Z
210017000,9.146669,53.895238,2023-01-23T21:16:41Z
210017000,9.146485,53.895141,2023-01-23T21:17:21Z
210017000,9.146065,53.894935,2023-01-23T21:17:51Z
210017000,9.145902,53.894868,2023-01-23T21:18:23Z
210017000,9.145569,53.894694,2023-01-23T21:19:01Z
210017000,9.145169,53.894498,2023-01-23T21:19:41Z
210017000,9.145004,53.894423,2023-01-23T21:20:21Z
210017000,9.144785,53.894301,2023-01-23T21:20:51Z
210017000,9.144725,53.894256,2023-01-23T21:21:26Z
210017000,9.144596,53.894189,2023-01-23T21:22:00Z
210017000,9.144539,53.894154,2023-01-23T21:22:31Z
210017000,9.144472,53.894124,2023-01-23T21:23:01Z
210017000,9.144409,53.894086,2023-01-23T21:23:41Z
210017000,9.144396,53.894074,2023-01-23T21:24:22Z
210017000,9.144407,53.894071,2023-01-23T21:25:00Z
210017000,9.144407,53.894074,2023-01-23T21:25:31Z
210017000,9.144404,53.894073,2023-01-23T21:26:01Z
210017000,9.144396,53.894089,2023-01-23T21:26:41Z
210017000,9.144389,53.894089,2023-01-23T21:27:24Z
210017000,9.144362,53.894116,2023-01-23T21:28:01Z
210017000,9.144366,53.894114,2023-01-23T21:28:31Z
210017000,9.144366,53.894108,2023-01-23T21:29:20Z
210017000,9.144366,53.894106,2023-01-23T21:29:50Z
210017000,9.144364,53.894113,2023-01-23T21:30:25Z
210017000,9.144367,53.894113,2023-01-23T21:31:01Z
210017000,9.144372,53.894108,2023-01-23T21:31:41Z
210017000,9.144377,53.894101,2023-01-23T21:32:20Z
210017000,9.144379,53.894096,2023-01-23T21:32:51Z
210017000,9.144379,53.894096,2023-01-23T21:33:21Z
210017000,9.144376,53.894106,2023-01-23T21:34:01Z
210017000,9.144394,53.894073,2023-01-23T21:34:41Z
210017000,9.144377,53.894106,2023-01-23T21:35:19Z
210017000,9.144374,53.894113,2023-01-23T21:35:51Z
210017000,9.144376,53.894109,2023-01-23T21:36:24Z
210017000,9.144372,53.894116,2023-01-23T21:37:01Z
210017000,9.144381,53.894106,2023-01-23T21:37:31Z
210017000,9.144369,53.894126,2023-01-23T21:38:22Z
210017000,9.144386,53.894094,2023-01-23T21:39:01Z
210017000,9.144382,53.894101,2023-01-23T21:39:31Z
210017000,9.144357,53.894148,2023-01-23T21:40:23Z
210017000,9.144371,53.894123,2023-01-23T21:41:01Z
210017000,9.144381,53.894109,2023-01-23T21:41:31Z
210017000,9.144381,53.894109,2023-01-23T21:42:02Z
210017000,9.144379,53.894109,2023-01-23T21:42:41Z
210017000,9.144405,53.894093,2023-01-23T21:43:23Z
210017000,9.144374,53.894118,2023-01-23T21:44:01Z
210017000,9.144385,53.894125,2023-01-23T21:44:42Z
210017000,9.144371,53.894124,2023-01-23T21:45:24Z
210017000,9.144390,53.894115,2023-01-23T21:46:01Z
210017000,9.144394,53.894108,2023-01-23T21:46:32Z
210017000,9.144379,53.894104,2023-01-23T21:47:02Z
210017000,9.144381,53.894101,2023-01-23T21:47:52Z
210017000,9.144387,53.894096,2023-01-23T21:48:24Z
210017000,9.144395,53.894108,2023-01-23T21:49:01Z
210017000,9.144397,53.894106,2023-01-23T21:49:31Z
210017000,9.144386,53.894096,2023-01-23T21:50:02Z
210017000,9.144387,53.894094,2023-01-23T21:50:41Z
210017000,9.144399,53.894101,2023-01-23T21:51:24Z
210017000,9.144382,53.894101,2023-01-23T21:52:02Z
210017000,9.144387,53.894088,2023-01-23T21:52:41Z
210017000,9.144400,53.894095,2023-01-23T21:53:25Z
210017000,9.144397,53.894098,2023-01-23T21:54:00Z
210017000,9.144399,53.894098,2023-01-23T21:54:32Z
210017000,9.144400,53.894090,2023-01-23T21:55:24Z
210017000,9.144404,53.894085,2023-01-23T21:56:00Z
210017000,9.144386,53.894086,2023-01-23T21:56:40Z
210017000,9.144397,53.894095,2023-01-23T21:57:34Z
210017000,9.144402,53.894086,2023-01-23T21:58:25Z
210017000,9.144392,53.894108,2023-01-23T21:59:01Z
210017000,9.144387,53.894115,2023-01-23T21:59:31Z
210017000,9.144394,53.894103,2023-01-23T22:00:02Z
210017000,9.144389,53.894071,2023-01-23T22:00:40Z
210017000,9.144377,53.894093,2023-01-23T22:01:24Z
210017000,9.144367,53.894113,2023-01-23T22:02:01Z
210017000,9.144372,53.894104,2023-01-23T22:02:31Z
210017000,9.144367,53.894114,2023-01-23T22:03:02Z
210017000,9.144379,53.894093,2023-01-23T22:03:32Z
210017000,9.144382,53.894086,2023-01-23T22:04:22Z
210017000,9.144379,53.894096,2023-01-23T22:05:01Z
210017000,9.144386,53.894079,2023-01-23T22:05:32Z
210017000,9.144372,53.894104,2023-01-23T22:06:02Z
210017000,9.144379,53.894094,2023-01-23T22:06:52Z
210017000,9.144376,53.894099,2023-01-23T22:07:24Z
210017000,9.144386,53.894083,2023-01-23T22:08:01Z
210017000,9.144391,53.894071,2023-01-23T22:08:42Z
210017000,9.144397,53.894063,2023-01-23T22:09:19Z
210017000,9.144397,53.894061,2023-01-23T22:09:51Z
210017000,9.144397,53.894064,2023-01-23T22:10:22Z
210017000,9.144401,53.894058,2023-01-23T22:11:00Z
210017000,9.144402,53.894056,2023-01-23T22:11:31Z
210017000,9.144404,53.894054,2023-01-23T22:12:01Z
210017000,9.144409,53.894046,2023-01-23T22:12:51Z
210017000,9.144404,53.894056,2023-01-23T22:13:22Z
210017000,9.144387,53.894093,2023-01-23T22:14:00Z
210017000,9.144396,53.894078,2023-01-23T22:14:33Z
210017000,9.144406,53.894054,2023-01-23T22:15:22Z
210017000,9.144404,53.894059,2023-01-23T22:16:01Z
210017000,9.144397,53.894073,2023-01-23T22:16:31Z
210017000,9.144382,53.894104,2023-01-23T22:17:19Z
210017000,9.144374,53.894124,2023-01-23T22:17:52Z
210017000,9.144381,53.894109,2023-01-23T22:18:22Z
210017000,9.144376,53.894126,2023-01-23T22:19:01Z
210017000,9.144372,53.894141,2023-01-23T22:19:31Z
210017000,9.144399,53.894068,2023-01-23T22:20:19Z
210017000,9.144401,53.894061,2023-01-23T22:20:52Z
210017000,9.144396,53.894068,2023-01-23T22:21:23Z
210017000,9.144399,53.894064,2023-01-23T22:22:01Z
210017000,9.144401,53.894059,2023-01-23T22:22:42Z
210017000,9.144401,53.894061,2023-01-23T22:23:22Z
210017000,9.144402,53.894049,2023-01-23T22:24:01Z
210017000,9.144402,53.894051,2023-01-23T22:24:42Z
210017000,9.144402,53.894053,2023-01-23T22:25:20Z
210017000,9.144402,53.894063,2023-01-23T22:25:51Z
210017000,9.144409,53.894048,2023-01-23T22:26:24Z
210017000,9.144401,53.894076,2023-01-23T22:27:01Z
210017000,9.144399,53.894079,2023-01-23T22:27:32Z
210017000,9.144397,53.894089,2023-01-23T22:28:19Z
210017000,9.144401,53.894084,2023-01-23T22:28:51Z
210017000,9.144396,53.894091,2023-01-23T22:29:22Z
210017000,9.144407,53.894066,2023-01-23T22:30:01Z
210017000,9.144407,53.894068,2023-01-23T22:30:42Z
210017000,9.144409,53.894064,2023-01-23T22:31:23Z
210017000,9.144401,53.894073,2023-01-23T22:32:01Z
210017000,9.144404,53.894069,2023-01-23T22:32:42Z
210017000,9.144406,53.894071,2023-01-23T22:33:24Z
210017000,9.144407,53.894069,2023-01-23T22:34:01Z
210017000,9.144402,53.894066,2023-01-23T22:34:33Z
210017000,9.144401,53.894081,2023-01-23T22:35:20Z
210017000,9.144402,53.894079,2023-01-23T22:36:01Z
210017000,9.144399,53.894079,2023-01-23T22:36:32Z
210017000,9.144402,53.894073,2023-01-23T22:37:20Z
210017000,9.144412,53.894054,2023-01-23T22:37:51Z
210017000,9.144406,53.894059,2023-01-23T22:38:25Z
210017000,9.144396,53.894068,2023-01-23T22:39:00Z
210017000,9.144389,53.894066,2023-01-23T22:39:32Z
210017000,9.144387,53.894063,2023-01-23T22:40:23Z
210017000,9.144362,53.894051,2023-01-23T22:41:00Z
210017000,9.144308,53.894029,2023-01-23T22:41:30Z
210017000,9.144253,53.893993,2023-01-23T22:42:01Z
210017000,9.144113,53.893889,2023-01-23T22:42:42Z
210017000,9.144019,53.893832,2023-01-23T22:43:21Z
210017000,9.143749,53.893669,2023-01-23T22:43:52Z
210017000,9.143606,53.893598,2023-01-23T22:44:23Z
210017000,9.143263,53.893409,2023-01-23T22:45:02Z
210017000,9.142972,53.893200,2023-01-23T22:45:32Z
210017000,9.142687,53.893042,2023-01-23T22:46:19Z
210017000,9.142069,53.892745,2023-01-23T22:46:52Z
210017000,9.141806,53.892623,2023-01-23T22:47:23Z
210017000,9.140901,53.892198,2023-01-23T22:48:01Z
210017000,9.140180,53.891892,2023-01-23T22:48:31Z
210017000,9.138927,53.891302,2023-01-23T22:49:24Z
210017000,9.137117,53.890385,2023-01-23T22:50:01Z
210017000,9.135971,53.889800,2023-01-23T22:50:32Z
210017000,9.134303,53.888976,2023-01-23T22:51:24Z
210017000,9.132571,53.888009,2023-01-23T22:51:54Z
210017000,9.131362,53.887447,2023-01-23T22:52:26Z
210017000,9.129351,53.886675,2023-01-23T22:52:57Z
210017000,9.127890,53.886144,2023-01-23T22:53:28Z
210017000,9.125201,53.885323,2023-01-23T22:54:01Z
210017000,9.123107,53.884648,2023-01-23T22:54:32Z
210017000,9.120919,53.883939,2023-01-23T22:55:19Z
210017000,9.117128,53.882735,2023-01-23T22:55:51Z
210017000,9.115806,53.882313,2023-01-23T22:56:23Z
210017000,9.111704,53.881314,2023-01-23T22:56:55Z
210017000,9.109531,53.880924,2023-01-23T22:57:25Z
245281000,9.103684,53.883840,2023-01-23T21:27:28Z
245281000,9.105577,53.884041,2023-01-23T21:28:01Z
245281000,9.107516,53.884279,2023-01-23T21:28:42Z
245281000,9.108411,53.884406,2023-01-23T21:29:15Z
245281000,9.110923,53.884659,2023-01-23T21:29:51Z
245281000,9.111843,53.884784,2023-01-23T21:30:25Z
245281000,9.114239,53.885078,2023-01-23T21:31:01Z
245281000,9.115697,53.885258,2023-01-23T21:31:31Z
245281000,9.117229,53.885415,2023-01-23T21:32:15Z
245281000,9.119750,53.885676,2023-01-23T21:32:51Z
245281000,9.120692,53.885765,2023-01-23T21:33:24Z
245281000,9.123237,53.886035,2023-01-23T21:34:01Z
245281000,9.125108,53.886269,2023-01-23T21:34:40Z
245281000,9.125645,53.886338,2023-01-23T21:35:13Z
245281000,9.128566,53.886832,2023-01-23T21:35:51Z
245281000,9.129451,53.887032,2023-01-23T21:36:24Z
245281000,9.131589,53.887514,2023-01-23T21:37:02Z
245281000,9.133264,53.888040,2023-01-23T21:37:42Z
245281000,9.133584,53.888167,2023-01-23T21:38:13Z
245281000,9.135696,53.888949,2023-01-23T21:38:51Z
245281000,9.136295,53.889214,2023-01-23T21:39:24Z
245281000,9.137642,53.889846,2023-01-23T21:40:02Z
245281000,9.138515,53.890345,2023-01-23T21:40:42Z
245281000,9.138693,53.890425,2023-01-23T21:41:15Z
245281000,9.139722,53.890960,2023-01-23T21:41:51Z
245281000,9.140088,53.891156,2023-01-23T21:42:23Z
245281000,9.140849,53.891547,2023-01-23T21:43:01Z
245281000,9.141386,53.891860,2023-01-23T21:43:42Z
245281000,9.141651,53.891977,2023-01-23T21:44:16Z
245281000,9.142239,53.892332,2023-01-23T21:44:51Z
245281000,9.142487,53.892400,2023-01-23T21:45:25Z
245281000,9.143041,53.892758,2023-01-23T21:46:01Z
245281000,9.143330,53.892926,2023-01-23T21:46:32Z
245281000,9.143608,53.893118,2023-01-23T21:47:02Z
245281000,9.143867,53.893284,2023-01-23T21:47:32Z
245281000,9.144087,53.893373,2023-01-23T21:48:16Z
245281000,9.144510,53.893685,2023-01-23T21:48:51Z
245281000,9.144582,53.893770,2023-01-23T21:49:24Z
245281000,9.144972,53.893865,2023-01-23T21:50:02Z
245281000,9.145128,53.893966,2023-01-23T21:50:32Z
245281000,9.145232,53.894027,2023-01-23T21:51:14Z
245281000,9.145405,53.894190,2023-01-23T21:51:51Z
245281000,9.145425,53.894210,2023-01-23T21:52:22Z
245281000,9.145444,53.894247,2023-01-23T21:53:02Z
245281000,9.145448,53.894210,2023-01-23T21:53:32Z
245281000,9.145430,53.894210,2023-01-23T21:54:15Z
245281000,9.145460,53.894208,2023-01-23T21:54:51Z
245281000,9.145450,53.894221,2023-01-23T21:55:24Z
245281000,9.145427,53.894205,2023-01-23T21:56:01Z
245281000,9.145417,53.894211,2023-01-23T21:56:34Z
245281000,9.145477,53.894228,2023-01-23T21:57:15Z
245281000,9.145468,53.894243,2023-01-23T21:57:51Z
245281000,9.145487,53.894241,2023-01-23T21:58:25Z
245281000,9.145475,53.894226,2023-01-23T21:59:01Z
245281000,9.145465,53.894246,2023-01-23T21:59:40Z
245281000,9.145461,53.894236,2023-01-23T22:00:15Z
245281000,9.145447,53.894229,2023-01-23T22:00:50Z
245281000,9.145444,53.894219,2023-01-23T22:01:22Z
245281000,9.145460,53.894221,2023-01-23T22:02:02Z
245281000,9.145435,53.894220,2023-01-23T22:02:41Z
245281000,9.145433,53.894215,2023-01-23T22:03:15Z
245281000,9.145469,53.894221,2023-01-23T22:03:50Z
245281000,9.145462,53.894217,2023-01-23T22:04:23Z
245281000,9.145464,53.894201,2023-01-23T22:05:01Z
245281000,9.145477,53.894202,2023-01-23T22:05:31Z
245281000,9.145474,53.894211,2023-01-23T22:06:16Z
245281000,9.145454,53.894197,2023-01-23T22:06:50Z
245281000,9.145441,53.894177,2023-01-23T22:07:23Z
245281000,9.145447,53.894158,2023-01-23T22:08:01Z
245281000,9.145452,53.894139,2023-01-23T22:08:32Z
245281000,9.145445,53.894190,2023-01-23T22:09:13Z
245281000,9.145359,53.894177,2023-01-23T22:09:50Z
245281000,9.145372,53.894217,2023-01-23T22:10:24Z
245281000,9.145404,53.894277,2023-01-23T22:11:01Z
245281000,9.145407,53.894239,2023-01-23T22:11:32Z
245281000,9.145396,53.894246,2023-01-23T22:12:14Z
245281000,9.145382,53.894237,2023-01-23T22:12:51Z
245281000,9.145392,53.894232,2023-01-23T22:13:23Z
245281000,9.145432,53.894211,2023-01-23T22:14:02Z
245281000,9.145439,53.894211,2023-01-23T22:14:33Z
245281000,9.145437,53.894219,2023-01-23T22:15:14Z
245281000,9.145412,53.894294,2023-01-23T22:15:51Z
245281000,9.145407,53.894274,2023-01-23T22:16:24Z
245281000,9.145354,53.894254,2023-01-23T22:17:02Z
245281000,9.145341,53.894209,2023-01-23T22:17:41Z
245281000,9.145366,53.894204,2023-01-23T22:18:14Z
245281000,9.145424,53.894229,2023-01-23T22:18:52Z
245281000,9.145413,53.894223,2023-01-23T22:19:25Z
245281000,9.145429,53.894236,2023-01-23T22:20:02Z
245281000,9.145432,53.894243,2023-01-23T22:20:42Z
245281000,9.145432,53.894238,2023-01-23T22:21:15Z
245281000,9.145436,53.894227,2023-01-23T22:21:52Z
245281000,9.145457,53.894240,2023-01-23T22:22:23Z
245281000,9.145407,53.894243,2023-01-23T22:23:02Z
245281000,9.145398,53.894238,2023-01-23T22:23:42Z
245281000,9.145400,53.894236,2023-01-23T22:24:15Z
245281000,9.145408,53.894235,2023-01-23T22:24:50Z
245281000,9.145407,53.894233,2023-01-23T22:25:24Z
245281000,9.145475,53.894280,2023-01-23T22:26:01Z
245281000,9.145751,53.894351,2023-01-23T22:26:42Z
245281000,9.145939,53.894424,2023-01-23T22:27:15Z
245281000,9.146757,53.894843,2023-01-23T22:27:50Z
245281000,9.147196,53.895114,2023-01-23T22:28:22Z
245281000,9.148478,53.895763,2023-01-23T22:29:01Z
245281000,9.149506,53.896231,2023-01-23T22:29:32Z
245281000,9.150578,53.896731,2023-01-23T22:30:02Z
245281000,9.152011,53.897367,2023-01-23T22:30:41Z
245281000,9.152441,53.897571,2023-01-23T22:31:15Z
245281000,9.154883,53.898741,2023-01-23T22:31:52Z
245281000,9.156203,53.899381,2023-01-23T22:32:24Z
245281000,9.157950,53.900228,2023-01-23T22:33:02Z
245281000,9.159739,53.901100,2023-01-23T22:33:42Z
245281000,9.160090,53.901281,2023-01-23T22:34:16Z
245281000,9.162698,53.902664,2023-01-23T22:34:50Z
245281000,9.163736,53.903144,2023-01-23T22:35:23Z
245281000,9.165912,53.904254,2023-01-23T22:36:02Z
245281000,9.167516,53.905111,2023-01-23T22:36:42Z
245281000,9.167816,53.905272,2023-01-23T22:37:15Z
245281000,9.169964,53.906399,2023-01-23T22:37:50Z
245281000,9.170566,53.906769,2023-01-23T22:38:25Z
245281000,9.171898,53.907467,2023-01-23T22:39:01Z
245281000,9.172626,53.907829,2023-01-23T22:39:31Z
245281000,9.173372,53.908213,2023-01-23T22:40:15Z
245281000,9.174497,53.908755,2023-01-23T22:40:51Z
245281000,9.174995,53.909010,2023-01-23T22:41:23Z
245281000,9.176226,53.909688,2023-01-23T22:42:01Z
245281000,9.177103,53.910144,2023-01-23T22:42:31Z
245281000,9.177902,53.910605,2023-01-23T22:43:16Z
245281000,9.179434,53.911443,2023-01-23T22:43:51Z
564066000,9.178507,53.912380,2023-01-23T18:52:26Z
564066000,9.177877,53.911993,2023-01-23T18:52:59Z
564066000,9.177519,53.911755,2023-01-23T18:53:31Z
564066000,9.177232,53.911559,2023-01-23T18:54:19Z
564066000,9.176511,53.911211,2023-01-23T18:54:58Z
564066000,9.176185,53.911061,2023-01-23T18:55:30Z
564066000,9.175748,53.910917,2023-01-23T18:56:19Z
564066000,9.174938,53.910621,2023-01-23T18:56:58Z
564066000,9.174687,53.910479,2023-01-23T18:57:30Z
564066000,9.174449,53.910353,2023-01-23T18:58:20Z
564066000,9.173835,53.910114,2023-01-23T18:58:58Z
564066000,9.173668,53.910019,2023-01-23T18:59:30Z
564066000,9.173615,53.909951,2023-01-23T19:00:18Z
564066000,9.173338,53.909811,2023-01-23T19:00:58Z
564066000,9.173270,53.909760,2023-01-23T19:01:29Z
564066000,9.173337,53.909765,2023-01-23T19:02:19Z
564066000,9.173336,53.909793,2023-01-23T19:02:58Z
564066000,9.173243,53.909797,2023-01-23T19:03:29Z
564066000,9.173134,53.909786,2023-01-23T19:04:20Z
564066000,9.173174,53.909791,2023-01-23T19:04:57Z
564066000,9.173106,53.909781,2023-01-23T19:05:30Z
564066000,9.172982,53.909761,2023-01-23T19:06:18Z
564066000,9.172948,53.909755,2023-01-23T19:06:57Z
564066000,9.172917,53.909776,2023-01-23T19:07:28Z
564066000,9.172875,53.909792,2023-01-23T19:08:19Z
564066000,9.172810,53.909813,2023-01-23T19:08:57Z
564066000,9.172797,53.909821,2023-01-23T19:09:27Z
564066000,9.172744,53.909835,2023-01-23T19:10:20Z
564066000,9.172729,53.909848,2023-01-23T19:10:57Z
564066000,9.172739,53.909843,2023-01-23T19:11:31Z
564066000,9.172731,53.909839,2023-01-23T19:12:21Z
564066000,9.172736,53.909841,2023-01-23T19:12:57Z
564066000,9.172729,53.909839,2023-01-23T19:13:31Z
564066000,9.172732,53.909843,2023-01-23T19:14:20Z
564066000,9.172732,53.909838,2023-01-23T19:14:58Z
564066000,9.172741,53.909843,2023-01-23T19:15:29Z
564066000,9.172736,53.909843,2023-01-23T19:16:19Z
564066000,9.172734,53.909846,2023-01-23T19:16:58Z
564066000,9.172734,53.909846,2023-01-23T19:17:31Z
564066000,9.172729,53.909843,2023-01-23T19:18:19Z
564066000,9.172717,53.909844,2023-01-23T19:18:58Z
564066000,9.172714,53.909844,2023-01-23T19:19:31Z
564066000,9.172716,53.909848,2023-01-23T19:20:20Z
564066000,9.172722,53.909844,2023-01-23T19:20:58Z
564066000,9.172717,53.909843,2023-01-23T19:21:31Z
564066000,9.172716,53.909846,2023-01-23T19:22:20Z
564066000,9.172722,53.909839,2023-01-23T19:22:58Z
564066000,9.172717,53.909868,2023-01-23T19:23:29Z
564066000,9.172714,53.909878,2023-01-23T19:24:20Z
564066000,9.172709,53.909846,2023-01-23T19:24:59Z
564066000,9.172704,53.909838,2023-01-23T19:25:31Z
564066000,9.172704,53.909844,2023-01-23T19:26:21Z
564066000,9.172701,53.909846,2023-01-23T19:26:59Z
564066000,9.172701,53.909853,2023-01-23T19:27:32Z
564066000,9.172701,53.909853,2023-01-23T19:28:18Z
564066000,9.172721,53.909856,2023-01-23T19:28:59Z
564066000,9.172749,53.909859,2023-01-23T19:29:29Z
564066000,9.172752,53.909859,2023-01-23T19:30:20Z
564066000,9.172751,53.909856,2023-01-23T19:30:59Z
564066000,9.172747,53.909849,2023-01-23T19:31:38Z
564066000,9.172747,53.909844,2023-01-23T19:32:20Z
564066000,9.172749,53.909843,2023-01-23T19:32:58Z
564066000,9.172746,53.909831,2023-01-23T19:33:31Z
564066000,9.172744,53.909838,2023-01-23T19:34:19Z
564066000,9.172736,53.909839,2023-01-23T19:34:58Z
564066000,9.172736,53.909843,2023-01-23T19:35:30Z
564066000,9.172726,53.909839,2023-01-23T19:36:18Z
564066000,9.172719,53.909841,2023-01-23T19:36:49Z
564066000,9.172717,53.909839,2023-01-23T19:37:20Z
564066000,9.172701,53.909839,2023-01-23T19:37:58Z
564066000,9.172696,53.909839,2023-01-23T19:38:32Z
564066000,9.172689,53.909839,2023-01-23T19:39:19Z
564066000,9.172699,53.909834,2023-01-23T19:39:58Z
564066000,9.172697,53.909833,2023-01-23T19:40:32Z
564066000,9.172702,53.909834,2023-01-23T19:41:20Z
564066000,9.172717,53.909843,2023-01-23T19:41:58Z
564066000,9.172721,53.909849,2023-01-23T19:42:30Z
564066000,9.172726,53.909853,2023-01-23T19:43:19Z
564066000,9.172772,53.909886,2023-01-23T19:43:58Z
564066000,9.172772,53.909883,2023-01-23T19:44:30Z
564066000,9.172757,53.909873,2023-01-23T19:45:21Z
564066000,9.172729,53.909861,2023-01-23T19:45:58Z
564066000,9.172716,53.909856,2023-01-23T19:46:29Z
564066000,9.172721,53.909856,2023-01-23T19:47:19Z
564066000,9.172721,53.909856,2023-01-23T19:47:59Z
564066000,9.172722,53.909863,2023-01-23T19:48:30Z
564066000,9.172722,53.909868,2023-01-23T19:49:18Z
564066000,9.172716,53.909856,2023-01-23T19:49:48Z
564066000,9.172714,53.909853,2023-01-23T19:50:21Z
564066000,9.172736,53.909866,2023-01-23T19:50:59Z
564066000,9.172742,53.909868,2023-01-23T19:51:31Z
564066000,9.172736,53.909869,2023-01-23T19:52:18Z
564066000,9.172726,53.909874,2023-01-23T19:52:59Z
564066000,9.172729,53.909879,2023-01-23T19:53:37Z
564066000,9.172734,53.909879,2023-01-23T19:54:19Z
564066000,9.172737,53.909868,2023-01-23T19:54:59Z
564066000,9.172737,53.909864,2023-01-23T19:55:37Z
564066000,9.172739,53.909866,2023-01-23T19:56:19Z
564066000,9.172732,53.909861,2023-01-23T19:56:58Z
564066000,9.172724,53.909848,2023-01-23T19:57:37Z
564066000,9.172722,53.909841,2023-01-23T19:58:18Z
564066000,9.172727,53.909866,2023-01-23T19:58:58Z
564066000,9.172722,53.909869,2023-01-23T19:59:29Z
564066000,9.172716,53.909871,2023-01-23T20:00:19Z
564066000,9.172716,53.909868,2023-01-23T20:00:58Z
564066000,9.172711,53.909866,2023-01-23T20:01:29Z
564066000,9.172707,53.909866,2023-01-23T20:02:21Z
564066000,9.172714,53.909874,2023-01-23T20:02:58Z
564066000,9.172717,53.909874,2023-01-23T20:03:31Z
564066000,9.172714,53.909866,2023-01-23T20:04:18Z
564066000,9.172711,53.909853,2023-01-23T20:04:57Z
564066000,9.172707,53.909849,2023-01-23T20:05:30Z
564066000,9.172704,53.909849,2023-01-23T20:06:21Z
564066000,9.172717,53.909839,2023-01-23T20:06:58Z
564066000,9.172714,53.909838,2023-01-23T20:07:29Z
564066000,9.172714,53.909841,2023-01-23T20:08:20Z
564066000,9.172712,53.909851,2023-01-23T20:08:59Z
564066000,9.172714,53.909853,2023-01-23T20:09:30Z
564066000,9.172714,53.909849,2023-01-23T20:10:20Z
564066000,9.172721,53.909848,2023-01-23T20:10:59Z
564066000,9.172711,53.909846,2023-01-23T20:11:30Z
564066000,9.172716,53.909861,2023-01-23T20:12:20Z
564066000,9.172701,53.909849,2023-01-23T20:12:59Z
564066000,9.172707,53.909859,2023-01-23T20:13:29Z
564066000,9.172707,53.909859,2023-01-23T20:14:21Z
564066000,9.172707,53.909859,2023-01-23T20:14:59Z
564066000,9.172724,53.909866,2023-01-23T20:15:32Z
564066000,9.172737,53.909869,2023-01-23T20:16:20Z
564066000,9.172741,53.909878,2023-01-23T20:16:57Z
564066000,9.172754,53.909884,2023-01-23T20:17:30Z
564066000,9.172744,53.909868,2023-01-23T20:18:19Z
564066000,9.172747,53.909863,2023-01-23T20:18:57Z
564066000,9.172754,53.909856,2023-01-23T20:19:27Z
564066000,9.172751,53.909858,2023-01-23T20:20:20Z
564066000,9.172757,53.909866,2023-01-23T20:20:57Z
564066000,9.172751,53.909866,2023-01-23T20:21:28Z
564066000,9.172747,53.909871,2023-01-23T20:22:19Z
564066000,9.172736,53.909873,2023-01-23T20:22:57Z
564066000,9.172729,53.909868,2023-01-23T20:23:29Z
564066000,9.172726,53.909868,2023-01-23T20:24:20Z
564066000,9.172747,53.909866,2023-01-23T20:24:57Z
564066000,9.172752,53.909866,2023-01-23T20:25:28Z
564066000,9.172746,53.909866,2023-01-23T20:26:19Z
564066000,9.172727,53.909859,2023-01-23T20:26:57Z
564066000,9.172722,53.909864,2023-01-23T20:27:30Z
564066000,9.172736,53.909871,2023-01-23T20:28:19Z
564066000,9.172734,53.909884,2023-01-23T20:28:57Z
564066000,9.172729,53.909888,2023-01-23T20:29:29Z
564066000,9.172736,53.909888,2023-01-23T20:30:21Z
564066000,9.172729,53.909874,2023-01-23T20:30:57Z
564066000,9.172726,53.909874,2023-01-23T20:31:29Z
564066000,9.172729,53.909878,2023-01-23T20:32:20Z
564066000,9.172732,53.909874,2023-01-23T20:32:57Z
564066000,9.172734,53.909871,2023-01-23T20:33:29Z
564066000,9.172742,53.909869,2023-01-23T20:34:18Z
564066000,9.172742,53.909868,2023-01-23T20:34:57Z
564066000,9.172731,53.909873,2023-01-23T20:35:31Z
564066000,9.172724,53.909879,2023-01-23T20:36:21Z
564066000,9.172726,53.909874,2023-01-23T20:36:59Z
564066000,9.172722,53.909873,2023-01-23T20:37:30Z
564066000,9.172714,53.909869,2023-01-23T20:38:19Z
564066000,9.172712,53.909873,2023-01-23T20:38:59Z
564066000,9.172711,53.909868,2023-01-23T20:39:39Z
564066000,9.172711,53.909868,2023-01-23T20:40:20Z
564066000,9.172707,53.909864,2023-01-23T20:40:59Z
564066000,9.172696,53.909859,2023-01-23T20:41:29Z
564066000,9.172697,53.909859,2023-01-23T20:42:19Z
564066000,9.172712,53.909859,2023-01-23T20:42:59Z
564066000,9.172717,53.909866,2023-01-23T20:43:30Z
564066000,9.172721,53.909871,2023-01-23T20:44:20Z
564066000,9.172717,53.909861,2023-01-23T20:44:58Z
564066000,9.172726,53.909861,2023-01-23T20:45:30Z
564066000,9.172722,53.909859,2023-01-23T20:46:20Z
564066000,9.172676,53.909848,2023-01-23T20:46:58Z
564066000,9.172657,53.909838,2023-01-23T20:47:28Z
564066000,9.172639,53.909828,2023-01-23T20:48:19Z
564066000,9.172622,53.909806,2023-01-23T20:48:57Z
564066000,9.172619,53.909798,2023-01-23T20:49:31Z
564066000,9.172624,53.909798,2023-01-23T20:50:19Z
564066000,9.172631,53.909796,2023-01-23T20:50:57Z
564066000,9.172621,53.909794,2023-01-23T20:51:29Z
564066000,9.172602,53.909793,2023-01-23T20:52:19Z
564066000,9.172559,53.909756,2023-01-23T20:52:57Z
564066000,9.172531,53.909738,2023-01-23T20:53:29Z
564066000,9.172519,53.909733,2023-01-23T20:54:20Z
564066000,9.172666,53.909784,2023-01-23T20:54:57Z
564066000,9.172769,53.909826,2023-01-23T20:55:27Z
564066000,9.172736,53.909862,2023-01-23T20:56:20Z
564066000,9.172776,53.909865,2023-01-23T20:56:57Z
564066000,9.172801,53.909835,2023-01-23T20:57:29Z
564066000,9.172831,53.909782,2023-01-23T20:58:19Z
564066000,9.172761,53.909697,2023-01-23T20:58:57Z
564066000,9.172691,53.909657,2023-01-23T20:59:28Z
564066000,9.172610,53.909619,2023-01-23T21:00:19Z
564066000,9.172455,53.909517,2023-01-23T21:00:57Z
564066000,9.172327,53.909454,2023-01-23T21:01:28Z
564066000,9.172184,53.909370,2023-01-23T21:02:19Z
564066000,9.171904,53.909182,2023-01-23T21:02:58Z
564066000,9.171754,53.909070,2023-01-23T21:03:28Z
564066000,9.171600,53.908962,2023-01-23T21:04:19Z
564066000,9.171194,53.908715,2023-01-23T21:04:57Z
564066000,9.170981,53.908587,2023-01-23T21:05:29Z
564066000,9.170748,53.908434,2023-01-23T21:06:19Z
564066000,9.170280,53.908127,2023-01-23T21:06:57Z
564066000,9.170059,53.907952,2023-01-23T21:07:28Z
564066000,9.169840,53.907785,2023-01-23T21:08:18Z
564066000,9.169426,53.907473,2023-01-23T21:08:48Z
564066000,9.169346,53.907424,2023-01-23T21:09:19Z
564066000,9.168667,53.907102,2023-01-23T21:09:58Z
564066000,9.168321,53.906935,2023-01-23T21:10:30Z
564066000,9.167988,53.906722,2023-01-23T21:11:19Z
564066000,9.167391,53.906352,2023-01-23T21:11:58Z
564066000,9.167009,53.906115,2023-01-23T21:12:30Z
564066000,9.166629,53.905842,2023-01-23T21:13:19Z
564066000,9.165984,53.905523,2023-01-23T21:13:58Z
564066000,9.165516,53.905273,2023-01-23T21:14:37Z
564066000,9.165224,53.905118,2023-01-23T21:15:20Z
564066000,9.164434,53.904685,2023-01-23T21:15:58Z
564066000,9.164057,53.904465,2023-01-23T21:16:29Z
564066000,9.163659,53.904229,2023-01-23T21:17:20Z
564066000,9.162924,53.903817,2023-01-23T21:17:58Z
564066000,9.162568,53.903622,2023-01-23T21:18:29Z
564066000,9.162121,53.903421,2023-01-23T21:19:20Z
564066000,9.161334,53.903022,2023-01-23T21:19:59Z
564066000,9.161021,53.902838,2023-01-23T21:20:30Z
564066000,9.160737,53.902589,2023-01-23T21:21:21Z
564066000,9.160292,53.902288,2023-01-23T21:21:58Z
564066000,9.159931,53.902161,2023-01-23T21:22:29Z
564066000,9.159617,53.902010,2023-01-23T21:23:19Z
564066000,9.159050,53.901680,2023-01-23T21:23:58Z
564066000,9.158943,53.901544,2023-01-23T21:24:38Z
564066000,9.158952,53.901529,2023-01-23T21:25:19Z
564066000,9.159026,53.901627,2023-01-23T21:25:58Z
564066000,9.159079,53.901691,2023-01-23T21:26:30Z
564066000,9.159128,53.901687,2023-01-23T21:27:19Z
564066000,9.159174,53.901674,2023-01-23T21:27:58Z
564066000,9.159178,53.901647,2023-01-23T21:28:30Z
564066000,9.159146,53.901627,2023-01-23T21:29:19Z
564066000,9.158990,53.901482,2023-01-23T21:29:57Z
564066000,9.158879,53.901360,2023-01-23T21:30:31Z
564066000,9.158724,53.901255,2023-01-23T21:31:19Z
564066000,9.158381,53.901029,2023-01-23T21:31:57Z
564066000,9.158253,53.900935,2023-01-23T21:32:30Z
564066000,9.158119,53.900832,2023-01-23T21:33:21Z
564066000,9.157714,53.900520,2023-01-23T21:33:57Z
564066000,9.157317,53.900266,2023-01-23T21:34:38Z
564066000,9.157096,53.900133,2023-01-23T21:35:17Z
564066000,9.156546,53.899807,2023-01-23T21:35:49Z
564066000,9.156436,53.899754,2023-01-23T21:36:19Z
564066000,9.155681,53.899362,2023-01-23T21:36:57Z
564066000,9.155370,53.899168,2023-01-23T21:37:29Z
564066000,9.154966,53.898974,2023-01-23T21:38:18Z
564066000,9.154326,53.898677,2023-01-23T21:38:49Z
564066000,9.154204,53.898619,2023-01-23T21:39:20Z
564066000,9.153472,53.898239,2023-01-23T21:39:58Z
564066000,9.153092,53.898093,2023-01-23T21:40:29Z
564066000,9.152726,53.897943,2023-01-23T21:41:19Z
564066000,9.151984,53.897539,2023-01-23T21:41:58Z
564066000,9.151651,53.897349,2023-01-23T21:42:29Z
564066000,9.151304,53.897152,2023-01-23T21:43:19Z
564066000,9.150674,53.896831,2023-01-23T21:43:57Z
564066000,9.150432,53.896702,2023-01-23T21:44:30Z
564066000,9.150256,53.896615,2023-01-23T21:45:20Z
564066000,9.149887,53.896388,2023-01-23T21:45:57Z
564066000,9.149754,53.896324,2023-01-23T21:46:27Z
564066000,9.149451,53.896186,2023-01-23T21:47:20Z
564066000,9.149102,53.895872,2023-01-23T21:47:57Z
564066000,9.148814,53.895749,2023-01-23T21:48:30Z
564066000,9.148551,53.895619,2023-01-23T21:49:20Z
564066000,9.148077,53.895374,2023-01-23T21:49:58Z
564066000,9.147824,53.895237,2023-01-23T21:50:30Z
564066000,9.147706,53.895175,2023-01-23T21:51:18Z
564066000,9.147282,53.894984,2023-01-23T21:51:58Z
564066000,9.147111,53.894886,2023-01-23T21:52:31Z
564066000,9.146959,53.894789,2023-01-23T21:53:20Z
564066000,9.146792,53.894701,2023-01-23T21:53:58Z
564066000,9.146677,53.894647,2023-01-23T21:54:31Z
564066000,9.146591,53.894615,2023-01-23T21:55:19Z
564066000,9.146507,53.894572,2023-01-23T21:55:59Z
564066000,9.146481,53.894548,2023-01-23T21:56:32Z
564066000,9.146444,53.894520,2023-01-23T21:57:20Z
564066000,9.146436,53.894513,2023-01-23T21:57:59Z
564066000,9.146437,53.894500,2023-01-23T21:58:31Z
564066000,9.146436,53.894500,2023-01-23T21:59:19Z
564066000,9.146464,53.894499,2023-01-23T21:59:57Z
564066000,9.146462,53.894504,2023-01-23T22:00:30Z
564066000,9.146462,53.894519,2023-01-23T22:01:21Z
564066000,9.146471,53.894546,2023-01-23T22:01:57Z
564066000,9.146477,53.894548,2023-01-23T22:02:29Z
564066000,9.146479,53.894546,2023-01-23T22:03:20Z
564066000,9.146482,53.894539,2023-01-23T22:03:57Z
564066000,9.146482,53.894543,2023-01-23T22:04:28Z
564066000,9.146479,53.894541,2023-01-23T22:05:20Z
564066000,9.146479,53.894533,2023-01-23T22:05:58Z
564066000,9.146479,53.894526,2023-01-23T22:06:29Z
564066000,9.146481,53.894511,2023-01-23T22:07:19Z
564066000,9.146479,53.894491,2023-01-23T22:07:58Z
564066000,9.146464,53.894489,2023-01-23T22:08:31Z
564066000,9.146462,53.894496,2023-01-23T22:09:18Z
564066000,9.146454,53.894516,2023-01-23T22:09:49Z
564066000,9.146457,53.894518,2023-01-23T22:10:20Z
564066000,9.146472,53.894514,2023-01-23T22:10:58Z
564066000,9.146474,53.894519,2023-01-23T22:11:29Z
564066000,9.146471,53.894529,2023-01-23T22:12:19Z
564066000,9.146464,53.894529,2023-01-23T22:12:49Z
564066000,9.146462,53.894533,2023-01-23T22:13:21Z
564066000,9.146459,53.894539,2023-01-23T22:13:58Z
564066000,9.146462,53.894536,2023-01-23T22:14:31Z
564066000,9.146466,53.894534,2023-01-23T22:15:18Z
564066000,9.146467,53.894549,2023-01-23T22:15:49Z
564066000,9.146436,53.894579,2023-01-23T22:16:19Z
564066000,9.146424,53.894551,2023-01-23T22:16:57Z
564066000,9.146511,53.894481,2023-01-23T22:17:28Z
564066000,9.146569,53.894448,2023-01-23T22:18:18Z
564066000,9.146442,53.894536,2023-01-23T22:18:57Z
564066000,9.146476,53.894486,2023-01-23T22:19:30Z
564066000,9.146459,53.894493,2023-01-23T22:20:18Z
564066000,9.146474,53.894498,2023-01-23T22:20:57Z
564066000,9.146471,53.894511,2023-01-23T22:21:30Z
564066000,9.146467,53.894519,2023-01-23T22:22:19Z
564066000,9.146486,53.894521,2023-01-23T22:22:57Z
564066000,9.146472,53.894528,2023-01-23T22:23:28Z
564066000,9.146472,53.894521,2023-01-23T22:24:19Z
564066000,9.146451,53.894518,2023-01-23T22:24:57Z
564066000,9.146452,53.894523,2023-01-23T22:25:31Z
564066000,9.146456,53.894519,2023-01-23T22:26:19Z
564066000,9.146486,53.894508,2023-01-23T22:26:57Z
564066000,9.146482,53.894504,2023-01-23T22:27:31Z
564066000,9.146486,53.894509,2023-01-23T22:28:18Z
564066000,9.146476,53.894519,2023-01-23T22:28:57Z
564066000,9.146489,53.894523,2023-01-23T22:29:28Z
564066000,9.146486,53.894528,2023-01-23T22:30:19Z
564066000,9.146482,53.894523,2023-01-23T22:30:57Z
564066000,9.146482,53.894518,2023-01-23T22:31:30Z
564066000,9.146486,53.894508,2023-01-23T22:32:17Z
564066000,9.146496,53.894524,2023-01-23T22:32:48Z
564066000,9.146494,53.894529,2023-01-23T22:33:19Z
564066000,9.146476,53.894534,2023-01-23T22:33:57Z
564066000,9.146486,53.894534,2023-01-23T22:34:28Z
564066000,9.146492,53.894533,2023-01-23T22:35:19Z
564066000,9.146499,53.894516,2023-01-23T22:35:57Z
564066000,9.146489,53.894511,2023-01-23T22:36:30Z
564066000,9.146476,53.894508,2023-01-23T22:37:19Z
564066000,9.146472,53.894504,2023-01-23T22:37:57Z
564066000,9.146471,53.894508,2023-01-23T22:38:31Z
564066000,9.146487,53.894519,2023-01-23T22:39:19Z
564066000,9.146536,53.894517,2023-01-23T22:39:57Z
564066000,9.146524,53.894514,2023-01-23T22:40:29Z
564066000,9.146516,53.894519,2023-01-23T22:41:19Z
564066000,9.146507,53.894526,2023-01-23T22:41:57Z
564066000,9.146509,53.894527,2023-01-23T22:42:30Z
564066000,9.146512,53.894524,2023-01-23T22:43:20Z
564066000,9.146492,53.894506,2023-01-23T22:43:57Z
564066000,9.146472,53.894509,2023-01-23T22:44:28Z
564066000,9.146466,53.894509,2023-01-23T22:45:20Z
564066000,9.146469,53.894517,2023-01-23T22:45:57Z
564066000,9.146472,53.894522,2023-01-23T22:46:28Z
564066000,9.146471,53.894522,2023-01-23T22:47:19Z
564066000,9.146476,53.894534,2023-01-23T22:47:57Z
564066000,9.146467,53.894537,2023-01-23T22:48:30Z
564066000,9.146467,53.894531,2023-01-23T22:49:20Z
564066000,9.146474,53.894531,2023-01-23T22:49:57Z
564066000,9.146464,53.894539,2023-01-23T22:50:27Z
564066000,9.146482,53.894544,2023-01-23T22:51:20Z
564066000,9.146497,53.894547,2023-01-23T22:51:57Z
564066000,9.146494,53.894546,2023-01-23T22:52:29Z
564066000,9.146501,53.894546,2023-01-23T22:53:20Z
564066000,9.146534,53.894556,2023-01-23T22:53:57Z
564066000,9.146537,53.894559,2023-01-23T22:54:31Z
564066000,9.146537,53.894549,2023-01-23T22:55:18Z
564066000,9.146519,53.894543,2023-01-23T22:55:57Z
564066000,9.146521,53.894553,2023-01-23T22:56:30Z
564066000,9.146517,53.894543,2023-01-23T22:57:19Z
564066000,9.146496,53.894521,2023-01-23T22:57:57Z
564066000,9.146489,53.894519,2023-01-23T22:58:29Z
564066000,9.146519,53.894548,2023-01-23T22:59:18Z
564066000,9.146494,53.894506,2023-01-23T22:59:48Z
564066000,9.146492,53.894504,2023-01-23T23:00:19Z
564066000,9.146482,53.894504,2023-01-23T23:00:58Z
564066000,9.146477,53.894504,2023-01-23T23:01:30Z
564066000,9.146471,53.894508,2023-01-23T23:02:20Z
564066000,9.146421,53.894559,2023-01-23T23:02:58Z
564066000,9.146442,53.894561,2023-01-23T23:03:29Z
564066000,9.146492,53.894519,2023-01-23T23:04:18Z
564066000,9.146456,53.894514,2023-01-23T23:04:49Z
564066000,9.146456,53.894513,2023-01-23T23:05:20Z
564066000,9.146472,53.894511,2023-01-23T23:05:58Z
564066000,9.146479,53.894518,2023-01-23T23:06:31Z
564066000,9.146492,53.894486,2023-01-23T23:07:19Z
564066000,9.146472,53.894484,2023-01-23T23:07:58Z
564066000,9.146466,53.894476,2023-01-23T23:08:28Z
564066000,9.146457,53.894469,2023-01-23T23:09:18Z
564066000,9.146432,53.894526,2023-01-23T23:09:58Z
564066000,9.146446,53.894526,2023-01-23T23:10:30Z
564066000,9.146461,53.894543,2023-01-23T23:11:19Z
564066000,9.146469,53.894548,2023-01-23T23:11:58Z
564066000,9.146479,53.894543,2023-01-23T23:12:31Z
564066000,9.146497,53.894534,2023-01-23T23:13:17Z
564066000,9.146464,53.894593,2023-01-23T23:13:47Z
564066000,9.146459,53.894594,2023-01-23T23:14:18Z
564066000,9.146484,53.894529,2023-01-23T23:14:58Z
564066000,9.146486,53.894516,2023-01-23T23:15:29Z
564066000,9.146476,53.894511,2023-01-23T23:16:20Z
564066000,9.146477,53.894533,2023-01-23T23:16:58Z
564066000,9.146492,53.894536,2023-01-23T23:17:30Z
564066000,9.146487,53.894536,2023-01-23T23:18:18Z
564066000,9.146484,53.894529,2023-01-23T23:18:58Z
564066000,9.146489,53.894531,2023-01-23T23:19:29Z
564066000,9.146489,53.894539,2023-01-23T23:20:19Z
564066000,9.146486,53.894554,2023-01-23T23:20:57Z
564066000,9.146501,53.894568,2023-01-23T23:21:30Z
564066000,9.146511,53.894569,2023-01-23T23:22:20Z
564066000,9.146526,53.894556,2023-01-23T23:22:57Z
564066000,9.146536,53.894553,2023-01-23T23:23:29Z
564066000,9.146532,53.894559,2023-01-23T23:24:19Z
564066000,9.146511,53.894567,2023-01-23T23:24:57Z
564066000,9.146501,53.894561,2023-01-23T23:25:29Z
564066000,9.146481,53.894547,2023-01-23T23:26:19Z
564066000,9.146344,53.894426,2023-01-23T23:26:58Z
564066000,9.146241,53.894376,2023-01-23T23:27:30Z
564066000,9.146112,53.894319,2023-01-23T23:28:19Z
564066000,9.145828,53.894183,2023-01-23T23:28:58Z
564066000,9.145563,53.894072,2023-01-23T23:29:38Z
564066000,9.145404,53.894007,2023-01-23T23:30:19Z
564066000,9.144877,53.893764,2023-01-23T23:30:58Z
564066000,9.144406,53.893544,2023-01-23T23:31:38Z
564066000,9.144176,53.893417,2023-01-23T23:32:20Z
564066000,9.143336,53.892957,2023-01-23T23:32:58Z
564066000,9.142831,53.892676,2023-01-23T23:33:28Z
564066000,9.142258,53.892360,2023-01-23T23:34:17Z
564066000,9.141162,53.891794,2023-01-23T23:34:48Z
564066000,9.140952,53.891697,2023-01-23T23:35:18Z
564066000,9.139308,53.891024,2023-01-23T23:35:58Z
564066000,9.138451,53.890683,2023-01-23T23:36:30Z
564066000,9.137584,53.890311,2023-01-23T23:37:20Z
564066000,9.135753,53.889484,2023-01-23T23:37:58Z
564066000,9.134810,53.889067,2023-01-23T23:38:29Z
564066000,9.133791,53.888583,2023-01-23T23:39:19Z
564066000,9.131620,53.887395,2023-01-23T23:39:58Z
564066000,9.130535,53.886808,2023-01-23T23:40:28Z
564066000,9.129443,53.886245,2023-01-23T23:41:19Z
564066000,9.127100,53.885052,2023-01-23T23:41:58Z
564066000,9.125885,53.884473,2023-01-23T23:42:30Z
564066000,9.124610,53.883833,2023-01-23T23:43:19Z
564066000,9.121889,53.882912,2023-01-23T23:43:57Z
564066000,9.120427,53.882474,2023-01-23T23:44:28Z
564066000,9.118851,53.882138,2023-01-23T23:45:18Z
564066000,9.115441,53.881677,2023-01-23T23:45:57Z
564066000,9.114261,53.881542,2023-01-23T23:46:27Z
564066000,9.111788,53.881237,2023-01-23T23:46:58Z
564066000,9.110016,53.881050,2023-01-23T23:47:30Z
564066000,9.108014,53.880854,2023-01-23T23:48:19Z
255805980,9.189177,53.884716,2023-01-23T21:24:50Z
255805980,9.187634,53.884718,2023-01-23T21:25:23Z
255805980,9.183787,53.884728,2023-01-23T21:26:00Z
255805980,9.181551,53.884725,2023-01-23T21:26:31Z
255805980,9.179510,53.884726,2023-01-23T21:27:16Z
255805980,9.176145,53.884720,2023-01-23T21:27:49Z
255805980,9.174840,53.884708,2023-01-23T21:28:25Z
255805980,9.171754,53.884687,2023-01-23T21:29:00Z
255805980,9.169748,53.884718,2023-01-23T21:29:34Z
255805980,9.168321,53.884783,2023-01-23T21:30:17Z
255805980,9.165779,53.884863,2023-01-23T21:30:49Z
255805980,9.164762,53.884861,2023-01-23T21:31:23Z
255805980,9.162418,53.884825,2023-01-23T21:32:00Z
255805980,9.161120,53.884758,2023-01-23T21:32:31Z
255805980,9.159788,53.884673,2023-01-23T21:33:18Z
255805980,9.157562,53.884580,2023-01-23T21:33:50Z
255805980,9.156687,53.884551,2023-01-23T21:34:22Z
255805980,9.154592,53.884453,2023-01-23T21:35:00Z
255805980,9.153168,53.884362,2023-01-23T21:35:41Z
255805980,9.152539,53.884324,2023-01-23T21:36:16Z
255805980,9.150940,53.884279,2023-01-23T21:36:50Z
255805980,9.150280,53.884262,2023-01-23T21:37:24Z
255805980,9.148755,53.884243,2023-01-23T21:38:00Z
255805980,9.147627,53.884216,2023-01-23T21:38:41Z
255805980,9.147128,53.884195,2023-01-23T21:39:17Z
255805980,9.145912,53.884153,2023-01-23T21:39:50Z
255805980,9.145419,53.884136,2023-01-23T21:40:23Z
255805980,9.144230,53.884120,2023-01-23T21:41:00Z
255805980,9.143130,53.884116,2023-01-23T21:41:41Z
255805980,9.142534,53.884118,2023-01-23T21:42:16Z
255805980,9.140983,53.884085,2023-01-23T21:42:50Z
255805980,9.140627,53.884050,2023-01-23T21:43:21Z
255805980,9.139342,53.884017,2023-01-23T21:43:53Z
255805980,9.138927,53.884099,2023-01-23T21:44:24Z
255805980,9.137997,53.884485,2023-01-23T21:44:54Z
255805980,9.137632,53.884658,2023-01-23T21:45:25Z
255805980,9.136641,53.885167,2023-01-23T21:45:57Z
255805980,9.136129,53.885484,2023-01-23T21:46:28Z
255805980,9.135340,53.885982,2023-01-23T21:47:00Z
255805980,9.134863,53.886331,2023-01-23T21:47:30Z
255805980,9.134463,53.886796,2023-01-23T21:48:04Z
255805980,9.134302,53.887233,2023-01-23T21:48:37Z
255805980,9.134405,53.887503,2023-01-23T21:49:17Z
255805980,9.134979,53.888054,2023-01-23T21:49:51Z
255805980,9.135307,53.888278,2023-01-23T21:50:24Z
255805980,9.136186,53.888813,2023-01-23T21:51:00Z
255805980,9.136786,53.889178,2023-01-23T21:51:30Z
255805980,9.137364,53.889521,2023-01-23T21:52:17Z
255805980,9.138322,53.890106,2023-01-23T21:52:51Z
255805980,9.138690,53.890328,2023-01-23T21:53:25Z
255805980,9.139481,53.890822,2023-01-23T21:54:00Z
255805980,9.139996,53.891139,2023-01-23T21:54:32Z
255805980,9.140456,53.891427,2023-01-23T21:55:16Z
255805980,9.141209,53.891900,2023-01-23T21:55:51Z
255805980,9.141500,53.892070,2023-01-23T21:56:26Z
255805980,9.142194,53.892449,2023-01-23T21:57:00Z
255805980,9.142603,53.892681,2023-01-23T21:57:32Z
255805980,9.142975,53.892894,2023-01-23T21:58:17Z
255805980,9.143308,53.893107,2023-01-23T21:58:51Z
255805980,9.143401,53.893157,2023-01-23T21:59:23Z
255805980,9.143487,53.893187,2023-01-23T22:00:01Z
255805980,9.143512,53.893200,2023-01-23T22:00:31Z
255805980,9.143539,53.893222,2023-01-23T22:01:18Z
255805980,9.143542,53.893231,2023-01-23T22:01:51Z
255805980,9.143543,53.893232,2023-01-23T22:02:23Z
255805980,9.143545,53.893226,2023-01-23T22:03:01Z
255805980,9.143547,53.893231,2023-01-23T22:03:31Z
255805980,9.143547,53.893232,2023-01-23T22:04:15Z
255805980,9.143547,53.893234,2023-01-23T22:04:51Z
255805980,9.143547,53.893234,2023-01-23T22:05:23Z
255805980,9.143548,53.893234,2023-01-23T22:06:01Z
255805980,9.143548,53.893234,2023-01-23T22:06:41Z
255805980,9.143548,53.893236,2023-01-23T22:07:16Z
255805980,9.143548,53.893237,2023-01-23T22:07:51Z
255805980,9.143548,53.893237,2023-01-23T22:08:25Z
255805980,9.143547,53.893234,2023-01-23T22:09:01Z
255805980,9.143548,53.893232,2023-01-23T22:09:41Z
255805980,9.143548,53.893232,2023-01-23T22:10:17Z
255805980,9.143550,53.893234,2023-01-23T22:10:51Z
255805980,9.143550,53.893234,2023-01-23T22:11:26Z
255805980,9.143556,53.893236,2023-01-23T22:11:59Z
255805980,9.143551,53.893231,2023-01-23T22:12:31Z
255805980,9.143558,53.893237,2023-01-23T22:13:15Z
255805980,9.143561,53.893241,2023-01-23T22:13:51Z
255805980,9.143563,53.893242,2023-01-23T22:14:25Z
255805980,9.143563,53.893242,2023-01-23T22:14:59Z
255805980,9.143563,53.893241,2023-01-23T22:15:30Z
255805980,9.143563,53.893239,2023-01-23T22:16:16Z
255805980,9.143558,53.893232,2023-01-23T22:16:51Z
255805980,9.143556,53.893231,2023-01-23T22:17:22Z
255805980,9.143556,53.893231,2023-01-23T22:18:01Z
255805980,9.143558,53.893232,2023-01-23T22:18:31Z
255805980,9.143561,53.893239,2023-01-23T22:19:16Z
255805980,9.143558,53.893239,2023-01-23T22:19:51Z
255805980,9.143559,53.893236,2023-01-23T22:20:22Z
255805980,9.143558,53.893239,2023-01-23T22:21:00Z
255805980,9.143558,53.893239,2023-01-23T22:21:39Z
255805980,9.143558,53.893239,2023-01-23T22:22:16Z
255805980,9.143554,53.893234,2023-01-23T22:22:51Z
255805980,9.143556,53.893236,2023-01-23T22:23:23Z
255805980,9.143558,53.893237,2023-01-23T22:24:00Z
255805980,9.143558,53.893236,2023-01-23T22:24:41Z
255805980,9.143559,53.893236,2023-01-23T22:25:16Z
255805980,9.143559,53.893234,2023-01-23T22:25:51Z
255805980,9.143561,53.893234,2023-01-23T22:26:24Z
255805980,9.143559,53.893236,2023-01-23T22:27:00Z
255805980,9.143559,53.893236,2023-01-23T22:27:31Z
255805980,9.143561,53.893234,2023-01-23T22:28:15Z
255805980,9.143561,53.893234,2023-01-23T22:28:50Z
255805980,9.143569,53.893236,2023-01-23T22:29:22Z
255805980,9.143665,53.893286,2023-01-23T22:30:00Z
255805980,9.143819,53.893367,2023-01-23T22:30:30Z
255805980,9.144032,53.893476,2023-01-23T22:31:17Z
255805980,9.144527,53.893728,2023-01-23T22:31:50Z
255805980,9.144781,53.893863,2023-01-23T22:32:21Z
255805980,9.145553,53.894272,2023-01-23T22:33:00Z
255805980,9.146171,53.894558,2023-01-23T22:33:30Z
255805980,9.146794,53.894871,2023-01-23T22:34:18Z
255805980,9.148116,53.895509,2023-01-23T22:34:50Z
255805980,9.148709,53.895792,2023-01-23T22:35:23Z
255805980,9.150254,53.896569,2023-01-23T22:36:00Z
255805980,9.151341,53.897123,2023-01-23T22:36:31Z
255805980,9.152481,53.897684,2023-01-23T22:37:04Z
255805980,9.153896,53.898294,2023-01-23T22:37:41Z
255805980,9.154668,53.898630,2023-01-23T22:38:17Z
255805980,9.156513,53.899455,2023-01-23T22:38:50Z
255805980,9.157289,53.899813,2023-01-23T22:39:22Z
255805980,9.159104,53.900687,2023-01-23T22:40:00Z
255805980,9.160475,53.901422,2023-01-23T22:40:41Z
255805980,9.161173,53.901787,2023-01-23T22:41:16Z
255805980,9.162838,53.902667,2023-01-23T22:41:50Z
255805980,9.163513,53.903027,2023-01-23T22:42:23Z
255805980,9.165235,53.903942,2023-01-23T22:43:00Z
255805980,9.166255,53.904457,2023-01-23T22:43:31Z
255805980,9.167299,53.905037,2023-01-23T22:44:16Z
255805980,9.168955,53.905926,2023-01-23T22:44:50Z
255805980,9.169662,53.906282,2023-01-23T22:45:24Z
255805980,9.171467,53.907202,2023-01-23T22:46:01Z
255805980,9.172909,53.907927,2023-01-23T22:46:41Z
255805980,9.173594,53.908326,2023-01-23T22:47:16Z
255805980,9.175150,53.909343,2023-01-23T22:47:50Z
255805980,9.175785,53.909744,2023-01-23T22:48:23Z
255805980,9.177387,53.910769,2023-01-23T22:49:01Z
255805980,9.178586,53.911537,2023-01-23T22:49:40Z
255805980,9.179267,53.911922,2023-01-23T22:50:17Z
210307000,9.178224,53.912463,2023-01-23T22:36:24Z
210307000,9.176854,53.911705,2023-01-23T22:37:01Z
210307000,9.175365,53.910905,2023-01-23T22:37:32Z
210307000,9.174294,53.910378,2023-01-23T22:38:22Z
210307000,9.172701,53.909512,2023-01-23T22:38:52Z
210307000,9.172141,53.909229,2023-01-23T22:39:23Z
210307000,9.170980,53.908612,2023-01-23T22:40:01Z
210307000,9.169733,53.907915,2023-01-23T22:40:32Z
210307000,9.168736,53.907377,2023-01-23T22:41:02Z
210307000,9.167515,53.906730,2023-01-23T22:41:43Z
210307000,9.166976,53.906445,2023-01-23T22:42:21Z
210307000,9.165690,53.905739,2023-01-23T22:42:52Z
210307000,9.165195,53.905474,2023-01-23T22:43:24Z
210307000,9.164225,53.904959,2023-01-23T22:44:01Z
210307000,9.163213,53.904424,2023-01-23T22:44:33Z
210307000,9.162460,53.904020,2023-01-23T22:45:22Z
210307000,9.161111,53.903291,2023-01-23T22:45:52Z
210307000,9.160558,53.902990,2023-01-23T22:46:23Z
210307000,9.159606,53.902475,2023-01-23T22:47:02Z
210307000,9.158558,53.901910,2023-01-23T22:47:33Z
210307000,9.157816,53.901505,2023-01-23T22:48:21Z
210307000,9.156705,53.900900,2023-01-23T22:48:52Z
210307000,9.156203,53.900630,2023-01-23T22:49:24Z
210307000,9.155213,53.900110,2023-01-23T22:50:02Z
210307000,9.154230,53.899591,2023-01-23T22:50:33Z
210307000,9.153574,53.899221,2023-01-23T22:51:21Z
210307000,9.152479,53.898576,2023-01-23T22:51:53Z
210307000,9.151876,53.898238,2023-01-23T22:52:26Z
210307000,9.151254,53.897908,2023-01-23T22:53:02Z
210307000,9.150266,53.897410,2023-01-23T22:53:41Z
210307000,9.149865,53.897210,2023-01-23T22:54:21Z
210307000,9.148963,53.896725,2023-01-23T22:54:53Z
210307000,9.148501,53.896453,2023-01-23T22:55:26Z
210307000,9.148026,53.896185,2023-01-23T22:56:02Z
210307000,9.147340,53.895883,2023-01-23T22:56:41Z
210307000,9.146961,53.895732,2023-01-23T22:57:23Z
210307000,9.146439,53.895474,2023-01-23T22:58:01Z
210307000,9.146024,53.895269,2023-01-23T22:58:41Z
210307000,9.145691,53.895110,2023-01-23T22:59:22Z
210307000,9.145335,53.894934,2023-01-23T23:00:01Z
210307000,9.145175,53.894862,2023-01-23T23:00:32Z
210307000,9.145033,53.894785,2023-01-23T23:01:02Z
210307000,9.144818,53.894685,2023-01-23T23:01:42Z
210307000,9.144668,53.894600,2023-01-23T23:02:25Z
210307000,9.144483,53.894490,2023-01-23T23:03:02Z
210307000,9.144331,53.894410,2023-01-23T23:03:42Z
210307000,9.144288,53.894380,2023-01-23T23:04:20Z
210307000,9.144170,53.894290,2023-01-23T23:04:52Z
210307000,9.144114,53.894258,2023-01-23T23:05:25Z
210307000,9.143998,53.894207,2023-01-23T23:06:02Z
210307000,9.143920,53.894147,2023-01-23T23:06:32Z
210307000,9.143838,53.894097,2023-01-23T23:07:02Z
210307000,9.143685,53.894057,2023-01-23T23:07:42Z
210307000,9.143613,53.894022,2023-01-23T23:08:21Z
210307000,9.143493,53.893982,2023-01-23T23:08:52Z
210307000,9.143493,53.893987,2023-01-23T23:09:26Z
210307000,9.143498,53.893982,2023-01-23T23:10:02Z
210307000,9.143520,53.893985,2023-01-23T23:10:32Z
210307000,9.143480,53.894049,2023-01-23T23:11:02Z
210307000,9.143513,53.893997,2023-01-23T23:11:42Z
210307000,9.143503,53.894000,2023-01-23T23:12:22Z
210307000,9.143486,53.893989,2023-01-23T23:12:52Z
210307000,9.143498,53.893982,2023-01-23T23:13:25Z
210307000,9.143491,53.893980,2023-01-23T23:14:01Z
210307000,9.143491,53.893980,2023-01-23T23:14:31Z
210307000,9.143510,53.893964,2023-01-23T23:15:02Z
210307000,9.143503,53.893980,2023-01-23T23:15:42Z
210307000,9.143516,53.893970,2023-01-23T23:16:24Z
210307000,9.143536,53.893970,2023-01-23T23:17:01Z
210307000,9.143505,53.893999,2023-01-23T23:17:31Z
210307000,9.143505,53.894000,2023-01-23T23:18:02Z
210307000,9.143485,53.893974,2023-01-23T23:18:33Z
210307000,9.143505,53.893977,2023-01-23T23:19:23Z
210307000,9.143523,53.893970,2023-01-23T23:20:01Z
210307000,9.143523,53.893950,2023-01-23T23:20:33Z
210307000,9.143513,53.893959,2023-01-23T23:21:03Z
210307000,9.143491,53.893979,2023-01-23T23:21:43Z
210307000,9.143440,53.894064,2023-01-23T23:22:22Z
210307000,9.143473,53.893989,2023-01-23T23:22:52Z
210307000,9.143478,53.893989,2023-01-23T23:23:23Z
210307000,9.143490,53.893977,2023-01-23T23:24:01Z
210307000,9.143503,53.893982,2023-01-23T23:24:33Z
210307000,9.143506,53.893979,2023-01-23T23:25:03Z
210307000,9.143480,53.894035,2023-01-23T23:25:43Z
210307000,9.143490,53.894025,2023-01-23T23:26:21Z
210307000,9.143500,53.893960,2023-01-23T23:26:52Z
210307000,9.143501,53.893967,2023-01-23T23:27:24Z
210307000,9.143483,53.893977,2023-01-23T23:28:01Z
210307000,9.143478,53.893974,2023-01-23T23:28:32Z
210307000,9.143478,53.893970,2023-01-23T23:29:02Z
210307000,9.143471,53.893982,2023-01-23T23:29:43Z
210307000,9.143475,53.893975,2023-01-23T23:30:21Z
210307000,9.143476,53.893977,2023-01-23T23:30:53Z
210307000,9.143468,53.893985,2023-01-23T23:31:26Z
210307000,9.143426,53.894079,2023-01-23T23:32:01Z
210307000,9.143450,53.894049,2023-01-23T23:32:32Z
210307000,9.143478,53.893992,2023-01-23T23:33:03Z
210307000,9.143473,53.893992,2023-01-23T23:33:43Z
210307000,9.143490,53.893972,2023-01-23T23:34:19Z
210307000,9.143486,53.893962,2023-01-23T23:34:52Z
210307000,9.143498,53.893960,2023-01-23T23:35:23Z
210307000,9.143496,53.893973,2023-01-23T23:36:01Z
210307000,9.143347,53.893905,2023-01-23T23:36:32Z
210307000,9.143172,53.893766,2023-01-23T23:37:02Z
210307000,9.142909,53.893581,2023-01-23T23:37:32Z
210307000,9.142529,53.893343,2023-01-23T23:38:20Z
210307000,9.141650,53.892842,2023-01-23T23:38:52Z
210307000,9.141234,53.892608,2023-01-23T23:39:24Z
210307000,9.140156,53.892054,2023-01-23T23:40:01Z
210307000,9.138836,53.891390,2023-01-23T23:40:32Z
210307000,9.137785,53.890834,2023-01-23T23:41:20Z
210307000,9.135678,53.889691,2023-01-23T23:41:52Z
210307000,9.134805,53.889176,2023-01-23T23:42:25Z
210307000,9.132932,53.888124,2023-01-23T23:43:01Z
210307000,9.131246,53.886951,2023-01-23T23:43:32Z
210307000,9.130171,53.886003,2023-01-23T23:44:02Z
210307000,9.128469,53.885054,2023-01-23T23:44:42Z
210307000,9.127548,53.884641,2023-01-23T23:45:19Z
210307000,9.125210,53.883628,2023-01-23T23:45:52Z
210307000,9.124234,53.883273,2023-01-23T23:46:26Z
210307000,9.122348,53.882613,2023-01-23T23:47:01Z
210307000,9.120429,53.882110,2023-01-23T23:47:32Z
210307000,9.118873,53.881801,2023-01-23T23:48:20Z
210307000,9.116271,53.881259,2023-01-23T23:48:53Z
210307000,9.115302,53.881103,2023-01-23T23:49:25Z
210307000,9.113191,53.880834,2023-01-23T23:50:01Z
210307000,9.111202,53.880611,2023-01-23T23:50:32Z
210307000,9.109646,53.880461,2023-01-23T23:51:20Z
210307000,9.106946,53.880189,2023-01-23T23:51:53Z
212748000,9.178018,53.912576,2023-01-23T22:44:22Z
212748000,9.176329,53.911668,2023-01-23T22:44:57Z
212748000,9.175662,53.911335,2023-01-23T22:45:27Z
212748000,9.174329,53.910668,2023-01-23T22:46:09Z
212748000,9.172554,53.909683,2023-01-23T22:46:46Z
212748000,9.171864,53.909315,2023-01-23T22:47:21Z
212748000,9.170148,53.908328,2023-01-23T22:47:57Z
212748000,9.169344,53.907842,2023-01-23T22:48:30Z
212748000,9.168344,53.907342,2023-01-23T22:49:10Z
212748000,9.166779,53.906580,2023-01-23T22:49:46Z
212748000,9.166177,53.906176,2023-01-23T22:50:23Z
212748000,9.164681,53.905482,2023-01-23T22:50:56Z
212748000,9.163829,53.905002,2023-01-23T22:51:29Z
212748000,9.162932,53.904562,2023-01-23T22:52:09Z
212748000,9.161496,53.903835,2023-01-23T22:52:46Z
212748000,9.160977,53.903525,2023-01-23T22:53:23Z
212748000,9.159656,53.902827,2023-01-23T22:53:56Z
212748000,9.159162,53.902502,2023-01-23T22:54:26Z
212748000,9.158121,53.902012,2023-01-23T22:55:09Z
212748000,9.156829,53.901335,2023-01-23T22:55:46Z
212748000,9.156362,53.901072,2023-01-23T22:56:22Z
212748000,9.155181,53.900435,2023-01-23T22:56:56Z
212748000,9.154496,53.900002,2023-01-23T22:57:28Z
212748000,9.153817,53.899721,2023-01-23T22:58:09Z
212748000,9.152702,53.899158,2023-01-23T22:58:45Z
212748000,9.152329,53.899002,2023-01-23T22:59:21Z
212748000,9.151250,53.898440,2023-01-23T22:59:56Z
212748000,9.150634,53.898154,2023-01-23T23:00:29Z
212748000,9.150200,53.897876,2023-01-23T23:01:10Z
212748000,9.149409,53.897390,2023-01-23T23:01:45Z
212748000,9.149162,53.897168,2023-01-23T23:02:24Z
212748000,9.148419,53.896832,2023-01-23T23:02:56Z
212748000,9.147996,53.896668,2023-01-23T23:03:29Z
212748000,9.147806,53.896497,2023-01-23T23:04:10Z
212748000,9.147384,53.896274,2023-01-23T23:04:45Z
212748000,9.147177,53.896176,2023-01-23T23:05:23Z
212748000,9.146792,53.895991,2023-01-23T23:05:56Z
212748000,9.146662,53.896002,2023-01-23T23:06:27Z
212748000,9.146424,53.895817,2023-01-23T23:07:10Z
212748000,9.146124,53.895673,2023-01-23T23:07:45Z
212748000,9.145996,53.895668,2023-01-23T23:08:22Z
212748000,9.145875,53.895524,2023-01-23T23:08:56Z
212748000,9.145844,53.895509,2023-01-23T23:09:27Z
212748000,9.145685,53.895429,2023-01-23T23:10:10Z
212748000,9.145639,53.895402,2023-01-23T23:10:46Z
212748000,9.145677,53.895342,2023-01-23T23:11:22Z
212748000,9.145624,53.895400,2023-01-23T23:11:56Z
212748000,9.145617,53.895403,2023-01-23T23:12:27Z
212748000,9.145616,53.895403,2023-01-23T23:13:08Z
212748000,9.145617,53.895405,2023-01-23T23:13:46Z
212748000,9.145617,53.895405,2023-01-23T23:14:19Z
212748000,9.145617,53.895405,2023-01-23T23:14:56Z
212748000,9.145617,53.895405,2023-01-23T23:15:29Z
212748000,9.145616,53.895407,2023-01-23T23:16:10Z
212748000,9.145662,53.895335,2023-01-23T23:16:47Z
212748000,9.145616,53.895407,2023-01-23T23:17:23Z
212748000,9.145617,53.895407,2023-01-23T23:17:56Z
212748000,9.145617,53.895405,2023-01-23T23:18:28Z
212748000,9.145617,53.895405,2023-01-23T23:19:09Z
212748000,9.145662,53.895335,2023-01-23T23:19:47Z
212748000,9.145617,53.895407,2023-01-23T23:20:22Z
212748000,9.145617,53.895405,2023-01-23T23:20:56Z
212748000,9.145617,53.895407,2023-01-23T23:21:29Z
212748000,9.145619,53.895407,2023-01-23T23:22:11Z
212748000,9.145662,53.895335,2023-01-23T23:22:47Z
212748000,9.145619,53.895407,2023-01-23T23:23:21Z
212748000,9.145617,53.895407,2023-01-23T23:23:56Z
212748000,9.145662,53.895335,2023-01-23T23:24:29Z
212748000,9.145617,53.895407,2023-01-23T23:25:09Z
212748000,9.145619,53.895407,2023-01-23T23:25:45Z
212748000,9.145617,53.895407,2023-01-23T23:26:22Z
212748000,9.145619,53.895405,2023-01-23T23:27:10Z
212748000,9.145619,53.895405,2023-01-23T23:27:55Z
212748000,9.145619,53.895407,2023-01-23T23:28:26Z
212748000,9.145617,53.895405,2023-01-23T23:29:09Z
212748000,9.145662,53.895335,2023-01-23T23:29:47Z
212748000,9.145662,53.895335,2023-01-23T23:30:22Z
212748000,9.145616,53.895407,2023-01-23T23:30:55Z
212748000,9.145662,53.895335,2023-01-23T23:31:27Z
212748000,9.145617,53.895405,2023-01-23T23:32:10Z
212748000,9.145662,53.895335,2023-01-23T23:32:46Z
212748000,9.145662,53.895335,2023-01-23T23:33:21Z
212748000,9.145614,53.895407,2023-01-23T23:33:55Z
212748000,9.145662,53.895335,2023-01-23T23:34:28Z
212748000,9.145616,53.895407,2023-01-23T23:35:09Z
212748000,9.145662,53.895335,2023-01-23T23:35:46Z
212748000,9.145614,53.895405,2023-01-23T23:36:22Z
212748000,9.145616,53.895407,2023-01-23T23:36:55Z
212748000,9.145616,53.895407,2023-01-23T23:37:27Z
212748000,9.145616,53.895408,2023-01-23T23:38:10Z
212748000,9.145616,53.895408,2023-01-23T23:38:46Z
212748000,9.145616,53.895407,2023-01-23T23:39:25Z
212748000,9.145662,53.895335,2023-01-23T23:39:57Z
212748000,9.145662,53.895335,2023-01-23T23:40:28Z
212748000,9.145496,53.895335,2023-01-23T23:41:10Z
212748000,9.145341,53.895238,2023-01-23T23:41:46Z
212748000,9.145162,53.895168,2023-01-23T23:42:23Z
212748000,9.144662,53.894835,2023-01-23T23:42:57Z
212748000,9.144329,53.894668,2023-01-23T23:43:30Z
212748000,9.143996,53.894502,2023-01-23T23:44:09Z
212748000,9.143148,53.894161,2023-01-23T23:44:47Z
212748000,9.142982,53.893995,2023-01-23T23:45:21Z
212748000,9.142065,53.893493,2023-01-23T23:45:56Z
212748000,9.141695,53.893293,2023-01-23T23:46:27Z
212748000,9.140907,53.892860,2023-01-23T23:47:09Z
212748000,9.139815,53.892328,2023-01-23T23:47:47Z
212748000,9.139286,53.892007,2023-01-23T23:48:21Z
212748000,9.137815,53.891161,2023-01-23T23:48:57Z
212748000,9.136869,53.890644,2023-01-23T23:49:29Z
212748000,9.135692,53.890016,2023-01-23T23:50:09Z
212748000,9.133358,53.888849,2023-01-23T23:50:46Z
212748000,9.132357,53.888320,2023-01-23T23:51:22Z
212748000,9.130482,53.886661,2023-01-23T23:51:57Z
212748000,9.129440,53.885726,2023-01-23T23:52:27Z
212748000,9.128015,53.884743,2023-01-23T23:52:59Z
212748000,9.126475,53.883973,2023-01-23T23:53:30Z
212748000,9.124870,53.883455,2023-01-23T23:54:09Z
212748000,9.121639,53.882584,2023-01-23T23:54:46Z
212748000,9.120117,53.882359,2023-01-23T23:55:24Z
212748000,9.116062,53.881831,2023-01-23T23:55:56Z
212748000,9.114182,53.881641,2023-01-23T23:56:26Z
212748000,9.110814,53.881194,2023-01-23T23:57:09Z
212748000,9.106164,53.880605,2023-01-23T23:57:46Z
