{"type":"FeatureCollection","features":[{"type":"Feature","properties":{"highway":"secondary"},"geometry":{"type":"LineString","coordinates":[[9.128179,53.897539],[9.128095,53.897469],[9.126482,53.896117]]}},{"type":"Feature","properties":{"highway":"secondary"},"geometry":{"type":"LineString","coordinates":[[9.156436,53.896835],[9.156218,53.896902]]}},{"type":"Feature","properties":{"highway":"residential"},"geometry":{"type":"LineString","coordinates":[[9.145888,53.889617],[9.146171,53.889817],[9.14623,53.889881],[9.146512,53.890141],[9.14762,53.891162],[9.147688,53.891187],[9.14785,53.89122],[9.148029,53.891216],[9.14822,53.891172],[9.148579,53.891046],[9.148986,53.890874],[9.149276,53.890751],[9.149411,53.890725],[9.149526,53.890715],[9.149627,53.89072],[9.149869,53.890847],[9.150404,53.891257],[9.151098,53.891789],[9.151309,53.891944],[9.152252,53.892644],[9.153893,53.893837],[9.155003,53.894696],[9.156134,53.895617]]}},{"type":"Feature","properties":{"highway":"secondary"},"geometry":{"type":"LineString","coordinates":[[9.148342,53.897548],[9.14824,53.897554],[9.148193,53.897556]]}},{"type":"Feature","properties":{"highway":"service"},"geometry":{"type":"LineString","coordinates":[[9.1767,53.904909],[9.176077,53.904908],[9.176082,53.905234],[9.175987,53.905371],[9.17598,53.905547],[9.17597,53.90584],[9.176666,53.905843],[9.1767,53.905846]]}},{"type":"Feature","properties":{"highway":"residential"},"geometry":{"type":"LineString","coordinates":[[9.165984,53.897792],[9.162605,53.897783],[9.162445,53.897801],[9.162242,53.897872],[9.161415,53.898304],[9.161358,53.898426]]}},{"type":"Feature","properties":{"highway":"residential"},"geometry":{"type":"LineString","coordinates":[[9.15859,53.896962],[9.159268,53.897461],[9.160284,53.89823],[9.160571,53.898373],[9.160767,53.898403],[9.161358,53.898426]]}},{"type":"Feature","properties":{"highway":"residential"},"geometry":{"type":"LineString","coordinates":[[9.164775,53.892557],[9.164676,53.894066]]}},{"type":"Feature","properties":{"highway":"residential"},"geometry":{"type":"LineString","coordinates":[[9.158526,53.896266],[9.158492,53.896163],[9.158302,53.895706],[9.158249,53.895577],[9.158172,53.895391],[9.157944,53.894821]]}},{"type":"Feature","properties":{"highway":"residential"},"geometry":{"type":"LineString","coordinates":[[9.157702,53.893801],[9.159268,53.893794],[9.160436,53.893795]]}},{"type":"Feature","properties":{"highway":"residential"},"geometry":{"type":"LineString","coordinates":[[9.160399,53.892585],[9.160436,53.893795]]}},{"type":"Feature","properties":{"highway":"residential"},"geometry":{"type":"LineString","coordinates":[[9.157944,53.894821],[9.158114,53.894808],[9.160247,53.895098],[9.160408,53.895132]]}},{"type":"Feature","properties":{"highway":"residential"},"geometry":{"type":"LineString","coordinates":[[9.160436,53.894102],[9.161728,53.894097],[9.162013,53.894095],[9.162159,53.894095],[9.163911,53.894075],[9.164676,53.894066]]}},{"type":"Feature","properties":{"highway":"residential"},"geometry":{"type":"LineString","coordinates":[[9.159268,53.897461],[9.1606,53.896859],[9.161041,53.896864],[9.161134,53.896864],[9.162243,53.896868],[9.162386,53.8969],[9.162427,53.896914],[9.162455,53.896947],[9.16251,53.897037]]}},{"type":"Feature","properties":{"highway":"residential"},"geometry":{"type":"LineString","coordinates":[[9.161041,53.896864],[9.161055,53.896473],[9.160951,53.896427]]}},{"type":"Feature","properties":{"highway":"residential"},"geometry":{"type":"LineString","coordinates":[[9.164775,53.892557],[9.162204,53.892572],[9.160399,53.892585]]}},{"type":"Feature","properties":{"highway":"residential"},"geometry":{"type":"LineString","coordinates":[[9.157702,53.893801],[9.156486,53.893812],[9.155485,53.893832],[9.155401,53.893832],[9.154478,53.893833]]}},{"type":"Feature","properties":{"highway":"residential"},"geometry":{"type":"LineString","coordinates":[[9.157944,53.894821],[9.157856,53.894566],[9.157702,53.893801]]}},{"type":"Feature","properties":{"highway":"residential"},"geometry":{"type":"LineString","coordinates":[[9.16251,53.897037],[9.162618,53.897107],[9.162771,53.897122],[9.164794,53.89712],[9.164873,53.897091]]}},{"type":"Feature","properties":{"highway":"secondary"},"geometry":{"type":"LineString","coordinates":[[9.12992,53.897716],[9.130065,53.897699],[9.130426,53.897653],[9.130994,53.897583],[9.131435,53.897534],[9.131522,53.897528]]}},{"type":"Feature","properties":{"highway":"unclassified"},"geometry":{"type":"LineString","coordinates":[[9.129009,53.898239],[9.129072,53.898292],[9.129834,53.898931],[9.130776,53.899728],[9.130884,53.899813]]}},{"type":"Feature","properties":{"highway":"residential"},"geometry":{"type":"LineString","coordinates":[[9.14004,53.896536],[9.140744,53.896449],[9.141524,53.896358],[9.142056,53.896296],[9.142116,53.896287],[9.14259,53.896229],[9.143563,53.89611]]}},{"type":"Feature","properties":{"highway":"residential"},"geometry":{"type":"LineString","coordinates":[[9.142116,53.896287],[9.142293,53.896703],[9.142466,53.897107],[9.142838,53.897588]]}},{"type":"Feature","properties":{"highway":"residential"},"geometry":{"type":"LineString","coordinates":[[9.143773,53.896136],[9.143904,53.896351],[9.144078,53.896693],[9.14427,53.896954],[9.144484,53.897258],[9.144637,53.897425],[9.144855,53.897657]]}},{"type":"Feature","properties":{"highway":"secondary"},"geometry":{"type":"LineString","coordinates":[[9.138177,53.897558],[9.138329,53.897607],[9.138625,53.89767],[9.138815,53.8977],[9.139046,53.897728],[9.139286,53.89775],[9.139592,53.897767],[9.139965,53.897779],[9.140513,53.897751]]}},{"type":"Feature","properties":{"highway":"residential"},"geometry":{"type":"LineString","coordinates":[[9.143773,53.896136],[9.143563,53.89611]]}},{"type":"Feature","properties":{"highway":"service"},"geometry":{"type":"LineString","coordinates":[[9.125718,53.887499],[9.125948,53.887521],[9.12638,53.887575],[9.126794,53.887626]]}},{"type":"Feature","properties":{"highway":"residential"},"geometry":{"type":"LineString","coordinates":[[9.1287,53.8902],[9.128634,53.889595]]}},{"type":"Feature","properties":{"highway":"residential"},"geometry":{"type":"LineString","coordinates":[[9.128188,53.889632],[9.128129,53.889346],[9.127989,53.889262]]}},{"type":"Feature","properties":{"highway":"residential"},"geometry":{"type":"LineString","coordinates":[[9.131433,53.898371],[9.131468,53.898498],[9.131565,53.898624],[9.131893,53.898924],[9.132202,53.899178],[9.132255,53.899216]]}},{"type":"Feature","properties":{"highway":"residential"},"geometry":{"type":"LineString","coordinates":[[9.122167,53.895979],[9.122489,53.896257],[9.122944,53.89663],[9.123116,53.896769],[9.123341,53.896967],[9.123803,53.89738],[9.124098,53.897645],[9.124221,53.8979],[9.124229,53.898405]]}},{"type":"Feature","properties":{"highway":"residential"},"geometry":{"type":"LineString","coordinates":[[9.119924,53.893428],[9.119891,53.893276],[9.119775,53.893035],[9.119701,53.892914],[9.119533,53.892748],[9.119382,53.892624],[9.119284,53.892553],[9.119065,53.892437],[9.118921,53.892374],[9.118738,53.892309],[9.118287,53.89221],[9.118243,53.892202],[9.11785,53.89213],[9.117176,53.892057],[9.116877,53.892033],[9.116177,53.892035],[9.1157,53.892076]]}},{"type":"Feature","properties":{"highway":"residential"},"geometry":{"type":"LineString","coordinates":[[9.115741,53.893469],[9.1157,53.8934]]}},{"type":"Feature","properties":{"highway":"residential"},"geometry":{"type":"LineString","coordinates":[[9.148537,53.903839],[9.147858,53.90424],[9.14753,53.904421]]}},{"type":"Feature","properties":{"highway":"service"},"geometry":{"type":"LineString","coordinates":[[9.164125,53.90934],[9.162773,53.910287],[9.16157,53.911176]]}},{"type":"Feature","properties":{"highway":"residential"},"geometry":{"type":"LineString","coordinates":[[9.13037,53.898725],[9.130556,53.898655],[9.130777,53.898569],[9.13103,53.89847],[9.131277,53.898373],[9.131371,53.898372],[9.131433,53.898371]]}},{"type":"Feature","properties":{"highway":"service"},"geometry":{"type":"LineString","coordinates":[[9.15749,53.908119],[9.1589,53.908843],[9.157785,53.909584]]}},{"type":"Feature","properties":{"highway":"residential"},"geometry":{"type":"LineString","coordinates":[[9.122167,53.895979],[9.121261,53.896321],[9.120993,53.896441],[9.120697,53.896608],[9.120546,53.896718],[9.120464,53.896824],[9.120428,53.896927],[9.120432,53.897035],[9.120494,53.897148],[9.120612,53.897271],[9.120797,53.897422],[9.121154,53.897716],[9.121496,53.898033],[9.121608,53.898138],[9.121716,53.898259],[9.121695,53.898371],[9.121667,53.898572],[9.121653,53.898675],[9.12151,53.899086],[9.121431,53.899187]]}},{"type":"Feature","properties":{"highway":"service"},"geometry":{"type":"LineString","coordinates":[[9.150354,53.909447],[9.151226,53.908716],[9.151613,53.908386],[9.151986,53.908068],[9.152078,53.907989],[9.152461,53.908149],[9.153328,53.90851],[9.153235,53.908591],[9.152476,53.909248],[9.152908,53.909425]]}},{"type":"Feature","properties":{"highway":"residential"},"geometry":{"type":"LineString","coordinates":[[9.148297,53.907822],[9.147883,53.907578],[9.147418,53.907316],[9.146876,53.907009]]}},{"type":"Feature","properties":{"highway":"residential"},"geometry":{"type":"LineString","coordinates":[[9.145894,53.905394],[9.145802,53.905411],[9.145095,53.905851],[9.144338,53.90624]]}},{"type":"Feature","properties":{"highway":"service"},"geometry":{"type":"LineString","coordinates":[[9.126209,53.899164],[9.125416,53.899512],[9.125209,53.8996]]}},{"type":"Feature","properties":{"highway":"service"},"geometry":{"type":"LineString","coordinates":[[9.159895,53.908129],[9.1589,53.908843],[9.160346,53.909605],[9.160148,53.909755],[9.16006,53.909793],[9.15975,53.91001],[9.159679,53.910079],[9.159406,53.910274]]}},{"type":"Feature","properties":{"highway":"residential"},"geometry":{"type":"LineString","coordinates":[[9.132923,53.89639],[9.131781,53.895447],[9.131209,53.894972],[9.130805,53.894637],[9.130337,53.89425]]}},{"type":"Feature","properties":{"highway":"residential"},"geometry":{"type":"LineString","coordinates":[[9.130776,53.899728],[9.130109,53.900018],[9.129882,53.900128],[9.129786,53.90013],[9.129695,53.900101],[9.128367,53.899086],[9.128244,53.898968],[9.128179,53.89884],[9.128187,53.898776],[9.12819,53.898752],[9.128236,53.898679],[9.128426,53.898546],[9.128655,53.898442],[9.128898,53.89835]]}},{"type":"Feature","properties":{"highway":"residential"},"geometry":{"type":"LineString","coordinates":[[9.119901,53.892062],[9.119284,53.892553]]}},{"type":"Feature","properties":{"highway":"service"},"geometry":{"type":"LineString","coordinates":[[9.154955,53.908388],[9.155907,53.907723],[9.156818,53.907087]]}},{"type":"Feature","properties":{"highway":"residential"},"geometry":{"type":"LineString","coordinates":[[9.128404,53.904971],[9.128211,53.904913],[9.12693,53.903829]]}},{"type":"Feature","properties":{"highway":"service"},"geometry":{"type":"LineString","coordinates":[[9.153206,53.906708],[9.15353,53.906572],[9.154405,53.906017],[9.15462,53.906117],[9.155556,53.9066],[9.156124,53.906868],[9.156354,53.90687],[9.156818,53.907087],[9.157113,53.907218]]}},{"type":"Feature","properties":{"highway":"residential"},"geometry":{"type":"LineString","coordinates":[[9.151201,53.905314],[9.150194,53.904749],[9.149706,53.904478],[9.14942,53.904316]]}},{"type":"Feature","properties":{"highway":"residential"},"geometry":{"type":"LineString","coordinates":[[9.143805,53.89853],[9.142705,53.899048],[9.141745,53.899464],[9.140503,53.899902]]}},{"type":"Feature","properties":{"highway":"service"},"geometry":{"type":"LineString","coordinates":[[9.165587,53.910081],[9.164125,53.90934],[9.162775,53.908643],[9.162556,53.908593],[9.162171,53.908565],[9.161998,53.908492],[9.161794,53.908376],[9.159689,53.90734],[9.15918,53.906981],[9.159496,53.906843]]}},{"type":"Feature","properties":{"highway":"residential"},"geometry":{"type":"LineString","coordinates":[[9.140265,53.902735],[9.140104,53.902671],[9.139502,53.902182]]}},{"type":"Feature","properties":{"highway":"service"},"geometry":{"type":"LineString","coordinates":[[9.161365,53.909512],[9.162773,53.910287],[9.164505,53.911114],[9.164686,53.911186],[9.165058,53.9113]]}},{"type":"Feature","properties":{"highway":"service"},"geometry":{"type":"LineString","coordinates":[[9.162517,53.908157],[9.162055,53.908431],[9.161998,53.908492],[9.161392,53.908872],[9.160346,53.909605]]}},{"type":"Feature","properties":{"highway":"residential"},"geometry":{"type":"LineString","coordinates":[[9.13076,53.903063],[9.130711,53.902932],[9.130365,53.902639],[9.13012,53.902538],[9.129708,53.902156]]}},{"type":"Feature","properties":{"highway":"residential"},"geometry":{"type":"LineString","coordinates":[[9.146209,53.907466],[9.145192,53.906815],[9.144338,53.90624],[9.143634,53.905649],[9.143331,53.905405]]}},{"type":"Feature","properties":{"highway":"residential"},"geometry":{"type":"LineString","coordinates":[[9.14915,53.907149],[9.148785,53.906903],[9.148348,53.906635],[9.147788,53.906305]]}},{"type":"Feature","properties":{"highway":"service"},"geometry":{"type":"LineString","coordinates":[[9.158046,53.907708],[9.157113,53.907218],[9.158456,53.906273]]}},{"type":"Feature","properties":{"highway":"residential"},"geometry":{"type":"LineString","coordinates":[[9.118545,53.89309],[9.118761,53.893193],[9.11884,53.893277],[9.118837,53.893424],[9.118812,53.893539],[9.11874,53.893581],[9.118489,53.893693],[9.118238,53.89379],[9.117953,53.893898],[9.11766,53.893973],[9.117276,53.894067],[9.116964,53.894092]]}},{"type":"Feature","properties":{"highway":"service"},"geometry":{"type":"LineString","coordinates":[[9.157135,53.910137],[9.155734,53.9113]]}},{"type":"Feature","properties":{"highway":"residential"},"geometry":{"type":"LineString","coordinates":[[9.11866,53.891519],[9.11851,53.891651],[9.118287,53.89221]]}},{"type":"Feature","properties":{"highway":"service"},"geometry":{"type":"LineString","coordinates":[[9.152078,53.907989],[9.150886,53.907489],[9.149986,53.908209],[9.149086,53.908935],[9.150354,53.909447],[9.151574,53.909923],[9.151914,53.909711]]}},{"type":"Feature","properties":{"highway":"residential"},"geometry":{"type":"LineString","coordinates":[[9.146623,53.8977],[9.146621,53.897779],[9.146613,53.897797],[9.146463,53.898123],[9.14638,53.898298],[9.146316,53.898434],[9.146211,53.89866]]}},{"type":"Feature","properties":{"highway":"service"},"geometry":{"type":"LineString","coordinates":[[9.149569,53.908036],[9.14975,53.908105],[9.149814,53.90813]]}},{"type":"Feature","properties":{"highway":"service"},"geometry":{"type":"LineString","coordinates":[[9.157123,53.9113],[9.158038,53.910512],[9.157473,53.910266],[9.157135,53.910137],[9.156567,53.909899]]}},{"type":"Feature","properties":{"highway":"service"},"geometry":{"type":"LineString","coordinates":[[9.15918,53.906981],[9.158466,53.907421],[9.158046,53.907708],[9.15749,53.908119],[9.157165,53.90833],[9.15628,53.908952]]}},{"type":"Feature","properties":{"highway":"residential"},"geometry":{"type":"LineString","coordinates":[[9.126393,53.898284],[9.126729,53.898538]]}},{"type":"Feature","properties":{"highway":"service"},"geometry":{"type":"LineString","coordinates":[[9.128365,53.901662],[9.128431,53.901708],[9.129176,53.902364]]}},{"type":"Feature","properties":{"highway":"service"},"geometry":{"type":"LineString","coordinates":[[9.160381,53.910688],[9.16157,53.911176],[9.161858,53.9113]]}},{"type":"Feature","properties":{"highway":"service"},"geometry":{"type":"LineString","coordinates":[[9.160049,53.9113],[9.159551,53.911093],[9.159303,53.9113]]}},{"type":"Feature","properties":{"highway":"residential"},"geometry":{"type":"LineString","coordinates":[[9.14145,53.902307],[9.140725,53.901637]]}},{"type":"Feature","properties":{"highway":"service"},"geometry":{"type":"LineString","coordinates":[[9.162556,53.908593],[9.161365,53.909512],[9.159947,53.910478]]}},{"type":"Feature","properties":{"highway":"residential"},"geometry":{"type":"LineString","coordinates":[[9.153175,53.904104],[9.15217,53.904728],[9.151201,53.905314],[9.150848,53.905513],[9.150359,53.905807]]}},{"type":"Feature","properties":{"highway":"residential"},"geometry":{"type":"LineString","coordinates":[[9.140489,53.901736],[9.139412,53.900814],[9.138349,53.899934],[9.137969,53.899599],[9.13782,53.899465],[9.137604,53.899273],[9.137246,53.89899]]}},{"type":"Feature","properties":{"highway":"residential"},"geometry":{"type":"LineString","coordinates":[[9.12911,53.894781],[9.129644,53.895238],[9.130033,53.895583],[9.130439,53.89594],[9.131344,53.896692]]}},{"type":"Feature","properties":{"highway":"residential"},"geometry":{"type":"LineString","coordinates":[[9.119389,53.895873],[9.119085,53.895809],[9.118757,53.895718],[9.118503,53.895617],[9.118331,53.895417]]}},{"type":"Feature","properties":{"highway":"residential"},"geometry":{"type":"LineString","coordinates":[[9.132007,53.902713],[9.132008,53.9026],[9.131498,53.902184],[9.131355,53.902134],[9.131269,53.90209],[9.130771,53.901695]]}},{"type":"Feature","properties":{"highway":"service"},"geometry":{"type":"LineString","coordinates":[[9.165207,53.910411],[9.16562,53.91061],[9.166179,53.9109],[9.166284,53.910902],[9.166366,53.910902],[9.167118,53.91041],[9.167134,53.910351],[9.167095,53.9103],[9.166098,53.909762]]}},{"type":"Feature","properties":{"highway":"service"},"geometry":{"type":"LineString","coordinates":[[9.157027,53.905588],[9.158456,53.906273],[9.159496,53.906843],[9.159784,53.906718],[9.162517,53.908157],[9.16319,53.908227],[9.166098,53.909762],[9.165587,53.910081],[9.165207,53.910411],[9.164867,53.910854],[9.164505,53.911114],[9.164233,53.9113]]}},{"type":"Feature","properties":{"highway":"residential"},"geometry":{"type":"LineString","coordinates":[[9.143773,53.896136],[9.144501,53.896041]]}},{"type":"Feature","properties":{"highway":"pedestrian"},"geometry":{"type":"LineString","coordinates":[[9.145863,53.89588],[9.146134,53.895877],[9.146289,53.895858],[9.146535,53.896002]]}},{"type":"Feature","properties":{"highway":"residential"},"geometry":{"type":"LineString","coordinates":[[9.147552,53.896691],[9.147527,53.896731],[9.147375,53.896947],[9.14728,53.897089]]}},{"type":"Feature","properties":{"highway":"residential"},"geometry":{"type":"LineString","coordinates":[[9.142885,53.895069],[9.141545,53.89541],[9.141206,53.895486],[9.140852,53.895559],[9.140638,53.895598],[9.140411,53.895635],[9.140139,53.895666],[9.139749,53.895713],[9.138934,53.895784],[9.138126,53.895862],[9.137092,53.895947]]}},{"type":"Feature","properties":{"highway":"residential"},"geometry":{"type":"LineString","coordinates":[[9.138759,53.894872],[9.137459,53.895519]]}},{"type":"Feature","properties":{"highway":"residential"},"geometry":{"type":"LineString","coordinates":[[9.139502,53.89495],[9.13945,53.894729],[9.139563,53.894568],[9.139791,53.894234],[9.139996,53.893921]]}},{"type":"Feature","properties":{"highway":"residential"},"geometry":{"type":"LineString","coordinates":[[9.140061,53.894888],[9.140547,53.894051]]}},{"type":"Feature","properties":{"highway":"residential"},"geometry":{"type":"LineString","coordinates":[[9.147685,53.90266],[9.148463,53.902665],[9.148788,53.902703],[9.148946,53.902746],[9.149281,53.902864],[9.149621,53.903035],[9.150416,53.903552]]}},{"type":"Feature","properties":{"highway":"residential"},"geometry":{"type":"LineString","coordinates":[[9.150147,53.902304],[9.150202,53.902371],[9.150018,53.902647],[9.149786,53.902923],[9.149621,53.903035]]}},{"type":"Feature","properties":{"highway":"residential"},"geometry":{"type":"LineString","coordinates":[[9.151166,53.902775],[9.150955,53.903117],[9.150475,53.903512],[9.150416,53.903552]]}},{"type":"Feature","properties":{"highway":"residential"},"geometry":{"type":"LineString","coordinates":[[9.145003,53.899578],[9.143805,53.89853],[9.142883,53.897772]]}},{"type":"Feature","properties":{"highway":"service"},"geometry":{"type":"LineString","coordinates":[[9.142056,53.896296],[9.141916,53.895872]]}},{"type":"Feature","properties":{"highway":"residential"},"geometry":{"type":"LineString","coordinates":[[9.138126,53.895862],[9.138281,53.896324],[9.138412,53.896726]]}},{"type":"Feature","properties":{"highway":"residential"},"geometry":{"type":"LineString","coordinates":[[9.138281,53.896324],[9.139014,53.896242],[9.139147,53.896641]]}},{"type":"Feature","properties":{"highway":"residential"},"geometry":{"type":"LineString","coordinates":[[9.138729,53.898379],[9.137246,53.89899]]}},{"type":"Feature","properties":{"highway":"residential"},"geometry":{"type":"LineString","coordinates":[[9.1157,53.899162],[9.116587,53.899312],[9.117657,53.899496]]}},{"type":"Feature","properties":{"highway":"residential"},"geometry":{"type":"LineString","coordinates":[[9.116268,53.89998],[9.116312,53.899879],[9.116587,53.899312]]}},{"type":"Feature","properties":{"highway":"residential"},"geometry":{"type":"LineString","coordinates":[[9.1157,53.896775],[9.115846,53.896886],[9.116524,53.897372]]}},{"type":"Feature","properties":{"highway":"residential"},"geometry":{"type":"LineString","coordinates":[[9.1157,53.896114],[9.115927,53.896018],[9.115998,53.896005],[9.116058,53.896026],[9.116374,53.896237],[9.116543,53.896355],[9.116618,53.896444],[9.116586,53.89653],[9.115846,53.896886]]}},{"type":"Feature","properties":{"highway":"residential"},"geometry":{"type":"LineString","coordinates":[[9.13495,53.895564],[9.133601,53.896122],[9.133025,53.896356],[9.132923,53.89639],[9.132599,53.896481],[9.132323,53.896597],[9.132086,53.896671],[9.13184,53.896724],[9.131736,53.896736],[9.131561,53.89674],[9.131344,53.896692],[9.129725,53.896538],[9.129411,53.896486],[9.129185,53.896388],[9.128956,53.896257],[9.128516,53.895946],[9.12815,53.895656],[9.127826,53.895373]]}},{"type":"Feature","properties":{"highway":"residential"},"geometry":{"type":"LineString","coordinates":[[9.136936,53.896887],[9.136059,53.896317],[9.13495,53.895564],[9.132816,53.894144],[9.13238,53.893854],[9.13234,53.893827],[9.132062,53.89364],[9.131916,53.893603]]}},{"type":"Feature","properties":{"highway":"residential"},"geometry":{"type":"LineString","coordinates":[[9.127377,53.895577],[9.127744,53.89541]]}},{"type":"Feature","properties":{"highway":"residential"},"geometry":{"type":"LineString","coordinates":[[9.127169,53.895701],[9.127014,53.895774],[9.126369,53.896019]]}},{"type":"Feature","properties":{"highway":"residential"},"geometry":{"type":"LineString","coordinates":[[9.134942,53.8971],[9.133601,53.896122],[9.133295,53.895761],[9.133054,53.895516],[9.131998,53.894641],[9.131209,53.894972]]}},{"type":"Feature","properties":{"highway":"residential"},"geometry":{"type":"LineString","coordinates":[[9.139412,53.900814],[9.139117,53.900933]]}},{"type":"Feature","properties":{"highway":"residential"},"geometry":{"type":"LineString","coordinates":[[9.139117,53.900933],[9.139112,53.900981],[9.138614,53.901177],[9.138566,53.901175],[9.138536,53.901155],[9.13852,53.901134],[9.138553,53.901099],[9.139053,53.900923],[9.139117,53.900933]]}},{"type":"Feature","properties":{"highway":"residential"},"geometry":{"type":"LineString","coordinates":[[9.143897,53.900103],[9.142705,53.899048]]}},{"type":"Feature","properties":{"highway":"residential"},"geometry":{"type":"LineString","coordinates":[[9.142883,53.897772],[9.142225,53.898177],[9.141993,53.8983],[9.141057,53.898784],[9.139847,53.899331]]}},{"type":"Feature","properties":{"highway":"residential"},"geometry":{"type":"LineString","coordinates":[[9.14004,53.896536],[9.140244,53.897011],[9.14034,53.897286],[9.14041,53.897486],[9.140513,53.897751]]}},{"type":"Feature","properties":{"highway":"residential"},"geometry":{"type":"LineString","coordinates":[[9.143995,53.902753],[9.143686,53.902552],[9.14346,53.902374],[9.142933,53.901908],[9.1426,53.901648],[9.141912,53.901065]]}},{"type":"Feature","properties":{"highway":"residential"},"geometry":{"type":"LineString","coordinates":[[9.147648,53.901585],[9.147148,53.901645],[9.146638,53.901742],[9.146394,53.901797],[9.146023,53.901901],[9.145769,53.901984],[9.14539,53.902123],[9.145051,53.902271],[9.144411,53.902551]]}},{"type":"Feature","properties":{"highway":"residential"},"geometry":{"type":"LineString","coordinates":[[9.150194,53.904749],[9.15117,53.904149],[9.152236,53.903545],[9.152301,53.90341],[9.1524,53.903281],[9.152354,53.903233],[9.152188,53.903139]]}},{"type":"Feature","properties":{"highway":"residential"},"geometry":{"type":"LineString","coordinates":[[9.153175,53.904104],[9.152812,53.903832],[9.152612,53.903717],[9.152236,53.903545]]}},{"type":"Feature","properties":{"highway":"service"},"geometry":{"type":"LineString","coordinates":[[9.159784,53.906718],[9.160201,53.906399],[9.160384,53.906276]]}},{"type":"Feature","properties":{"highway":"residential"},"geometry":{"type":"LineString","coordinates":[[9.116268,53.89998],[9.115707,53.899892],[9.1157,53.899888]]}},{"type":"Feature","properties":{"highway":"residential"},"geometry":{"type":"LineString","coordinates":[[9.1157,53.899793],[9.115769,53.899793],[9.116312,53.899879]]}},{"type":"Feature","properties":{"highway":"secondary"},"geometry":{"type":"LineString","coordinates":[[9.116564,53.894984],[9.116556,53.895012],[9.116536,53.895043],[9.116465,53.89509],[9.116395,53.895108],[9.116297,53.89511],[9.116225,53.895094],[9.116176,53.89507],[9.116134,53.895032],[9.116118,53.894969],[9.116138,53.894925],[9.116172,53.894895],[9.116232,53.894866],[9.116295,53.894853],[9.116372,53.894851],[9.116445,53.894866],[9.116497,53.894888],[9.11656,53.894949],[9.116564,53.894984]]}},{"type":"Feature","properties":{"highway":"residential"},"geometry":{"type":"LineString","coordinates":[[9.118936,53.899873],[9.119106,53.899691],[9.119243,53.899153],[9.11934,53.898869],[9.119405,53.898599],[9.119436,53.898439],[9.119401,53.898338],[9.119212,53.898145],[9.118984,53.898069],[9.118403,53.897959]]}},{"type":"Feature","properties":{"highway":"residential"},"geometry":{"type":"LineString","coordinates":[[9.116869,53.901836],[9.117659,53.90193],[9.117741,53.901932],[9.117824,53.901919]]}},{"type":"Feature","properties":{"highway":"residential"},"geometry":{"type":"LineString","coordinates":[[9.117824,53.901919],[9.117889,53.901877],[9.117934,53.901813],[9.118514,53.900676],[9.118555,53.90066],[9.118626,53.900646],[9.1187,53.900655],[9.118763,53.900674],[9.118834,53.900711],[9.118917,53.900746],[9.118999,53.900767],[9.119047,53.900767],[9.119103,53.900765],[9.119167,53.900743],[9.119242,53.900707],[9.119327,53.900681],[9.119376,53.900676],[9.119413,53.900683],[9.119491,53.90071],[9.11959,53.90077],[9.119749,53.900877],[9.119972,53.901057],[9.120102,53.901174],[9.120111,53.901205],[9.120102,53.901248],[9.120062,53.90128],[9.11999,53.901315],[9.119869,53.901376],[9.119779,53.901419],[9.11872,53.901947],[9.118429,53.902105],[9.118349,53.902135],[9.118284,53.902144],[9.118173,53.902141],[9.117986,53.902115],[9.117934,53.902077],[9.117889,53.902024],[9.117824,53.901919]]}},{"type":"Feature","properties":{"highway":"residential"},"geometry":{"type":"LineString","coordinates":[[9.127241,53.898069],[9.124762,53.895957]]}},{"type":"Feature","properties":{"highway":"residential"},"geometry":{"type":"LineString","coordinates":[[9.123341,53.896967],[9.124247,53.89658],[9.124445,53.896411],[9.124762,53.895957],[9.124891,53.895522]]}},{"type":"Feature","properties":{"highway":"residential"},"geometry":{"type":"LineString","coordinates":[[9.132608,53.906457],[9.132789,53.906377],[9.133318,53.906149],[9.134138,53.905802],[9.135582,53.905161],[9.13649,53.904759],[9.136744,53.904646]]}},{"type":"Feature","properties":{"highway":"residential"},"geometry":{"type":"LineString","coordinates":[[9.131991,53.905994],[9.130865,53.906461],[9.130627,53.906483],[9.130445,53.906453],[9.130219,53.906384],[9.129812,53.906086],[9.129567,53.905854],[9.129467,53.905645],[9.129613,53.905343],[9.129737,53.905254],[9.129882,53.905189],[9.130119,53.905087],[9.130207,53.905059],[9.13031,53.905032],[9.130575,53.905023],[9.130784,53.905057],[9.130982,53.905141],[9.131307,53.905439],[9.131492,53.905589],[9.131858,53.905887],[9.131991,53.905994]]}},{"type":"Feature","properties":{"highway":"residential"},"geometry":{"type":"LineString","coordinates":[[9.131991,53.905994],[9.132395,53.906274],[9.132608,53.906457]]}},{"type":"Feature","properties":{"highway":"residential"},"geometry":{"type":"LineString","coordinates":[[9.132523,53.9084],[9.133303,53.908067],[9.134158,53.907702]]}},{"type":"Feature","properties":{"highway":"residential"},"geometry":{"type":"LineString","coordinates":[[9.133442,53.905234],[9.134111,53.904955],[9.134469,53.904806],[9.134721,53.904664],[9.134754,53.904596],[9.134804,53.904492],[9.134755,53.904327],[9.134215,53.903857],[9.13376,53.903513],[9.133653,53.903461],[9.133501,53.903434],[9.133328,53.903427],[9.133159,53.903446],[9.13301,53.903494],[9.132736,53.903607],[9.132359,53.903768],[9.13215,53.903923],[9.132124,53.904069],[9.132143,53.904169],[9.132212,53.904253],[9.132304,53.90434],[9.132571,53.904564],[9.133442,53.905234]]}},{"type":"Feature","properties":{"highway":"residential"},"geometry":{"type":"LineString","coordinates":[[9.133442,53.905234],[9.133767,53.9055],[9.134138,53.905802]]}},{"type":"Feature","properties":{"highway":"residential"},"geometry":{"type":"LineString","coordinates":[[9.135425,53.906851],[9.136999,53.906175]]}},{"type":"Feature","properties":{"highway":"residential"},"geometry":{"type":"LineString","coordinates":[[9.132571,53.904564],[9.133433,53.904193],[9.134215,53.903857]]}},{"type":"Feature","properties":{"highway":"service"},"geometry":{"type":"LineString","coordinates":[[9.131158,53.904278],[9.131239,53.904405],[9.131348,53.904508],[9.131485,53.90456],[9.131649,53.904578],[9.131797,53.904545],[9.132304,53.90434]]}},{"type":"Feature","properties":{"highway":"residential"},"geometry":{"type":"LineString","coordinates":[[9.131307,53.905439],[9.129812,53.906086]]}},{"type":"Feature","properties":{"highway":"residential"},"geometry":{"type":"LineString","coordinates":[[9.139496,53.907107],[9.139375,53.907158],[9.138131,53.907694],[9.137448,53.907978],[9.136571,53.908361],[9.136496,53.908394],[9.136225,53.908512],[9.136088,53.908571],[9.134793,53.909132],[9.133522,53.909664],[9.133126,53.909799],[9.132642,53.909896],[9.132168,53.909948]]}},{"type":"Feature","properties":{"highway":"residential"},"geometry":{"type":"LineString","coordinates":[[9.134793,53.909132],[9.134949,53.909259],[9.135694,53.909862],[9.13626,53.910255],[9.136375,53.91034],[9.137005,53.910776],[9.137076,53.910826],[9.138018,53.911296],[9.138029,53.9113]]}},{"type":"Feature","properties":{"highway":"residential"},"geometry":{"type":"LineString","coordinates":[[9.137448,53.907978],[9.137938,53.908388],[9.138907,53.909186],[9.139235,53.909457],[9.139845,53.909959],[9.140007,53.910092],[9.140189,53.910242],[9.140538,53.91053],[9.14063,53.910606],[9.140966,53.91078],[9.141389,53.910961],[9.141496,53.91099],[9.141784,53.911066],[9.142244,53.911173],[9.142306,53.911188]]}},{"type":"Feature","properties":{"highway":"living_street"},"geometry":{"type":"LineString","coordinates":[[9.137076,53.910826],[9.136357,53.9113]]}},{"type":"Feature","properties":{"highway":"living_street"},"geometry":{"type":"LineString","coordinates":[[9.136375,53.91034],[9.134866,53.911002],[9.134578,53.910907],[9.134527,53.910868],[9.134481,53.910824],[9.134021,53.910338]]}},{"type":"Feature","properties":{"highway":"living_street"},"geometry":{"type":"LineString","coordinates":[[9.138018,53.911296],[9.138014,53.9113]]}},{"type":"Feature","properties":{"highway":"tertiary"},"geometry":{"type":"LineString","coordinates":[[9.144855,53.897657],[9.145111,53.897857],[9.146211,53.89866]]}},{"type":"Feature","properties":{"highway":"tertiary"},"geometry":{"type":"LineString","coordinates":[[9.165982,53.895795],[9.166216,53.895813],[9.167003,53.895874]]}},{"type":"Feature","properties":{"highway":"residential"},"geometry":{"type":"LineString","coordinates":[[9.143013,53.9054],[9.14318,53.905314],[9.143331,53.905405],[9.143449,53.905339],[9.145427,53.904137],[9.145819,53.903886]]}},{"type":"Feature","properties":{"highway":"residential"},"geometry":{"type":"LineString","coordinates":[[9.145819,53.903886],[9.147131,53.904647],[9.14767,53.90496],[9.147952,53.905124],[9.147973,53.905136],[9.148591,53.905494],[9.14875,53.905587]]}},{"type":"Feature","properties":{"highway":"residential"},"geometry":{"type":"LineString","coordinates":[[9.149169,53.905164],[9.148717,53.904905],[9.148521,53.904888],[9.148353,53.904868],[9.14753,53.904421]]}},{"type":"Feature","properties":{"highway":"residential"},"geometry":{"type":"LineString","coordinates":[[9.143995,53.902753],[9.144818,53.903325],[9.145054,53.903469],[9.145819,53.903886]]}},{"type":"Feature","properties":{"highway":"residential"},"geometry":{"type":"LineString","coordinates":[[9.148591,53.905494],[9.149169,53.905164]]}},{"type":"Feature","properties":{"highway":"residential"},"geometry":{"type":"LineString","coordinates":[[9.147131,53.904647],[9.145894,53.905394]]}},{"type":"Feature","properties":{"highway":"residential"},"geometry":{"type":"LineString","coordinates":[[9.145894,53.905394],[9.146089,53.905491],[9.146259,53.905591],[9.146689,53.90588],[9.146706,53.905907],[9.147618,53.90643]]}},{"type":"Feature","properties":{"highway":"residential"},"geometry":{"type":"LineString","coordinates":[[9.146706,53.905907],[9.145192,53.906815]]}},{"type":"Feature","properties":{"highway":"residential"},"geometry":{"type":"LineString","coordinates":[[9.142037,53.894214],[9.141778,53.894302],[9.141458,53.89438],[9.141146,53.894441]]}},{"type":"Feature","properties":{"highway":"residential"},"geometry":{"type":"LineString","coordinates":[[9.141146,53.894441],[9.141023,53.894649],[9.140849,53.894757],[9.140544,53.89482],[9.140061,53.894888],[9.139502,53.89495],[9.139282,53.894974],[9.139035,53.894974],[9.138917,53.894951],[9.138759,53.894872],[9.138235,53.894522],[9.13781,53.894239],[9.137719,53.894169],[9.137547,53.89404],[9.137496,53.893944],[9.137601,53.893881],[9.13774,53.893834],[9.138339,53.893775],[9.138987,53.893766],[9.139447,53.893815],[9.139996,53.893921],[9.140547,53.894051],[9.140823,53.894117],[9.140989,53.894209],[9.141146,53.894441]]}},{"type":"Feature","properties":{"highway":"residential"},"geometry":{"type":"LineString","coordinates":[[9.11983,53.894943],[9.119389,53.895873],[9.119048,53.896545],[9.118935,53.896644]]}},{"type":"Feature","properties":{"highway":"track"},"geometry":{"type":"LineString","coordinates":[[9.121163,53.891185],[9.120114,53.890247],[9.119842,53.889888],[9.119643,53.889542],[9.119555,53.889357],[9.119664,53.889306]]}},{"type":"Feature","properties":{"highway":"service"},"geometry":{"type":"LineString","coordinates":[[9.144501,53.896041],[9.144543,53.896114],[9.144576,53.896173],[9.144646,53.896326],[9.144712,53.89645]]}},{"type":"Feature","properties":{"highway":"service"},"geometry":{"type":"LineString","coordinates":[[9.144576,53.896173],[9.144959,53.896113],[9.145018,53.896152],[9.145063,53.896253],[9.145092,53.896323],[9.144712,53.89645]]}},{"type":"Feature","properties":{"highway":"service"},"geometry":{"type":"LineString","coordinates":[[9.144646,53.896326],[9.145063,53.896253]]}},{"type":"Feature","properties":{"highway":"residential"},"geometry":{"type":"LineString","coordinates":[[9.146623,53.8977],[9.146564,53.897642]]}},{"type":"Feature","properties":{"highway":"service"},"geometry":{"type":"LineString","coordinates":[[9.147301,53.896622],[9.147527,53.896731]]}},{"type":"Feature","properties":{"highway":"service"},"geometry":{"type":"LineString","coordinates":[[9.172875,53.910288],[9.172915,53.910223]]}},{"type":"Feature","properties":{"highway":"service"},"geometry":{"type":"LineString","coordinates":[[9.174567,53.9113],[9.174561,53.911279],[9.174465,53.911173],[9.173133,53.910431],[9.172875,53.910288],[9.172001,53.909828],[9.170012,53.90862],[9.169841,53.908519]]}},{"type":"Feature","properties":{"highway":"service"},"geometry":{"type":"LineString","coordinates":[[9.168966,53.910326],[9.169106,53.910238]]}},{"type":"Feature","properties":{"highway":"service"},"geometry":{"type":"LineString","coordinates":[[9.165996,53.908698],[9.166119,53.908611]]}},{"type":"Feature","properties":{"highway":"service"},"geometry":{"type":"LineString","coordinates":[[9.170782,53.9113],[9.170727,53.911268],[9.168966,53.910326],[9.167286,53.9094],[9.16684,53.909158],[9.166391,53.908924],[9.165996,53.908698],[9.165581,53.908475],[9.165464,53.908467],[9.165198,53.908603]]}},{"type":"Feature","properties":{"highway":"service"},"geometry":{"type":"LineString","coordinates":[[9.150778,53.900714],[9.151565,53.90116],[9.153654,53.902237],[9.153704,53.902344],[9.153776,53.902496]]}},{"type":"Feature","properties":{"highway":"service"},"geometry":{"type":"LineString","coordinates":[[9.167286,53.9094],[9.167407,53.909325]]}},{"type":"Feature","properties":{"highway":"service"},"geometry":{"type":"LineString","coordinates":[[9.150393,53.900991],[9.150507,53.900905],[9.150374,53.900777],[9.149797,53.900481],[9.149314,53.900225],[9.149109,53.900102],[9.149019,53.89996],[9.148993,53.899912],[9.148758,53.899796],[9.148269,53.899535],[9.147997,53.899701]]}},{"type":"Feature","properties":{"highway":"service"},"geometry":{"type":"LineString","coordinates":[[9.17082,53.890007],[9.170714,53.889999],[9.170522,53.889984]]}},{"type":"Feature","properties":{"highway":"service"},"geometry":{"type":"LineString","coordinates":[[9.172799,53.902437],[9.172847,53.902137],[9.172921,53.901631],[9.17306,53.900716],[9.173189,53.899826],[9.173329,53.898893],[9.173431,53.898691],[9.173584,53.898515],[9.17372,53.898438],[9.17391,53.898406],[9.1767,53.898442]]}},{"type":"Feature","properties":{"highway":"service"},"geometry":{"type":"LineString","coordinates":[[9.172752,53.904563],[9.172941,53.90449],[9.173588,53.904465],[9.173822,53.90444]]}},{"type":"Feature","properties":{"highway":"service"},"geometry":{"type":"LineString","coordinates":[[9.173822,53.90444],[9.174027,53.904455],[9.174076,53.904454],[9.1741,53.904452],[9.174251,53.904427],[9.174373,53.904355],[9.174408,53.904283],[9.174423,53.904166],[9.174434,53.903455],[9.174433,53.90317],[9.174464,53.902633],[9.17449,53.902504],[9.174467,53.902383],[9.1745,53.901214],[9.174543,53.900319],[9.174538,53.900194],[9.174461,53.900082],[9.174312,53.900017],[9.174183,53.90001],[9.174022,53.900057],[9.17393,53.900197],[9.173723,53.901017],[9.17343,53.902174],[9.173415,53.902389],[9.173591,53.902538],[9.173652,53.903061],[9.17377,53.904001],[9.173822,53.90444]]}},{"type":"Feature","properties":{"highway":"service"},"geometry":{"type":"LineString","coordinates":[[9.17449,53.902504],[9.175062,53.902513],[9.175517,53.902516],[9.1767,53.902533]]}},{"type":"Feature","properties":{"highway":"service"},"geometry":{"type":"LineString","coordinates":[[9.173415,53.902389],[9.173302,53.902424],[9.173085,53.902444],[9.172799,53.902437],[9.172636,53.902442],[9.17248,53.902469]]}},{"type":"Feature","properties":{"highway":"service"},"geometry":{"type":"LineString","coordinates":[[9.173189,53.899826],[9.173246,53.899901],[9.173325,53.899954],[9.173468,53.899979],[9.173746,53.900013],[9.173871,53.900062],[9.173921,53.900114],[9.17393,53.900197]]}},{"type":"Feature","properties":{"highway":"service"},"geometry":{"type":"LineString","coordinates":[[9.159007,53.905564],[9.159158,53.905474],[9.160064,53.904829]]}},{"type":"Feature","properties":{"highway":"tertiary"},"geometry":{"type":"LineString","coordinates":[[9.155408,53.903857],[9.155632,53.903874],[9.155688,53.90388],[9.155769,53.90389],[9.155937,53.903928],[9.155984,53.903948]]}},{"type":"Feature","properties":{"highway":"residential"},"geometry":{"type":"LineString","coordinates":[[9.150823,53.906786],[9.150306,53.906487],[9.150244,53.906451],[9.149763,53.906173],[9.149736,53.906157],[9.149302,53.905906],[9.14875,53.905587]]}},{"type":"Feature","properties":{"highway":"residential"},"geometry":{"type":"LineString","coordinates":[[9.14875,53.905587],[9.148245,53.90594],[9.147788,53.906305],[9.147618,53.90643],[9.146876,53.907009],[9.146209,53.907466],[9.145976,53.907671]]}},{"type":"Feature","properties":{"highway":"residential"},"geometry":{"type":"LineString","coordinates":[[9.145976,53.907671],[9.147919,53.908808]]}},{"type":"Feature","properties":{"highway":"tertiary"},"geometry":{"type":"LineString","coordinates":[[9.15539,53.903922],[9.155325,53.904034],[9.155273,53.90408],[9.155183,53.904159],[9.154942,53.904323],[9.15102,53.906896]]}},{"type":"Feature","properties":{"highway":"tertiary"},"geometry":{"type":"LineString","coordinates":[[9.146655,53.910393],[9.146607,53.910473],[9.146539,53.910625],[9.146512,53.91073],[9.146514,53.910887],[9.146533,53.9113]]}},{"type":"Feature","properties":{"highway":"service"},"geometry":{"type":"LineString","coordinates":[[9.143013,53.9054],[9.142795,53.905528],[9.142528,53.905693]]}},{"type":"Feature","properties":{"highway":"residential"},"geometry":{"type":"LineString","coordinates":[[9.129018,53.902976],[9.129096,53.903008],[9.129839,53.903647],[9.129913,53.903707]]}},{"type":"Feature","properties":{"highway":"service"},"geometry":{"type":"LineString","coordinates":[[9.130853,53.889435],[9.130598,53.889376],[9.130026,53.889549],[9.129665,53.88957],[9.129309,53.889562],[9.129154,53.889558]]}},{"type":"Feature","properties":{"highway":"service"},"geometry":{"type":"LineString","coordinates":[[9.14785,53.89122],[9.14788,53.891187],[9.148146,53.891019],[9.148416,53.890957]]}},{"type":"Feature","properties":{"highway":"residential"},"geometry":{"type":"LineString","coordinates":[[9.128845,53.890185],[9.128946,53.890514],[9.128953,53.890747],[9.12896,53.890956],[9.128955,53.891275],[9.128949,53.891516],[9.128948,53.891765],[9.128952,53.892018],[9.12894,53.892658]]}},{"type":"Feature","properties":{"highway":"service"},"geometry":{"type":"LineString","coordinates":[[9.144072,53.888765],[9.144172,53.888836],[9.14518,53.889549],[9.145754,53.889969],[9.146453,53.890592],[9.146568,53.890665],[9.146765,53.890743],[9.147507,53.891173],[9.14762,53.891162]]}},{"type":"Feature","properties":{"highway":"service"},"geometry":{"type":"LineString","coordinates":[[9.124019,53.893596],[9.124509,53.894017],[9.125048,53.894496],[9.125272,53.894658],[9.125309,53.8947],[9.125505,53.894861]]}},{"type":"Feature","properties":{"highway":"residential"},"geometry":{"type":"LineString","coordinates":[[9.128919,53.89424],[9.128946,53.894262],[9.129055,53.894334],[9.129174,53.894411],[9.129222,53.894492],[9.129235,53.894556],[9.129159,53.894621],[9.129031,53.894679],[9.128788,53.894789],[9.128315,53.894995],[9.128091,53.895101],[9.127902,53.895167]]}},{"type":"Feature","properties":{"highway":"secondary"},"geometry":{"type":"LineString","coordinates":[[9.130152,53.90751],[9.129785,53.907192],[9.129363,53.906867],[9.127825,53.905796]]}},{"type":"Feature","properties":{"highway":"residential"},"geometry":{"type":"LineString","coordinates":[[9.146023,53.901901],[9.145862,53.901678],[9.145701,53.901499],[9.145538,53.901405],[9.145339,53.901398],[9.145063,53.901518],[9.144829,53.901623],[9.144695,53.901631]]}},{"type":"Feature","properties":{"highway":"residential"},"geometry":{"type":"LineString","coordinates":[[9.144885,53.89964],[9.14504,53.899764],[9.145463,53.90012],[9.145673,53.900297]]}},{"type":"Feature","properties":{"highway":"residential"},"geometry":{"type":"LineString","coordinates":[[9.144411,53.902551],[9.145201,53.903156],[9.144818,53.903325]]}},{"type":"Feature","properties":{"highway":"service"},"geometry":{"type":"LineString","coordinates":[[9.132773,53.899584],[9.132969,53.899527]]}},{"type":"Feature","properties":{"highway":"service"},"geometry":{"type":"LineString","coordinates":[[9.170738,53.896069],[9.170713,53.896184],[9.170424,53.897919],[9.170431,53.898158],[9.170529,53.898321],[9.170702,53.898455],[9.170977,53.898562],[9.171267,53.898603],[9.172168,53.898678],[9.172494,53.898764],[9.172718,53.898919],[9.172838,53.899105],[9.172838,53.899202],[9.172839,53.899398],[9.172524,53.901538],[9.172485,53.902367]]}},{"type":"Feature","properties":{"highway":"service"},"geometry":{"type":"LineString","coordinates":[[9.149814,53.90813],[9.149986,53.908209],[9.151226,53.908716],[9.151546,53.908853],[9.152476,53.909248],[9.151914,53.909711],[9.154493,53.910795],[9.15457,53.910885],[9.154485,53.911298],[9.154483,53.9113]]}},{"type":"Feature","properties":{"highway":"residential"},"geometry":{"type":"LineString","coordinates":[[9.148788,53.902703],[9.148969,53.902193],[9.148931,53.901809]]}},{"type":"Feature","properties":{"highway":"residential"},"geometry":{"type":"LineString","coordinates":[[9.127169,53.895701],[9.127652,53.895947],[9.128992,53.896749],[9.129778,53.897114]]}},{"type":"Feature","properties":{"highway":"service"},"geometry":{"type":"LineString","coordinates":[[9.156134,53.895617],[9.155765,53.895775],[9.155627,53.895835],[9.155119,53.896059]]}},{"type":"Feature","properties":{"highway":"residential"},"geometry":{"type":"LineString","coordinates":[[9.152168,53.901923],[9.15186,53.902124],[9.151813,53.902154],[9.151781,53.902167],[9.151729,53.902154],[9.150935,53.901744],[9.149967,53.901227],[9.149856,53.901168]]}},{"type":"Feature","properties":{"highway":"service"},"geometry":{"type":"LineString","coordinates":[[9.12307,53.900946],[9.121747,53.901499],[9.121682,53.901526]]}},{"type":"Feature","properties":{"highway":"residential"},"geometry":{"type":"LineString","coordinates":[[9.122362,53.900352],[9.122443,53.900319],[9.123446,53.899909],[9.123573,53.899858],[9.123937,53.899709],[9.124363,53.899535]]}},{"type":"Feature","properties":{"highway":"residential"},"geometry":{"type":"LineString","coordinates":[[9.126729,53.898538],[9.127028,53.898786],[9.127227,53.898931],[9.12745,53.899094],[9.128149,53.899605],[9.128234,53.899754],[9.128154,53.899861],[9.127957,53.899946]]}},{"type":"Feature","properties":{"highway":"service"},"geometry":{"type":"LineString","coordinates":[[9.127028,53.898786],[9.127181,53.898716],[9.127608,53.898519],[9.127518,53.898441],[9.127374,53.898318],[9.127244,53.898207],[9.127119,53.898101]]}},{"type":"Feature","properties":{"highway":"pedestrian"},"geometry":{"type":"LineString","coordinates":[[9.123593,53.900588],[9.123785,53.900509],[9.124549,53.900176]]}},{"type":"Feature","properties":{"highway":"pedestrian"},"geometry":{"type":"LineString","coordinates":[[9.125673,53.899726],[9.126109,53.899551],[9.126479,53.899403]]}},{"type":"Feature","properties":{"highway":"residential"},"geometry":{"type":"LineString","coordinates":[[9.129778,53.897114],[9.130382,53.896951],[9.130769,53.897287],[9.130874,53.897406],[9.130994,53.897583]]}},{"type":"Feature","properties":{"highway":"secondary"},"geometry":{"type":"LineString","coordinates":[[9.146623,53.8977],[9.145737,53.897701]]}},{"type":"Feature","properties":{"highway":"residential"},"geometry":{"type":"LineString","coordinates":[[9.145295,53.896209],[9.146317,53.897398],[9.146327,53.89741],[9.146449,53.897511]]}},{"type":"Feature","properties":{"highway":"residential"},"geometry":{"type":"LineString","coordinates":[[9.130932,53.893974],[9.130736,53.893816],[9.130558,53.89379],[9.130315,53.893747],[9.130122,53.8937],[9.129967,53.893605],[9.129593,53.893276],[9.129432,53.893125],[9.129098,53.892797],[9.12894,53.892658],[9.128597,53.892337],[9.128163,53.891983],[9.128042,53.891893],[9.127925,53.891769],[9.127628,53.891527],[9.127538,53.891429],[9.127401,53.891294],[9.127153,53.891046],[9.127033,53.890963],[9.126936,53.890871],[9.126867,53.890796],[9.126838,53.890723],[9.126863,53.890546],[9.126937,53.89045],[9.127012,53.89041],[9.127257,53.890309],[9.127655,53.890274],[9.1287,53.8902]]}},{"type":"Feature","properties":{"highway":"residential"},"geometry":{"type":"LineString","coordinates":[[9.140192,53.893211],[9.140175,53.893219],[9.140118,53.893247],[9.140054,53.893307],[9.140139,53.893394],[9.140344,53.893457],[9.140721,53.893532]]}},{"type":"Feature","properties":{"highway":"service"},"geometry":{"type":"LineString","coordinates":[[9.140175,53.893219],[9.140149,53.893203],[9.140115,53.893181],[9.139779,53.893022],[9.138819,53.892518],[9.137388,53.891773],[9.136586,53.891345],[9.135828,53.890964],[9.135663,53.890876],[9.135093,53.890573],[9.134849,53.890465],[9.133667,53.890158],[9.132958,53.889975],[9.13287,53.889952],[9.132299,53.889799],[9.131948,53.8897],[9.131643,53.889622],[9.131006,53.889467],[9.130853,53.889435]]}},{"type":"Feature","properties":{"highway":"residential"},"geometry":{"type":"LineString","coordinates":[[9.140261,53.893245],[9.140192,53.893211]]}},{"type":"Feature","properties":{"highway":"service"},"geometry":{"type":"LineString","coordinates":[[9.165949,53.899573],[9.16606,53.899573],[9.166189,53.899573],[9.16634,53.899568],[9.166515,53.899573]]}},{"type":"Feature","properties":{"highway":"service"},"geometry":{"type":"LineString","coordinates":[[9.164775,53.892557],[9.164781,53.892084]]}},{"type":"Feature","properties":{"highway":"service"},"geometry":{"type":"LineString","coordinates":[[9.1767,53.890042],[9.17437,53.890027],[9.17423,53.889975]]}},{"type":"Feature","properties":{"highway":"residential"},"geometry":{"type":"LineString","coordinates":[[9.130426,53.897653],[9.129778,53.897114]]}},{"type":"Feature","properties":{"highway":"residential"},"geometry":{"type":"LineString","coordinates":[[9.126729,53.898538],[9.125895,53.898885],[9.125181,53.899186],[9.125076,53.899229],[9.124905,53.899302],[9.124363,53.899535]]}},{"type":"Feature","properties":{"highway":"residential"},"geometry":{"type":"LineString","coordinates":[[9.132348,53.901047],[9.132275,53.901075],[9.131524,53.901364],[9.130771,53.901695],[9.129708,53.902156],[9.129445,53.902256],[9.129176,53.902364],[9.129145,53.90241],[9.129079,53.902662],[9.129018,53.902976],[9.128814,53.903071],[9.127965,53.903415],[9.12693,53.903829]]}},{"type":"Feature","properties":{"highway":"residential"},"geometry":{"type":"LineString","coordinates":[[9.1157,53.897485],[9.115876,53.89762],[9.11593,53.897643],[9.116005,53.897624],[9.11616,53.897549],[9.116524,53.897372],[9.117047,53.897115],[9.117229,53.897037],[9.117355,53.897114],[9.117586,53.897274],[9.117696,53.897341]]}},{"type":"Feature","properties":{"highway":"residential"},"geometry":{"type":"LineString","coordinates":[[9.117263,53.89761],[9.117695,53.897398],[9.117696,53.897341],[9.117899,53.897247],[9.118263,53.897088],[9.11841,53.897036],[9.118502,53.897033],[9.11882,53.897083]]}},{"type":"Feature","properties":{"highway":"residential"},"geometry":{"type":"LineString","coordinates":[[9.134138,53.905802],[9.134545,53.906129],[9.134766,53.906305]]}},{"type":"Feature","properties":{"highway":"residential"},"geometry":{"type":"LineString","coordinates":[[9.134766,53.906305],[9.134797,53.906331],[9.135094,53.906577],[9.13527,53.906723],[9.135298,53.906746],[9.135425,53.906851],[9.135564,53.906957],[9.135759,53.907113],[9.135799,53.907135],[9.135956,53.907191],[9.136071,53.907212],[9.136085,53.907215],[9.136159,53.907217],[9.136235,53.907219],[9.136378,53.907207],[9.136508,53.907175],[9.137216,53.906874],[9.137306,53.906811],[9.137347,53.906751],[9.137387,53.906672],[9.137403,53.906603],[9.137387,53.906551],[9.137349,53.906465],[9.136999,53.906175],[9.136858,53.90605],[9.136681,53.905912],[9.136575,53.905845],[9.136475,53.905808],[9.136347,53.905794],[9.136193,53.905785],[9.136075,53.905783],[9.135955,53.90581],[9.134766,53.906305]]}},{"type":"Feature","properties":{"highway":"residential"},"geometry":{"type":"LineString","coordinates":[[9.132608,53.906457],[9.13271,53.906538],[9.132806,53.906615],[9.133308,53.907009]]}},{"type":"Feature","properties":{"highway":"residential"},"geometry":{"type":"LineString","coordinates":[[9.133308,53.907009],[9.134084,53.90764],[9.134158,53.907702],[9.134407,53.907898],[9.134505,53.907971],[9.134559,53.908065],[9.134564,53.908139],[9.134553,53.908227],[9.134504,53.908309],[9.134412,53.908394],[9.134256,53.908468],[9.133673,53.908717],[9.133502,53.908762],[9.133339,53.908781],[9.133195,53.908774],[9.133051,53.908738],[9.132923,53.908691],[9.132833,53.908638],[9.132666,53.90851],[9.132523,53.9084],[9.132019,53.907989],[9.131965,53.907938],[9.13194,53.90789],[9.131911,53.907791],[9.131925,53.907721],[9.131956,53.907671],[9.131995,53.907613],[9.132055,53.907556],[9.13234,53.907412],[9.13261,53.907301],[9.133308,53.907009]]}},{"type":"Feature","properties":{"highway":"residential"},"geometry":{"type":"LineString","coordinates":[[9.134564,53.908139],[9.134907,53.908173],[9.135378,53.907975]]}},{"type":"Feature","properties":{"highway":"residential"},"geometry":{"type":"LineString","coordinates":[[9.150416,53.903552],[9.149939,53.903966],[9.14942,53.904316]]}},{"type":"Feature","properties":{"highway":"service"},"geometry":{"type":"LineString","coordinates":[[9.115778,53.890653],[9.115818,53.890704]]}},{"type":"Feature","properties":{"highway":"pedestrian"},"geometry":{"type":"LineString","coordinates":[[9.123456,53.898347],[9.123414,53.89865],[9.123605,53.898698],[9.123513,53.89914]]}},{"type":"Feature","properties":{"highway":"pedestrian"},"geometry":{"type":"LineString","coordinates":[[9.123456,53.898347],[9.123455,53.898301],[9.123453,53.89813],[9.123529,53.89768],[9.123312,53.897579],[9.122601,53.897549],[9.122457,53.897415],[9.121597,53.896612],[9.121424,53.896449],[9.121261,53.896321]]}},{"type":"Feature","properties":{"highway":"service"},"geometry":{"type":"LineString","coordinates":[[9.133042,53.897364],[9.133009,53.897322],[9.132795,53.89712],[9.132777,53.897097],[9.132664,53.896954],[9.132579,53.896862],[9.13243,53.896699],[9.132323,53.896597]]}},{"type":"Feature","properties":{"highway":"service"},"geometry":{"type":"LineString","coordinates":[[9.120464,53.896824],[9.119305,53.896614],[9.119048,53.896545]]}},{"type":"Feature","properties":{"highway":"service"},"geometry":{"type":"LineString","coordinates":[[9.130795,53.893391],[9.130812,53.893119],[9.130818,53.89305],[9.131007,53.893003],[9.131163,53.892961],[9.131296,53.89293],[9.131325,53.892922]]}},{"type":"Feature","properties":{"highway":"residential"},"geometry":{"type":"LineString","coordinates":[[9.137092,53.895947],[9.137062,53.895809],[9.137009,53.89557],[9.136939,53.895437],[9.136791,53.895258],[9.136551,53.895092],[9.136099,53.894784],[9.135877,53.89464],[9.135795,53.894582],[9.13573,53.894479],[9.135749,53.894399],[9.135991,53.894275],[9.136478,53.894081],[9.136745,53.894014],[9.137137,53.893915],[9.137318,53.893906],[9.137496,53.893944]]}},{"type":"Feature","properties":{"highway":"living_street"},"geometry":{"type":"LineString","coordinates":[[9.130558,53.89379],[9.130592,53.893722],[9.130701,53.893519],[9.130745,53.893445],[9.130795,53.893391],[9.131038,53.893293],[9.131174,53.893252],[9.131265,53.893306],[9.131341,53.893358]]}},{"type":"Feature","properties":{"highway":"service"},"geometry":{"type":"LineString","coordinates":[[9.126863,53.890546],[9.126723,53.890493],[9.126629,53.890462],[9.126562,53.890449],[9.126363,53.890526],[9.125831,53.890722]]}},{"type":"Feature","properties":{"highway":"service"},"geometry":{"type":"LineString","coordinates":[[9.132055,53.907556],[9.131683,53.907265],[9.131191,53.907464],[9.131327,53.907571]]}},{"type":"Feature","properties":{"highway":"residential"},"geometry":{"type":"LineString","coordinates":[[9.127965,53.903415],[9.128454,53.903832],[9.128884,53.904234],[9.128888,53.904347]]}},{"type":"Feature","properties":{"highway":"residential"},"geometry":{"type":"LineString","coordinates":[[9.134407,53.907898],[9.135014,53.907637]]}},{"type":"Feature","properties":{"highway":"service"},"geometry":{"type":"LineString","coordinates":[[9.13626,53.910255],[9.136966,53.90995]]}},{"type":"Feature","properties":{"highway":"service"},"geometry":{"type":"LineString","coordinates":[[9.137005,53.910776],[9.137608,53.910547]]}},{"type":"Feature","properties":{"highway":"residential"},"geometry":{"type":"LineString","coordinates":[[9.134,53.902411],[9.134078,53.902471],[9.135248,53.903433],[9.13615,53.90416],[9.136581,53.904505],[9.136744,53.904646],[9.13688,53.904775],[9.137191,53.90507],[9.137671,53.905438],[9.138155,53.905623],[9.13824,53.905655],[9.138617,53.905817],[9.13871,53.905871],[9.139014,53.906049],[9.139316,53.906248],[9.139579,53.906469]]}},{"type":"Feature","properties":{"highway":"unclassified"},"geometry":{"type":"LineString","coordinates":[[9.133821,53.902262],[9.134,53.902411]]}},{"type":"Feature","properties":{"highway":"secondary"},"geometry":{"type":"LineString","coordinates":[[9.131739,53.897507],[9.13244,53.897435]]}},{"type":"Feature","properties":{"highway":"secondary"},"geometry":{"type":"LineString","coordinates":[[9.127825,53.905796],[9.127603,53.905639]]}},{"type":"Feature","properties":{"highway":"secondary"},"geometry":{"type":"LineString","coordinates":[[9.127603,53.905639],[9.123138,53.902535]]}},{"type":"Feature","properties":{"highway":"residential"},"geometry":{"type":"LineString","coordinates":[[9.123425,53.906707],[9.12338,53.90664],[9.123318,53.906587]]}},{"type":"Feature","properties":{"highway":"residential"},"geometry":{"type":"LineString","coordinates":[[9.116856,53.902748],[9.1167,53.902637],[9.116634,53.902542],[9.116643,53.902431],[9.116723,53.902191],[9.116869,53.901836]]}},{"type":"Feature","properties":{"highway":"service"},"geometry":{"type":"LineString","coordinates":[[9.127348,53.908269],[9.127476,53.908328],[9.127594,53.908361],[9.127726,53.908389],[9.127853,53.908405],[9.127916,53.908405],[9.127981,53.908396],[9.128142,53.908328],[9.128254,53.908273]]}},{"type":"Feature","properties":{"highway":"residential"},"geometry":{"type":"LineString","coordinates":[[9.148245,53.90594],[9.14736,53.905457]]}},{"type":"Feature","properties":{"highway":"service"},"geometry":{"type":"LineString","coordinates":[[9.1767,53.908923],[9.17659,53.908871],[9.176196,53.908781],[9.175932,53.908757],[9.175723,53.90869],[9.175121,53.908354],[9.174337,53.907947],[9.172715,53.907086],[9.172093,53.906769],[9.171812,53.906655]]}},{"type":"Feature","properties":{"highway":"service"},"geometry":{"type":"LineString","coordinates":[[9.171812,53.906655],[9.171331,53.906409],[9.171379,53.906333],[9.171403,53.906324],[9.171488,53.90629],[9.171587,53.906285],[9.171655,53.906311],[9.17169,53.906361],[9.171812,53.906655]]}},{"type":"Feature","properties":{"highway":"residential"},"geometry":{"type":"LineString","coordinates":[[9.121192,53.89937],[9.121008,53.899303],[9.120788,53.89924],[9.120482,53.899192],[9.120247,53.899181],[9.120074,53.899188],[9.119753,53.899192]]}},{"type":"Feature","properties":{"highway":"secondary"},"geometry":{"type":"LineString","coordinates":[[9.119753,53.899192],[9.119819,53.898792],[9.119875,53.89841],[9.119835,53.898084],[9.119751,53.897752],[9.119644,53.897485],[9.119362,53.897037],[9.119092,53.896775],[9.118935,53.896644],[9.118603,53.896394],[9.118153,53.896097],[9.117773,53.895906],[9.117509,53.895768],[9.117046,53.895526],[9.116716,53.895287],[9.116579,53.895174]]}},{"type":"Feature","properties":{"highway":"secondary"},"geometry":{"type":"LineString","coordinates":[[9.1567,53.896745],[9.156436,53.896835]]}},{"type":"Feature","properties":{"highway":"secondary"},"geometry":{"type":"LineString","coordinates":[[9.156129,53.896702],[9.156329,53.896699]]}},{"type":"Feature","properties":{"highway":"secondary"},"geometry":{"type":"LineString","coordinates":[[9.156329,53.896699],[9.156448,53.896706],[9.156472,53.896707],[9.1567,53.896745]]}},{"type":"Feature","properties":{"highway":"secondary"},"geometry":{"type":"LineString","coordinates":[[9.148106,53.897384],[9.148142,53.897377],[9.148263,53.897354]]}},{"type":"Feature","properties":{"highway":"secondary"},"geometry":{"type":"LineString","coordinates":[[9.148193,53.897556],[9.148169,53.897555],[9.147922,53.89755],[9.147774,53.897511]]}},{"type":"Feature","properties":{"highway":"secondary"},"geometry":{"type":"LineString","coordinates":[[9.147774,53.897511],[9.147865,53.897443],[9.148057,53.897396],[9.148106,53.897384]]}},{"type":"Feature","properties":{"highway":"service"},"geometry":{"type":"LineString","coordinates":[[9.121828,53.899412],[9.121924,53.899496],[9.121991,53.899552]]}},{"type":"Feature","properties":{"highway":"service"},"geometry":{"type":"LineString","coordinates":[[9.121845,53.899671],[9.121916,53.899761],[9.122011,53.899882]]}},{"type":"Feature","properties":{"highway":"service"},"geometry":{"type":"LineString","coordinates":[[9.116952,53.89089],[9.117059,53.890808],[9.117708,53.890704]]}},{"type":"Feature","properties":{"highway":"residential"},"geometry":{"type":"LineString","coordinates":[[9.119924,53.893428],[9.120259,53.893375],[9.120413,53.89333],[9.120494,53.893295],[9.120614,53.893186],[9.120864,53.892676]]}},{"type":"Feature","properties":{"highway":"service"},"geometry":{"type":"LineString","coordinates":[[9.115778,53.890653],[9.1157,53.890583]]}},{"type":"Feature","properties":{"highway":"residential"},"geometry":{"type":"LineString","coordinates":[[9.119099,53.88994],[9.118255,53.889386],[9.118072,53.889317],[9.117824,53.889268],[9.11747,53.88929],[9.117083,53.889406],[9.116079,53.889696],[9.1157,53.889795]]}},{"type":"Feature","properties":{"highway":"service"},"geometry":{"type":"LineString","coordinates":[[9.132255,53.899216],[9.132182,53.899249],[9.132137,53.899269],[9.131866,53.899398]]}},{"type":"Feature","properties":{"highway":"residential"},"geometry":{"type":"LineString","coordinates":[[9.119924,53.893428],[9.11991,53.893729],[9.119619,53.894385],[9.119574,53.894508],[9.119463,53.894699]]}},{"type":"Feature","properties":{"highway":"service"},"geometry":{"type":"LineString","coordinates":[[9.124966,53.901268],[9.125095,53.901326],[9.125133,53.901365],[9.125174,53.901423],[9.125136,53.901454],[9.124708,53.90158],[9.124484,53.901634],[9.12432,53.901625]]}},{"type":"Feature","properties":{"highway":"pedestrian"},"geometry":{"type":"LineString","coordinates":[[9.125943,53.900494],[9.125221,53.899912]]}},{"type":"Feature","properties":{"highway":"secondary"},"geometry":{"type":"LineString","coordinates":[[9.119463,53.894699],[9.118924,53.89463],[9.118344,53.894622],[9.117997,53.894658],[9.116729,53.894929]]}},{"type":"Feature","properties":{"highway":"service"},"geometry":{"type":"LineString","coordinates":[[9.120576,53.894419],[9.120651,53.894341],[9.121192,53.893147],[9.121337,53.892939]]}},{"type":"Feature","properties":{"highway":"residential"},"geometry":{"type":"LineString","coordinates":[[9.116587,53.899312],[9.116932,53.898592],[9.116921,53.898541],[9.116858,53.898508],[9.116494,53.898442],[9.116146,53.898385],[9.116053,53.898396],[9.115979,53.898466],[9.115838,53.898755],[9.1157,53.899039]]}},{"type":"Feature","properties":{"highway":"service"},"geometry":{"type":"LineString","coordinates":[[9.127199,53.888464],[9.127273,53.888435],[9.127351,53.888408],[9.12742,53.888396],[9.127501,53.888397],[9.127565,53.88844],[9.127614,53.888524],[9.127698,53.888571],[9.128322,53.888714],[9.128816,53.888837],[9.12892,53.888862]]}},{"type":"Feature","properties":{"highway":"pedestrian"},"geometry":{"type":"LineString","coordinates":[[9.121716,53.898259],[9.121984,53.898244],[9.122608,53.898302]]}},{"type":"Feature","properties":{"highway":"residential"},"geometry":{"type":"LineString","coordinates":[[9.126393,53.898284],[9.125813,53.898389],[9.125182,53.898431],[9.124784,53.898427],[9.12469,53.898425],[9.124229,53.898405]]}},{"type":"Feature","properties":{"highway":"service"},"geometry":{"type":"LineString","coordinates":[[9.145054,53.903469],[9.144414,53.903821],[9.143728,53.904252],[9.14356,53.90425],[9.143275,53.90412],[9.143024,53.904025]]}},{"type":"Feature","properties":{"highway":"residential"},"geometry":{"type":"LineString","coordinates":[[9.1173,53.9113],[9.11724,53.911067],[9.117228,53.910986],[9.117237,53.910885],[9.117281,53.910785],[9.117349,53.910694],[9.118357,53.909782],[9.118804,53.909427],[9.119084,53.909225],[9.119317,53.909059],[9.119841,53.908772],[9.120209,53.908598],[9.120712,53.908364],[9.121527,53.908],[9.12227,53.907637],[9.12269,53.90741],[9.123013,53.90721],[9.123367,53.906967],[9.123435,53.906914],[9.123473,53.906873],[9.123457,53.906781],[9.123425,53.906707]]}},{"type":"Feature","properties":{"highway":"service"},"geometry":{"type":"LineString","coordinates":[[9.120293,53.900478],[9.120387,53.900447],[9.120458,53.900421],[9.120498,53.900397]]}},{"type":"Feature","properties":{"highway":"service"},"geometry":{"type":"LineString","coordinates":[[9.120498,53.900397],[9.120323,53.900166],[9.120893,53.899938],[9.121108,53.900109],[9.121128,53.900125],[9.120498,53.900397]]}},{"type":"Feature","properties":{"highway":"residential"},"geometry":{"type":"LineString","coordinates":[[9.156716,53.892869],[9.157519,53.892848]]}},{"type":"Feature","properties":{"highway":"service"},"geometry":{"type":"LineString","coordinates":[[9.158466,53.907421],[9.159895,53.908129],[9.161392,53.908872]]}},{"type":"Feature","properties":{"highway":"residential"},"geometry":{"type":"LineString","coordinates":[[9.1157,53.900655],[9.116534,53.901167],[9.116711,53.901275]]}},{"type":"Feature","properties":{"highway":"residential"},"geometry":{"type":"LineString","coordinates":[[9.127199,53.888464],[9.12712,53.888542],[9.127074,53.888628],[9.126971,53.888818],[9.126819,53.88901],[9.126525,53.889366],[9.126404,53.889522]]}},{"type":"Feature","properties":{"highway":"residential"},"geometry":{"type":"LineString","coordinates":[[9.126404,53.889522],[9.126812,53.889635],[9.127424,53.889696],[9.128188,53.889632],[9.128634,53.889595]]}},{"type":"Feature","properties":{"highway":"secondary"},"geometry":{"type":"LineString","coordinates":[[9.126052,53.895781],[9.125959,53.895748],[9.125745,53.895673],[9.125676,53.895649],[9.124956,53.895532],[9.124891,53.895522],[9.123389,53.895295]]}},{"type":"Feature","properties":{"highway":"residential"},"geometry":{"type":"LineString","coordinates":[[9.138349,53.899934],[9.137195,53.900395]]}},{"type":"Feature","properties":{"highway":"service"},"geometry":{"type":"LineString","coordinates":[[9.150359,53.905807],[9.149609,53.90538],[9.149169,53.905164]]}},{"type":"Feature","properties":{"highway":"tertiary"},"geometry":{"type":"LineString","coordinates":[[9.154273,53.903066],[9.154369,53.903107]]}},{"type":"Feature","properties":{"highway":"tertiary"},"geometry":{"type":"LineString","coordinates":[[9.154369,53.903107],[9.155095,53.903498],[9.155277,53.903619],[9.155369,53.903723],[9.155408,53.903857]]}},{"type":"Feature","properties":{"highway":"service"},"geometry":{"type":"LineString","coordinates":[[9.121692,53.899327],[9.121667,53.899405],[9.121674,53.899465],[9.121695,53.899501]]}},{"type":"Feature","properties":{"highway":"service"},"geometry":{"type":"LineString","coordinates":[[9.129593,53.893276],[9.129036,53.893464]]}},{"type":"Feature","properties":{"highway":"service"},"geometry":{"type":"LineString","coordinates":[[9.129098,53.892797],[9.128422,53.893043]]}},{"type":"Feature","properties":{"highway":"service"},"geometry":{"type":"LineString","coordinates":[[9.119917,53.894424],[9.12006,53.894483],[9.120119,53.894508],[9.120212,53.894594],[9.120279,53.894647],[9.120355,53.894679],[9.121976,53.894944],[9.122092,53.894959],[9.124445,53.895343],[9.125013,53.895439],[9.125816,53.89556],[9.126052,53.895595],[9.126291,53.895631],[9.126579,53.895675],[9.126823,53.895692]]}},{"type":"Feature","properties":{"highway":"service"},"geometry":{"type":"LineString","coordinates":[[9.128597,53.892337],[9.127994,53.892539]]}},{"type":"Feature","properties":{"highway":"service"},"geometry":{"type":"LineString","coordinates":[[9.128042,53.891893],[9.127427,53.892108]]}},{"type":"Feature","properties":{"highway":"service"},"geometry":{"type":"LineString","coordinates":[[9.127538,53.891429],[9.126918,53.891634]]}},{"type":"Feature","properties":{"highway":"service"},"geometry":{"type":"LineString","coordinates":[[9.127033,53.890963],[9.12644,53.89116]]}},{"type":"Feature","properties":{"highway":"residential"},"geometry":{"type":"LineString","coordinates":[[9.129154,53.889558],[9.129261,53.889429],[9.129483,53.889122]]}},{"type":"Feature","properties":{"highway":"service"},"geometry":{"type":"LineString","coordinates":[[9.120259,53.893375],[9.120257,53.893569],[9.1201,53.893958],[9.119917,53.894424]]}},{"type":"Feature","properties":{"highway":"residential"},"geometry":{"type":"LineString","coordinates":[[9.146211,53.89866],[9.146019,53.898905],[9.145725,53.899139],[9.145339,53.89941],[9.145036,53.899563],[9.145003,53.899578],[9.144885,53.89964],[9.143897,53.900103],[9.142965,53.900538],[9.141912,53.901065]]}},{"type":"Feature","properties":{"highway":"unclassified"},"geometry":{"type":"LineString","coordinates":[[9.132348,53.901047],[9.132429,53.901113],[9.133821,53.902262]]}},{"type":"Feature","properties":{"highway":"secondary"},"geometry":{"type":"LineString","coordinates":[[9.142838,53.897588],[9.143577,53.897577],[9.144201,53.897608],[9.144855,53.897657]]}},{"type":"Feature","properties":{"highway":"tertiary"},"geometry":{"type":"LineString","coordinates":[[9.146211,53.89866],[9.146928,53.899077],[9.147541,53.899447],[9.147571,53.899465],[9.147997,53.899701],[9.148262,53.899848],[9.148871,53.900174],[9.150344,53.900965],[9.150393,53.900991],[9.152168,53.901923],[9.152816,53.902273],[9.153511,53.90265]]}},{"type":"Feature","properties":{"highway":"secondary"},"geometry":{"type":"LineString","coordinates":[[9.1767,53.907486],[9.174327,53.906696],[9.173884,53.906534],[9.173288,53.906273],[9.17268,53.905971],[9.171993,53.905641],[9.168936,53.904144],[9.168872,53.904112],[9.167509,53.903459],[9.166873,53.903039],[9.166583,53.902779],[9.166328,53.9025],[9.166153,53.902216],[9.166019,53.901933],[9.165928,53.901379]]}},{"type":"Feature","properties":{"highway":"residential"},"geometry":{"type":"LineString","coordinates":[[9.142838,53.897588],[9.142883,53.897772]]}},{"type":"Feature","properties":{"highway":"residential"},"geometry":{"type":"LineString","coordinates":[[9.139847,53.899331],[9.138946,53.898557],[9.138729,53.898379]]}},{"type":"Feature","properties":{"highway":"residential"},"geometry":{"type":"LineString","coordinates":[[9.138729,53.898379],[9.138378,53.898079],[9.138113,53.897838]]}},{"type":"Feature","properties":{"highway":"residential"},"geometry":{"type":"LineString","coordinates":[[9.116933,53.893369],[9.116868,53.893139],[9.116826,53.892966],[9.116832,53.892943],[9.116798,53.892818],[9.116784,53.892667],[9.116806,53.892455],[9.11683,53.892308],[9.116877,53.892033]]}},{"type":"Feature","properties":{"highway":"residential"},"geometry":{"type":"LineString","coordinates":[[9.11812,53.893335],[9.118336,53.893256],[9.118545,53.89309],[9.118962,53.892821],[9.119382,53.892624]]}},{"type":"Feature","properties":{"highway":"service"},"geometry":{"type":"LineString","coordinates":[[9.1157,53.894241],[9.115731,53.894225],[9.1157,53.894199]]}},{"type":"Feature","properties":{"highway":"service"},"geometry":{"type":"LineString","coordinates":[[9.115979,53.89379],[9.115765,53.893599],[9.115732,53.893569],[9.115741,53.893469]]}},{"type":"Feature","properties":{"highway":"service"},"geometry":{"type":"LineString","coordinates":[[9.151098,53.891789],[9.150736,53.89196],[9.150368,53.892131],[9.149962,53.892131],[9.149639,53.892098],[9.149429,53.892047],[9.148722,53.891518]]}},{"type":"Feature","properties":{"highway":"residential"},"geometry":{"type":"LineString","coordinates":[[9.165953,53.899001],[9.166065,53.898997],[9.167456,53.899003],[9.16767,53.899058]]}},{"type":"Feature","properties":{"highway":"service"},"geometry":{"type":"LineString","coordinates":[[9.164616,53.889354],[9.164169,53.889384],[9.163588,53.889399],[9.161543,53.889404],[9.1578,53.889316],[9.151549,53.889298],[9.150266,53.889257],[9.148307,53.889185],[9.146117,53.889113],[9.145163,53.889082],[9.144995,53.889097]]}},{"type":"Feature","properties":{"highway":"service"},"geometry":{"type":"LineString","coordinates":[[9.165236,53.890034],[9.164862,53.890538]]}},{"type":"Feature","properties":{"highway":"service"},"geometry":{"type":"LineString","coordinates":[[9.152643,53.892457],[9.152549,53.892492],[9.152448,53.892545],[9.152337,53.89263],[9.152252,53.892644]]}},{"type":"Feature","properties":{"highway":"service"},"geometry":{"type":"LineString","coordinates":[[9.153545,53.89219],[9.15327,53.892262],[9.152936,53.892372],[9.152643,53.892457]]}},{"type":"Feature","properties":{"highway":"service"},"geometry":{"type":"LineString","coordinates":[[9.149627,53.89072],[9.149603,53.890221],[9.149607,53.890059]]}},{"type":"Feature","properties":{"highway":"service"},"geometry":{"type":"LineString","coordinates":[[9.157389,53.89235],[9.156663,53.892409],[9.15658,53.892448],[9.156495,53.892499],[9.156406,53.892541],[9.156318,53.892553]]}},{"type":"Feature","properties":{"highway":"service"},"geometry":{"type":"LineString","coordinates":[[9.150213,53.889681],[9.150368,53.889623],[9.150769,53.889588],[9.151233,53.889472],[9.151497,53.88937],[9.151549,53.889298]]}},{"type":"Feature","properties":{"highway":"service"},"geometry":{"type":"LineString","coordinates":[[9.166189,53.899573],[9.166166,53.899954],[9.166172,53.900061],[9.166163,53.900113],[9.166099,53.900137],[9.166053,53.900145],[9.165933,53.900148]]}},{"type":"Feature","properties":{"highway":"unclassified"},"geometry":{"type":"LineString","coordinates":[[9.165982,53.895795],[9.165991,53.895684],[9.166293,53.895125],[9.166364,53.894903],[9.16637,53.894844],[9.166421,53.894369],[9.166435,53.894147],[9.166491,53.893229],[9.16656,53.892907],[9.166661,53.89266],[9.166893,53.892289],[9.167081,53.892067],[9.167379,53.891802],[9.167624,53.89162],[9.167936,53.891433],[9.168348,53.89123],[9.169519,53.890705],[9.170112,53.890451],[9.170408,53.890322],[9.170545,53.890253],[9.170659,53.890175]]}},{"type":"Feature","properties":{"highway":"residential"},"geometry":{"type":"LineString","coordinates":[[9.120864,53.892676],[9.121185,53.89206]]}},{"type":"Feature","properties":{"highway":"residential"},"geometry":{"type":"LineString","coordinates":[[9.121185,53.89206],[9.121357,53.891804],[9.121415,53.891607],[9.121357,53.8915],[9.121072,53.891251],[9.120356,53.890779],[9.120127,53.890652],[9.119099,53.88994]]}},{"type":"Feature","properties":{"highway":"residential"},"geometry":{"type":"LineString","coordinates":[[9.129235,53.894556],[9.129366,53.894495],[9.129712,53.894337],[9.130216,53.89413],[9.130504,53.893966]]}},{"type":"Feature","properties":{"highway":"secondary"},"geometry":{"type":"LineString","coordinates":[[9.130939,53.9113],[9.130987,53.9112],[9.131118,53.910898],[9.131209,53.9106]]}},{"type":"Feature","properties":{"highway":"secondary"},"geometry":{"type":"LineString","coordinates":[[9.123138,53.902535],[9.123082,53.902495],[9.122989,53.902429]]}},{"type":"Feature","properties":{"highway":"residential"},"geometry":{"type":"LineString","coordinates":[[9.115818,53.890704],[9.116079,53.89093],[9.116793,53.890837],[9.116952,53.89089]]}},{"type":"Feature","properties":{"highway":"service"},"geometry":{"type":"LineString","coordinates":[[9.141188,53.893759],[9.141144,53.893645],[9.140665,53.893318],[9.14022,53.892979],[9.139928,53.892749],[9.139798,53.892611]]}},{"type":"Feature","properties":{"highway":"service"},"geometry":{"type":"LineString","coordinates":[[9.120576,53.894419],[9.120357,53.894388],[9.120119,53.894409],[9.119917,53.894424],[9.119729,53.894391],[9.119619,53.894385]]}},{"type":"Feature","properties":{"highway":"service"},"geometry":{"type":"LineString","coordinates":[[9.12892,53.888862],[9.129086,53.888943],[9.129479,53.889036],[9.129483,53.889122]]}},{"type":"Feature","properties":{"highway":"service"},"geometry":{"type":"LineString","coordinates":[[9.1178,53.893584],[9.118051,53.893468],[9.11812,53.893335]]}},{"type":"Feature","properties":{"highway":"service"},"geometry":{"type":"LineString","coordinates":[[9.126794,53.887626],[9.126981,53.887676],[9.127114,53.887695],[9.127077,53.887786],[9.127104,53.887878]]}},{"type":"Feature","properties":{"highway":"service"},"geometry":{"type":"LineString","coordinates":[[9.148579,53.891046],[9.148416,53.890957],[9.148236,53.890819],[9.148167,53.890762]]}},{"type":"Feature","properties":{"highway":"service"},"geometry":{"type":"LineString","coordinates":[[9.152611,53.889887],[9.152336,53.88987],[9.151895,53.889833],[9.151493,53.889801],[9.150444,53.889708],[9.150213,53.889681],[9.149977,53.889655],[9.149617,53.889637],[9.149453,53.889644],[9.149293,53.889664],[9.149074,53.889739],[9.148882,53.889841],[9.148716,53.889985],[9.148578,53.89013],[9.148289,53.890419],[9.148173,53.890546],[9.14811,53.890599],[9.148077,53.890641],[9.148081,53.890682],[9.148167,53.890762]]}},{"type":"Feature","properties":{"highway":"service"},"geometry":{"type":"LineString","coordinates":[[9.152596,53.888866],[9.144796,53.888774],[9.144578,53.8888],[9.144668,53.888895],[9.144995,53.889097],[9.145423,53.889347],[9.145737,53.889527],[9.145888,53.889617]]}},{"type":"Feature","properties":{"highway":"service"},"geometry":{"type":"LineString","coordinates":[[9.168786,53.889555],[9.16903,53.889543],[9.170149,53.889591],[9.170339,53.889577],[9.170436,53.889555],[9.170519,53.889517],[9.170648,53.889439],[9.170819,53.889332]]}},{"type":"Feature","properties":{"highway":"service"},"geometry":{"type":"LineString","coordinates":[[9.170819,53.889332],[9.17093,53.889256],[9.171041,53.889176],[9.171143,53.889072],[9.171228,53.888963]]}},{"type":"Feature","properties":{"highway":"service"},"geometry":{"type":"LineString","coordinates":[[9.17423,53.889975],[9.173428,53.889962],[9.173343,53.889928],[9.172189,53.889923],[9.171831,53.88992],[9.17171,53.889954],[9.171606,53.889998],[9.171498,53.889993]]}},{"type":"Feature","properties":{"highway":"residential"},"geometry":{"type":"LineString","coordinates":[[9.145673,53.900297],[9.144328,53.900933],[9.143433,53.901315],[9.14272,53.901596],[9.1426,53.901648]]}},{"type":"Feature","properties":{"highway":"residential"},"geometry":{"type":"LineString","coordinates":[[9.126823,53.895692],[9.126744,53.89573],[9.126569,53.895745],[9.126369,53.895712],[9.12625,53.895728],[9.126193,53.895735],[9.126052,53.895781]]}},{"type":"Feature","properties":{"highway":"service"},"geometry":{"type":"LineString","coordinates":[[9.126501,53.888463],[9.126544,53.88859],[9.126446,53.889103],[9.126381,53.889294],[9.126301,53.889409],[9.126226,53.889506],[9.125472,53.890286],[9.125291,53.890445]]}},{"type":"Feature","properties":{"highway":"service"},"geometry":{"type":"LineString","coordinates":[[9.125827,53.893479],[9.125963,53.89351],[9.126277,53.893813],[9.126599,53.894069],[9.126877,53.89407],[9.127406,53.894508],[9.127485,53.894566],[9.127698,53.89471],[9.127722,53.894818],[9.127746,53.894907],[9.127728,53.894936]]}},{"type":"Feature","properties":{"highway":"residential"},"geometry":{"type":"LineString","coordinates":[[9.1287,53.8902],[9.128845,53.890185]]}},{"type":"Feature","properties":{"highway":"residential"},"geometry":{"type":"LineString","coordinates":[[9.128845,53.890185],[9.129166,53.890158],[9.129706,53.890192],[9.13007,53.890363],[9.130183,53.890538],[9.130216,53.8907],[9.130171,53.892668],[9.130105,53.892811],[9.129991,53.892914],[9.129966,53.892936],[9.129751,53.893013],[9.129432,53.893125]]}},{"type":"Feature","properties":{"highway":"residential"},"geometry":{"type":"LineString","coordinates":[[9.128634,53.889595],[9.129019,53.88957],[9.129154,53.889558]]}},{"type":"Feature","properties":{"highway":"residential"},"geometry":{"type":"LineString","coordinates":[[9.145131,53.895968],[9.145343,53.895946],[9.145507,53.895925],[9.145653,53.895907],[9.145736,53.895896],[9.145863,53.89588]]}},{"type":"Feature","properties":{"highway":"residential"},"geometry":{"type":"LineString","coordinates":[[9.127106,53.900097],[9.12695,53.900096],[9.12639,53.900323],[9.125943,53.900494],[9.125669,53.900616],[9.125501,53.900707],[9.125378,53.900792],[9.125302,53.900858],[9.125131,53.901074],[9.124966,53.901268]]}},{"type":"Feature","properties":{"highway":"residential"},"geometry":{"type":"LineString","coordinates":[[9.12639,53.900323],[9.126365,53.900302],[9.126253,53.900209],[9.126131,53.900107],[9.126012,53.900008],[9.1259,53.899915],[9.125794,53.899827],[9.125673,53.899726],[9.125571,53.899641],[9.125549,53.899622],[9.125416,53.899512],[9.125245,53.899372],[9.125076,53.899229]]}},{"type":"Feature","properties":{"highway":"residential"},"geometry":{"type":"LineString","coordinates":[[9.143563,53.89611],[9.143538,53.896056],[9.143203,53.895511],[9.142885,53.895069],[9.142805,53.894969],[9.142729,53.894888],[9.142426,53.894536],[9.142037,53.894214],[9.141581,53.893962],[9.141188,53.893759]]}},{"type":"Feature","properties":{"highway":"service"},"geometry":{"type":"LineString","coordinates":[[9.127106,53.900097],[9.127175,53.900021],[9.127012,53.899877],[9.126909,53.899785],[9.126792,53.899681],[9.126677,53.899579],[9.126591,53.899503],[9.126479,53.899403],[9.126336,53.899278],[9.126209,53.899164],[9.126065,53.899035],[9.125895,53.898885]]}},{"type":"Feature","properties":{"highway":"pedestrian"},"geometry":{"type":"LineString","coordinates":[[9.123937,53.899709],[9.124027,53.899766],[9.124549,53.900176]]}},{"type":"Feature","properties":{"highway":"residential"},"geometry":{"type":"LineString","coordinates":[[9.131916,53.893603],[9.131683,53.893646],[9.13146,53.89374],[9.131401,53.893765],[9.131104,53.89389],[9.130932,53.893974],[9.130766,53.894049],[9.130337,53.89425],[9.12911,53.894781],[9.127861,53.895356],[9.127826,53.895373]]}},{"type":"Feature","properties":{"highway":"service"},"geometry":{"type":"LineString","coordinates":[[9.126909,53.899785],[9.126131,53.900107]]}},{"type":"Feature","properties":{"highway":"service"},"geometry":{"type":"LineString","coordinates":[[9.126336,53.899278],[9.125549,53.899622]]}},{"type":"Feature","properties":{"highway":"service"},"geometry":{"type":"LineString","coordinates":[[9.125794,53.899827],[9.126591,53.899503]]}},{"type":"Feature","properties":{"highway":"service"},"geometry":{"type":"LineString","coordinates":[[9.126253,53.900209],[9.127012,53.899877]]}},{"type":"Feature","properties":{"highway":"service"},"geometry":{"type":"LineString","coordinates":[[9.126677,53.899579],[9.1259,53.899915]]}},{"type":"Feature","properties":{"highway":"service"},"geometry":{"type":"LineString","coordinates":[[9.125245,53.899372],[9.126065,53.899035]]}},{"type":"Feature","properties":{"highway":"service"},"geometry":{"type":"LineString","coordinates":[[9.126012,53.900008],[9.126792,53.899681]]}},{"type":"Feature","properties":{"highway":"service"},"geometry":{"type":"LineString","coordinates":[[9.162217,53.899931],[9.161975,53.899773],[9.161688,53.899569],[9.161067,53.899124],[9.160786,53.898916],[9.160687,53.898776],[9.160669,53.898729],[9.160569,53.898468],[9.160571,53.898373]]}},{"type":"Feature","properties":{"highway":"residential"},"geometry":{"type":"LineString","coordinates":[[9.141188,53.893759],[9.140721,53.893532],[9.140481,53.893372],[9.140261,53.893245]]}},{"type":"Feature","properties":{"highway":"track"},"geometry":{"type":"LineString","coordinates":[[9.119664,53.889306],[9.120053,53.889643],[9.121321,53.890484],[9.122421,53.891282],[9.122931,53.891708],[9.12311,53.891861],[9.123399,53.892191],[9.123578,53.892559],[9.123661,53.892753],[9.123748,53.893117],[9.123888,53.893434],[9.124019,53.893596]]}},{"type":"Feature","properties":{"highway":"service"},"geometry":{"type":"LineString","coordinates":[[9.126501,53.888463],[9.126248,53.888701],[9.125964,53.889058],[9.125715,53.889346],[9.125445,53.889677],[9.125343,53.889936],[9.125261,53.890086],[9.12514,53.890236],[9.125015,53.890352],[9.124944,53.890483],[9.124886,53.890669],[9.124902,53.890816],[9.124957,53.89094],[9.125302,53.891269],[9.125454,53.891382],[9.125543,53.891501],[9.125567,53.891644],[9.125681,53.891776],[9.126549,53.892571],[9.127128,53.893082],[9.127598,53.893551],[9.12786,53.893782],[9.128222,53.893953],[9.128685,53.894166],[9.128815,53.894229]]}},{"type":"Feature","properties":{"highway":"service"},"geometry":{"type":"LineString","coordinates":[[9.125333,53.890986],[9.125404,53.891045],[9.125637,53.891189],[9.126248,53.891736],[9.127091,53.89251],[9.127965,53.893266],[9.128754,53.894011],[9.128873,53.894151]]}},{"type":"Feature","properties":{"highway":"service"},"geometry":{"type":"LineString","coordinates":[[9.125291,53.890445],[9.125188,53.890579],[9.125171,53.890755],[9.125185,53.890797],[9.125253,53.890904],[9.125333,53.890986]]}},{"type":"Feature","properties":{"highway":"pedestrian"},"geometry":{"type":"LineString","coordinates":[[9.146535,53.896002],[9.147103,53.896365],[9.147562,53.896667],[9.147552,53.896691]]}},{"type":"Feature","properties":{"highway":"service"},"geometry":{"type":"LineString","coordinates":[[9.123478,53.900951],[9.123616,53.900892],[9.123865,53.900797],[9.123916,53.900773],[9.124201,53.9007],[9.124426,53.900608],[9.124604,53.900535],[9.124884,53.900416],[9.125254,53.900726]]}},{"type":"Feature","properties":{"highway":"service"},"geometry":{"type":"LineString","coordinates":[[9.124201,53.9007],[9.124779,53.901172]]}},{"type":"Feature","properties":{"highway":"service"},"geometry":{"type":"LineString","coordinates":[[9.124426,53.900608],[9.124955,53.90105]]}},{"type":"Feature","properties":{"highway":"service"},"geometry":{"type":"LineString","coordinates":[[9.123916,53.900773],[9.124559,53.901289]]}},{"type":"Feature","properties":{"highway":"service"},"geometry":{"type":"LineString","coordinates":[[9.124604,53.900535],[9.125098,53.900895]]}},{"type":"Feature","properties":{"highway":"service"},"geometry":{"type":"LineString","coordinates":[[9.123478,53.900951],[9.124113,53.901494],[9.12428,53.901427],[9.124512,53.901314],[9.124559,53.901289],[9.124723,53.901202],[9.124779,53.901172],[9.124955,53.90105],[9.125098,53.900895],[9.125254,53.900726]]}},{"type":"Feature","properties":{"highway":"residential"},"geometry":{"type":"LineString","coordinates":[[9.123456,53.898347],[9.124229,53.898405]]}},{"type":"Feature","properties":{"highway":"service"},"geometry":{"type":"LineString","coordinates":[[9.123943,53.901154],[9.12428,53.901427]]}},{"type":"Feature","properties":{"highway":"service"},"geometry":{"type":"LineString","coordinates":[[9.123616,53.900892],[9.123676,53.900932]]}},{"type":"Feature","properties":{"highway":"service"},"geometry":{"type":"LineString","coordinates":[[9.123676,53.900932],[9.123943,53.901154]]}},{"type":"Feature","properties":{"highway":"track"},"geometry":{"type":"LineString","coordinates":[[9.125505,53.894861],[9.125071,53.894828],[9.124935,53.894785],[9.124712,53.894681],[9.123822,53.894267],[9.123422,53.893962],[9.123134,53.893618],[9.122974,53.893309],[9.122749,53.892654],[9.122708,53.892482],[9.122644,53.892315],[9.122579,53.892248],[9.122469,53.892148]]}},{"type":"Feature","properties":{"highway":"service"},"geometry":{"type":"LineString","coordinates":[[9.16366,53.902298],[9.163376,53.902129],[9.163109,53.901974],[9.162843,53.9018],[9.162265,53.901387],[9.161046,53.900497],[9.158963,53.898982],[9.15666,53.897313],[9.156633,53.897286],[9.156602,53.897252],[9.156607,53.897206],[9.156678,53.897164],[9.157292,53.896876],[9.157579,53.896729],[9.157709,53.896582]]}},{"type":"Feature","properties":{"highway":"residential"},"geometry":{"type":"LineString","coordinates":[[9.137092,53.895947],[9.136718,53.896008],[9.136555,53.896067],[9.136059,53.896317]]}},{"type":"Feature","properties":{"highway":"service"},"geometry":{"type":"LineString","coordinates":[[9.129176,53.902364],[9.12898,53.90244],[9.12893,53.902461],[9.128868,53.902488],[9.128809,53.902515],[9.128768,53.902551],[9.128734,53.902651],[9.128708,53.902749],[9.128676,53.90287],[9.128664,53.902932],[9.128676,53.902954],[9.128698,53.902974],[9.128784,53.903046],[9.128814,53.903071]]}},{"type":"Feature","properties":{"highway":"secondary"},"geometry":{"type":"LineString","coordinates":[[9.159573,53.895766],[9.159932,53.89559],[9.160061,53.895525],[9.160177,53.895468],[9.160424,53.895352],[9.160576,53.895288],[9.160784,53.895245],[9.161035,53.895227],[9.161174,53.895231],[9.161268,53.895235],[9.1614,53.895251],[9.162323,53.895369]]}},{"type":"Feature","properties":{"highway":"residential"},"geometry":{"type":"LineString","coordinates":[[9.119092,53.896775],[9.119016,53.896814],[9.118976,53.896835],[9.118949,53.896855],[9.11891,53.896914],[9.11882,53.897083],[9.118429,53.897884],[9.118428,53.897897],[9.118403,53.897959],[9.118211,53.898359],[9.117657,53.899496],[9.116839,53.901193],[9.116711,53.901275]]}},{"type":"Feature","properties":{"highway":"service"},"geometry":{"type":"LineString","coordinates":[[9.169884,53.889962],[9.169687,53.889981],[9.169456,53.889993],[9.168951,53.890004],[9.168191,53.890009],[9.167046,53.890016],[9.166283,53.890021],[9.165236,53.890034],[9.164002,53.890042],[9.163632,53.890052],[9.163306,53.890073],[9.163114,53.890093]]}},{"type":"Feature","properties":{"highway":"service"},"geometry":{"type":"LineString","coordinates":[[9.155907,53.907723],[9.157165,53.90833]]}},{"type":"Feature","properties":{"highway":"service"},"geometry":{"type":"LineString","coordinates":[[9.15457,53.910885],[9.154875,53.911015]]}},{"type":"Feature","properties":{"highway":"service"},"geometry":{"type":"LineString","coordinates":[[9.166128,53.909144],[9.166504,53.909341]]}},{"type":"Feature","properties":{"highway":"service"},"geometry":{"type":"LineString","coordinates":[[9.160381,53.910688],[9.159947,53.910478],[9.159406,53.910274],[9.157785,53.909584],[9.15628,53.908952],[9.154955,53.908388],[9.153787,53.907914],[9.153735,53.907842],[9.155556,53.9066],[9.157027,53.905588],[9.156323,53.905228],[9.156287,53.905105],[9.155957,53.904957],[9.15588,53.904931],[9.15516,53.904582],[9.154977,53.904585],[9.153562,53.905499],[9.15357,53.905584],[9.154405,53.906017]]}},{"type":"Feature","properties":{"highway":"service"},"geometry":{"type":"LineString","coordinates":[[9.17126,53.889956],[9.171318,53.889834],[9.171769,53.889221],[9.171928,53.889039],[9.171918,53.888885]]}},{"type":"Feature","properties":{"highway":"service"},"geometry":{"type":"LineString","coordinates":[[9.151613,53.908386],[9.151961,53.908519],[9.152674,53.908831]]}},{"type":"Feature","properties":{"highway":"service"},"geometry":{"type":"LineString","coordinates":[[9.151546,53.908853],[9.151961,53.908519],[9.152361,53.908226],[9.152461,53.908149]]}},{"type":"Feature","properties":{"highway":"service"},"geometry":{"type":"LineString","coordinates":[[9.172524,53.901538],[9.172373,53.901528],[9.17034,53.901401],[9.170013,53.90138],[9.170316,53.899555],[9.170386,53.898707],[9.170431,53.898158]]}},{"type":"Feature","properties":{"highway":"service"},"geometry":{"type":"LineString","coordinates":[[9.166126,53.909093],[9.166128,53.909144],[9.16597,53.909182]]}},{"type":"Feature","properties":{"highway":"service"},"geometry":{"type":"LineString","coordinates":[[9.166585,53.909304],[9.166504,53.909341],[9.166464,53.909427]]}},{"type":"Feature","properties":{"highway":"service"},"geometry":{"type":"LineString","coordinates":[[9.154485,53.911298],[9.154516,53.911287],[9.154875,53.911015],[9.154991,53.911015],[9.15562,53.9113]]}},{"type":"Feature","properties":{"highway":"service"},"geometry":{"type":"LineString","coordinates":[[9.1767,53.905556],[9.17598,53.905547]]}},{"type":"Feature","properties":{"highway":"service"},"geometry":{"type":"LineString","coordinates":[[9.175058,53.904896],[9.176077,53.904908]]}},{"type":"Feature","properties":{"highway":"service"},"geometry":{"type":"LineString","coordinates":[[9.172485,53.902367],[9.17248,53.902469],[9.172514,53.903095],[9.172558,53.903526],[9.172752,53.904563],[9.172855,53.905008],[9.172938,53.905194],[9.173076,53.9054],[9.17322,53.90558],[9.173363,53.905739],[9.173541,53.905887],[9.173664,53.905979],[9.173937,53.906144],[9.174144,53.906253],[9.174496,53.906405],[9.175379,53.906704],[9.176229,53.906981],[9.1767,53.907139]]}},{"type":"Feature","properties":{"highway":"service"},"geometry":{"type":"LineString","coordinates":[[9.171144,53.906314],[9.171007,53.906194],[9.170387,53.905845],[9.170027,53.905714],[9.16976,53.905575],[9.168817,53.905073],[9.166288,53.903728]]}},{"type":"Feature","properties":{"highway":"service"},"geometry":{"type":"LineString","coordinates":[[9.171723,53.889007],[9.171918,53.888885],[9.172209,53.888791],[9.172382,53.888735],[9.172675,53.88861]]}},{"type":"Feature","properties":{"highway":"residential"},"geometry":{"type":"LineString","coordinates":[[9.140513,53.897751],[9.141057,53.898784],[9.14113,53.898885],[9.141745,53.899464],[9.142965,53.900538]]}},{"type":"Feature","properties":{"highway":"service"},"geometry":{"type":"LineString","coordinates":[[9.130556,53.898655],[9.130183,53.898352]]}},{"type":"Feature","properties":{"highway":"service"},"geometry":{"type":"LineString","coordinates":[[9.131277,53.898373],[9.130952,53.898086]]}},{"type":"Feature","properties":{"highway":"service"},"geometry":{"type":"LineString","coordinates":[[9.130065,53.897699],[9.130181,53.897898]]}},{"type":"Feature","properties":{"highway":"service"},"geometry":{"type":"LineString","coordinates":[[9.130777,53.898569],[9.130432,53.898258]]}},{"type":"Feature","properties":{"highway":"service"},"geometry":{"type":"LineString","coordinates":[[9.139798,53.892611],[9.141694,53.893581]]}},{"type":"Feature","properties":{"highway":"service"},"geometry":{"type":"LineString","coordinates":[[9.12693,53.903829],[9.126552,53.903971]]}},{"type":"Feature","properties":{"highway":"service"},"geometry":{"type":"LineString","coordinates":[[9.13103,53.89847],[9.130691,53.898161]]}},{"type":"Feature","properties":{"highway":"track"},"geometry":{"type":"LineString","coordinates":[[9.119664,53.889306],[9.119491,53.889203],[9.119309,53.889115],[9.119031,53.888948],[9.118805,53.888853],[9.118508,53.888755],[9.118113,53.888702],[9.117652,53.888707],[9.117453,53.888716],[9.117214,53.88875],[9.116003,53.889102],[9.1157,53.889191]]}},{"type":"Feature","properties":{"highway":"service"},"geometry":{"type":"LineString","coordinates":[[9.124019,53.893596],[9.12428,53.89349],[9.124484,53.893411],[9.124631,53.893408],[9.124728,53.893445],[9.125306,53.894057],[9.125672,53.894444],[9.125857,53.894659],[9.125919,53.894764],[9.126012,53.894826],[9.126176,53.894937],[9.126401,53.895]]}},{"type":"Feature","properties":{"highway":"service"},"geometry":{"type":"LineString","coordinates":[[9.128421,53.908189],[9.127948,53.907844]]}},{"type":"Feature","properties":{"highway":"service"},"geometry":{"type":"LineString","coordinates":[[9.128254,53.908273],[9.127771,53.90793],[9.127948,53.907844],[9.128146,53.907747],[9.128629,53.90809]]}},{"type":"Feature","properties":{"highway":"service"},"geometry":{"type":"LineString","coordinates":[[9.128254,53.908273],[9.128421,53.908189],[9.128629,53.90809],[9.129045,53.907891],[9.129175,53.907845],[9.129313,53.907804],[9.129498,53.907754],[9.129622,53.90771],[9.130152,53.90751]]}},{"type":"Feature","properties":{"highway":"service"},"geometry":{"type":"LineString","coordinates":[[9.123435,53.906914],[9.123577,53.907041],[9.125881,53.908546],[9.126108,53.908457]]}},{"type":"Feature","properties":{"highway":"residential"},"geometry":{"type":"LineString","coordinates":[[9.117986,53.902115],[9.117862,53.902326],[9.117798,53.902476],[9.117778,53.902509],[9.117566,53.90264]]}},{"type":"Feature","properties":{"highway":"tertiary"},"geometry":{"type":"LineString","coordinates":[[9.161756,53.906993],[9.163102,53.907701],[9.165027,53.908714]]}},{"type":"Feature","properties":{"highway":"tertiary"},"geometry":{"type":"LineString","coordinates":[[9.165027,53.908714],[9.165562,53.908979],[9.16597,53.909182],[9.166464,53.909427],[9.166801,53.909608],[9.167103,53.909771],[9.167295,53.909874]]}},{"type":"Feature","properties":{"highway":"tertiary"},"geometry":{"type":"LineString","coordinates":[[9.167295,53.909874],[9.167766,53.910121],[9.169987,53.911284],[9.170013,53.9113]]}},{"type":"Feature","properties":{"highway":"tertiary"},"geometry":{"type":"LineString","coordinates":[[9.153511,53.90265],[9.154273,53.903066]]}},{"type":"Feature","properties":{"highway":"tertiary"},"geometry":{"type":"LineString","coordinates":[[9.155984,53.903948],[9.156445,53.904191],[9.159007,53.905564]]}},{"type":"Feature","properties":{"highway":"service"},"geometry":{"type":"LineString","coordinates":[[9.147375,53.896947],[9.147117,53.89687]]}},{"type":"Feature","properties":{"highway":"service"},"geometry":{"type":"LineString","coordinates":[[9.147301,53.896622],[9.147117,53.89687]]}},{"type":"Feature","properties":{"highway":"service"},"geometry":{"type":"LineString","coordinates":[[9.147301,53.896622],[9.147181,53.896583],[9.147067,53.896581],[9.146895,53.896799],[9.147117,53.89687]]}},{"type":"Feature","properties":{"highway":"service"},"geometry":{"type":"LineString","coordinates":[[9.145653,53.895907],[9.145601,53.895707],[9.145555,53.895659],[9.145508,53.895627],[9.145473,53.895608],[9.14527,53.895474],[9.144951,53.895277],[9.14455,53.895025],[9.143988,53.894661],[9.1433,53.894316],[9.142809,53.894061],[9.14271,53.894024],[9.142556,53.893967],[9.14228,53.893887],[9.141948,53.893808]]}},{"type":"Feature","properties":{"highway":"residential"},"geometry":{"type":"LineString","coordinates":[[9.145295,53.896209],[9.145131,53.895968]]}},{"type":"Feature","properties":{"highway":"residential"},"geometry":{"type":"LineString","coordinates":[[9.156134,53.895617],[9.156185,53.895642],[9.156367,53.895738],[9.157923,53.896535]]}},{"type":"Feature","properties":{"highway":"service"},"geometry":{"type":"LineString","coordinates":[[9.146568,53.890665],[9.146593,53.890734],[9.146722,53.890863],[9.147086,53.891192]]}},{"type":"Feature","properties":{"highway":"secondary"},"geometry":{"type":"LineString","coordinates":[[9.165928,53.901379],[9.165927,53.901337],[9.165915,53.901024],[9.165933,53.900148]]}},{"type":"Feature","properties":{"highway":"secondary_link"},"geometry":{"type":"LineString","coordinates":[[9.167003,53.895874],[9.166589,53.895889],[9.166356,53.895929],[9.166233,53.895978],[9.166097,53.89606],[9.166059,53.896108],[9.165982,53.896239]]}},{"type":"Feature","properties":{"highway":"tertiary"},"geometry":{"type":"LineString","coordinates":[[9.167003,53.895874],[9.167863,53.895933],[9.168575,53.895977]]}},{"type":"Feature","properties":{"highway":"secondary"},"geometry":{"type":"LineString","coordinates":[[9.165979,53.895935],[9.16598,53.89585],[9.165982,53.895795]]}},{"type":"Feature","properties":{"highway":"service"},"geometry":{"type":"LineString","coordinates":[[9.127176,53.899219],[9.127305,53.899161],[9.12745,53.899094]]}},{"type":"Feature","properties":{"highway":"service"},"geometry":{"type":"LineString","coordinates":[[9.127305,53.899161],[9.127649,53.899438],[9.127526,53.899495],[9.127176,53.899219]]}},{"type":"Feature","properties":{"highway":"service"},"geometry":{"type":"LineString","coordinates":[[9.127374,53.898318],[9.126947,53.898506]]}},{"type":"Feature","properties":{"highway":"service"},"geometry":{"type":"LineString","coordinates":[[9.127244,53.898207],[9.1268,53.898379],[9.126947,53.898506],[9.127097,53.89862],[9.127518,53.898441]]}},{"type":"Feature","properties":{"highway":"residential"},"geometry":{"type":"LineString","coordinates":[[9.140489,53.901736],[9.139502,53.902182],[9.138918,53.902484]]}},{"type":"Feature","properties":{"highway":"secondary"},"geometry":{"type":"LineString","coordinates":[[9.134942,53.8971],[9.136072,53.89698],[9.136936,53.896887]]}},{"type":"Feature","properties":{"highway":"residential"},"geometry":{"type":"LineString","coordinates":[[9.124363,53.899535],[9.124253,53.89944],[9.12414,53.899315],[9.1241,53.899235],[9.124098,53.899182],[9.124096,53.899151],[9.124229,53.898405]]}},{"type":"Feature","properties":{"highway":"service"},"geometry":{"type":"LineString","coordinates":[[9.138131,53.907694],[9.137826,53.907444]]}},{"type":"Feature","properties":{"highway":"residential"},"geometry":{"type":"LineString","coordinates":[[9.160436,53.893795],[9.160436,53.894102],[9.160441,53.895059],[9.160408,53.895132],[9.160483,53.895199],[9.160576,53.895288]]}},{"type":"Feature","properties":{"highway":"tertiary"},"geometry":{"type":"LineString","coordinates":[[9.168575,53.895977],[9.169942,53.896034],[9.170738,53.896069],[9.173299,53.896197],[9.176687,53.896367]]}},{"type":"Feature","properties":{"highway":"residential"},"geometry":{"type":"LineString","coordinates":[[9.164676,53.894066],[9.164543,53.895464],[9.164532,53.895571],[9.164502,53.895647]]}},{"type":"Feature","properties":{"highway":"service"},"geometry":{"type":"LineString","coordinates":[[9.143634,53.905649],[9.143785,53.905571],[9.143449,53.905339]]}},{"type":"Feature","properties":{"highway":"track"},"geometry":{"type":"LineString","coordinates":[[9.165816,53.901334],[9.165927,53.901337]]}},{"type":"Feature","properties":{"highway":"service"},"geometry":{"type":"LineString","coordinates":[[9.171918,53.888885],[9.172264,53.888612],[9.172494,53.888482]]}},{"type":"Feature","properties":{"highway":"unclassified"},"geometry":{"type":"LineString","coordinates":[[9.170659,53.890175],[9.17069,53.890141],[9.17082,53.890007],[9.170875,53.889943],[9.171421,53.889314],[9.171723,53.889007]]}},{"type":"Feature","properties":{"highway":"service"},"geometry":{"type":"LineString","coordinates":[[9.145736,53.895896],[9.145803,53.896093]]}},{"type":"Feature","properties":{"highway":"service"},"geometry":{"type":"LineString","coordinates":[[9.145507,53.895925],[9.145576,53.896123]]}},{"type":"Feature","properties":{"highway":"pedestrian"},"geometry":{"type":"LineString","coordinates":[[9.123312,53.897579],[9.123803,53.89738]]}},{"type":"Feature","properties":{"highway":"service"},"geometry":{"type":"LineString","coordinates":[[9.12294,53.896836],[9.122874,53.896862]]}},{"type":"Feature","properties":{"highway":"service"},"geometry":{"type":"LineString","coordinates":[[9.122944,53.89663],[9.122778,53.896698]]}},{"type":"Feature","properties":{"highway":"service"},"geometry":{"type":"LineString","coordinates":[[9.122778,53.896698],[9.122713,53.896725]]}},{"type":"Feature","properties":{"highway":"service"},"geometry":{"type":"LineString","coordinates":[[9.122713,53.896725],[9.122522,53.896804]]}},{"type":"Feature","properties":{"highway":"service"},"geometry":{"type":"LineString","coordinates":[[9.123116,53.896769],[9.12294,53.896836]]}},{"type":"Feature","properties":{"highway":"service"},"geometry":{"type":"LineString","coordinates":[[9.122874,53.896862],[9.122681,53.896935]]}},{"type":"Feature","properties":{"highway":"service"},"geometry":{"type":"LineString","coordinates":[[9.145673,53.900297],[9.145898,53.900485],[9.146135,53.900395]]}},{"type":"Feature","properties":{"highway":"service"},"geometry":{"type":"LineString","coordinates":[[9.145898,53.900485],[9.145988,53.900555],[9.146057,53.900624],[9.146203,53.900566],[9.146483,53.900457]]}},{"type":"Feature","properties":{"highway":"service"},"geometry":{"type":"LineString","coordinates":[[9.120576,53.894419],[9.120635,53.89446],[9.120855,53.894535],[9.125022,53.895117],[9.125353,53.895153],[9.125671,53.895133],[9.126241,53.895265],[9.126521,53.895347]]}},{"type":"Feature","properties":{"highway":"residential"},"geometry":{"type":"LineString","coordinates":[[9.132485,53.9113],[9.132468,53.911283],[9.132468,53.911083],[9.132468,53.911018],[9.132528,53.910852],[9.132749,53.910656],[9.134021,53.910338],[9.134836,53.910146],[9.135694,53.909862]]}},{"type":"Feature","properties":{"highway":"service"},"geometry":{"type":"LineString","coordinates":[[9.123446,53.899909],[9.123107,53.89965],[9.122932,53.899521]]}},{"type":"Feature","properties":{"highway":"service"},"geometry":{"type":"LineString","coordinates":[[9.121667,53.898572],[9.121351,53.898551],[9.121254,53.899034],[9.12151,53.899086]]}},{"type":"Feature","properties":{"highway":"pedestrian"},"geometry":{"type":"LineString","coordinates":[[9.122608,53.898302],[9.12286,53.89849],[9.122874,53.898584],[9.122846,53.898715],[9.122787,53.899086]]}},{"type":"Feature","properties":{"highway":"secondary"},"geometry":{"type":"LineString","coordinates":[[9.123389,53.895295],[9.122447,53.895156],[9.120812,53.894899],[9.120036,53.894782],[9.119822,53.894748],[9.119463,53.894699]]}},{"type":"Feature","properties":{"highway":"service"},"geometry":{"type":"LineString","coordinates":[[9.128946,53.894262],[9.12919,53.89413]]}},{"type":"Feature","properties":{"highway":"service"},"geometry":{"type":"LineString","coordinates":[[9.126226,53.889506],[9.126351,53.889516],[9.126404,53.889522]]}},{"type":"Feature","properties":{"highway":"residential"},"geometry":{"type":"LineString","coordinates":[[9.14728,53.897089],[9.147067,53.897383],[9.146575,53.897479],[9.146449,53.897511]]}},{"type":"Feature","properties":{"highway":"secondary"},"geometry":{"type":"LineString","coordinates":[[9.147115,53.897623],[9.14692,53.897658],[9.146623,53.8977]]}},{"type":"Feature","properties":{"highway":"service"},"geometry":{"type":"LineString","coordinates":[[9.131905,53.893302],[9.132184,53.893185],[9.132261,53.893156],[9.132516,53.893047],[9.13258,53.89302],[9.133341,53.892745],[9.133501,53.892694],[9.134202,53.892521],[9.135103,53.892302],[9.136101,53.892074],[9.137388,53.891773]]}},{"type":"Feature","properties":{"highway":"service"},"geometry":{"type":"LineString","coordinates":[[9.155627,53.895835],[9.155891,53.896052],[9.155689,53.896143]]}},{"type":"Feature","properties":{"highway":"living_street"},"geometry":{"type":"LineString","coordinates":[[9.13426,53.911182],[9.13378,53.911057],[9.133727,53.911038],[9.133697,53.911012]]}},{"type":"Feature","properties":{"highway":"living_street"},"geometry":{"type":"LineString","coordinates":[[9.134866,53.911002],[9.134602,53.911274],[9.134513,53.91125],[9.13426,53.911182],[9.134527,53.910868]]}},{"type":"Feature","properties":{"highway":"service"},"geometry":{"type":"LineString","coordinates":[[9.132468,53.911083],[9.132714,53.911128],[9.132837,53.91117],[9.132905,53.9113]]}},{"type":"Feature","properties":{"highway":"service"},"geometry":{"type":"LineString","coordinates":[[9.137153,53.894452],[9.137719,53.894169]]}},{"type":"Feature","properties":{"highway":"service"},"geometry":{"type":"LineString","coordinates":[[9.137685,53.894785],[9.138235,53.894522]]}},{"type":"Feature","properties":{"highway":"service"},"geometry":{"type":"LineString","coordinates":[[9.14504,53.899764],[9.144802,53.899857]]}},{"type":"Feature","properties":{"highway":"service"},"geometry":{"type":"LineString","coordinates":[[9.145003,53.899578],[9.145112,53.899673],[9.145263,53.899811],[9.145345,53.899886],[9.145496,53.900024],[9.145568,53.900087],[9.145521,53.900102],[9.145463,53.90012]]}},{"type":"Feature","properties":{"highway":"service"},"geometry":{"type":"LineString","coordinates":[[9.122167,53.895979],[9.122031,53.895936],[9.12145,53.895625]]}},{"type":"Feature","properties":{"highway":"service"},"geometry":{"type":"LineString","coordinates":[[9.166288,53.903728],[9.164779,53.902925],[9.16366,53.902298]]}},{"type":"Feature","properties":{"highway":"service"},"geometry":{"type":"LineString","coordinates":[[9.125505,53.894861],[9.125569,53.894891],[9.12574,53.894967],[9.126089,53.895107],[9.126362,53.895235],[9.126521,53.895347],[9.126623,53.895407],[9.126754,53.895503],[9.126854,53.895577],[9.126916,53.895623]]}},{"type":"Feature","properties":{"highway":"residential"},"geometry":{"type":"LineString","coordinates":[[9.14942,53.904316],[9.14908,53.904126],[9.148537,53.903839],[9.148254,53.903691],[9.147878,53.903396],[9.147688,53.902972],[9.147687,53.902918],[9.147685,53.90266],[9.147648,53.901585],[9.147648,53.901364],[9.147685,53.90117],[9.147709,53.901083],[9.14778,53.90099],[9.147851,53.900897],[9.147897,53.900836],[9.14806,53.900691],[9.148422,53.900456],[9.148766,53.900233],[9.148871,53.900174]]}},{"type":"Feature","properties":{"highway":"service"},"geometry":{"type":"LineString","coordinates":[[9.147687,53.902918],[9.14751,53.902922],[9.146751,53.902927],[9.146603,53.902785]]}},{"type":"Feature","properties":{"highway":"service"},"geometry":{"type":"LineString","coordinates":[[9.146638,53.901742],[9.146738,53.902061]]}},{"type":"Feature","properties":{"highway":"tertiary"},"geometry":{"type":"LineString","coordinates":[[9.159007,53.905564],[9.159243,53.905685]]}},{"type":"Feature","properties":{"highway":"tertiary"},"geometry":{"type":"LineString","coordinates":[[9.159243,53.905685],[9.160384,53.906276],[9.161115,53.906658],[9.161756,53.906993]]}},{"type":"Feature","properties":{"highway":"service"},"geometry":{"type":"LineString","coordinates":[[9.144142,53.89418],[9.144087,53.894182],[9.143727,53.89423],[9.143449,53.894266],[9.1433,53.894316]]}},{"type":"Feature","properties":{"highway":"service"},"geometry":{"type":"LineString","coordinates":[[9.142729,53.894888],[9.142921,53.894827],[9.142917,53.894707],[9.142795,53.894536],[9.142613,53.894359]]}},{"type":"Feature","properties":{"highway":"service"},"geometry":{"type":"LineString","coordinates":[[9.162631,53.905445],[9.162938,53.905217],[9.163956,53.905706]]}},{"type":"Feature","properties":{"highway":"service"},"geometry":{"type":"LineString","coordinates":[[9.163956,53.905706],[9.164296,53.905869],[9.164418,53.905979],[9.164335,53.906038],[9.164204,53.906079],[9.164056,53.906066],[9.163996,53.905987],[9.163956,53.905706]]}},{"type":"Feature","properties":{"highway":"track"},"geometry":{"type":"LineString","coordinates":[[9.160064,53.904829],[9.160148,53.904769],[9.160213,53.904645],[9.160152,53.904456],[9.160046,53.904255],[9.159969,53.904093],[9.159978,53.903979],[9.159904,53.903834],[9.1589,53.903302],[9.158723,53.903185],[9.158656,53.903106],[9.157592,53.902406],[9.157041,53.902088],[9.156477,53.901788],[9.155958,53.901512],[9.155702,53.901377],[9.155493,53.901318],[9.155399,53.901379]]}},{"type":"Feature","properties":{"highway":"service"},"geometry":{"type":"LineString","coordinates":[[9.161337,53.906501],[9.161593,53.906492]]}},{"type":"Feature","properties":{"highway":"service"},"geometry":{"type":"LineString","coordinates":[[9.163102,53.907701],[9.164593,53.906743]]}},{"type":"Feature","properties":{"highway":"service"},"geometry":{"type":"LineString","coordinates":[[9.155688,53.90388],[9.155723,53.903776],[9.155826,53.9037],[9.155939,53.903624]]}},{"type":"Feature","properties":{"highway":"service"},"geometry":{"type":"LineString","coordinates":[[9.161115,53.906658],[9.161337,53.906501],[9.161428,53.906332],[9.161468,53.906283],[9.162631,53.905445]]}},{"type":"Feature","properties":{"highway":"service"},"geometry":{"type":"LineString","coordinates":[[9.162938,53.905217],[9.162812,53.905156]]}},{"type":"Feature","properties":{"highway":"service"},"geometry":{"type":"LineString","coordinates":[[9.162812,53.905156],[9.161418,53.904479],[9.161201,53.904638],[9.162707,53.905169],[9.162812,53.905156]]}},{"type":"Feature","properties":{"highway":"service"},"geometry":{"type":"LineString","coordinates":[[9.153913,53.902403],[9.154294,53.902603]]}},{"type":"Feature","properties":{"highway":"service"},"geometry":{"type":"LineString","coordinates":[[9.154294,53.902603],[9.154496,53.902709],[9.154616,53.902704],[9.154711,53.902667],[9.154676,53.902603],[9.154559,53.902573],[9.154401,53.90257],[9.154294,53.902603]]}},{"type":"Feature","properties":{"highway":"residential"},"geometry":{"type":"LineString","coordinates":[[9.141912,53.901065],[9.140503,53.899902],[9.140118,53.899553],[9.139847,53.899331]]}},{"type":"Feature","properties":{"highway":"service"},"geometry":{"type":"LineString","coordinates":[[9.138113,53.897838],[9.137741,53.897543],[9.137645,53.897456],[9.137661,53.897358]]}},{"type":"Feature","properties":{"highway":"service"},"geometry":{"type":"LineString","coordinates":[[9.132014,53.893508],[9.131916,53.893603]]}},{"type":"Feature","properties":{"highway":"service"},"geometry":{"type":"LineString","coordinates":[[9.152446,53.89982],[9.152721,53.899957],[9.153522,53.900391],[9.153602,53.900434],[9.154254,53.900766],[9.155074,53.901203],[9.155399,53.901379],[9.153913,53.902403],[9.153776,53.902496],[9.153511,53.90265]]}},{"type":"Feature","properties":{"highway":"service"},"geometry":{"type":"LineString","coordinates":[[9.139375,53.907158],[9.139116,53.906911]]}},{"type":"Feature","properties":{"highway":"service"},"geometry":{"type":"LineString","coordinates":[[9.136072,53.89698],[9.136168,53.8972],[9.136276,53.897259],[9.13636,53.897517]]}},{"type":"Feature","properties":{"highway":"service"},"geometry":{"type":"LineString","coordinates":[[9.150507,53.900905],[9.150597,53.900838],[9.150778,53.900714],[9.151843,53.899999]]}},{"type":"Feature","properties":{"highway":"track"},"geometry":{"type":"LineString","coordinates":[[9.123291,53.890619],[9.122597,53.889701],[9.122534,53.889634],[9.122324,53.889608],[9.119979,53.889364],[9.119818,53.889349],[9.119664,53.889306]]}},{"type":"Feature","properties":{"highway":"residential"},"geometry":{"type":"LineString","coordinates":[[9.1157,53.894555],[9.115929,53.894725],[9.116091,53.894832],[9.116172,53.894895]]}},{"type":"Feature","properties":{"highway":"residential"},"geometry":{"type":"LineString","coordinates":[[9.116952,53.89089],[9.116938,53.891031],[9.117023,53.891381],[9.116976,53.891754],[9.116877,53.892033]]}},{"type":"Feature","properties":{"highway":"service"},"geometry":{"type":"LineString","coordinates":[[9.121072,53.891251],[9.120598,53.891502]]}},{"type":"Feature","properties":{"highway":"service"},"geometry":{"type":"LineString","coordinates":[[9.120356,53.890779],[9.119619,53.890986]]}},{"type":"Feature","properties":{"highway":"service"},"geometry":{"type":"LineString","coordinates":[[9.136745,53.894014],[9.136431,53.893799]]}},{"type":"Feature","properties":{"highway":"service"},"geometry":{"type":"LineString","coordinates":[[9.136099,53.894784],[9.135697,53.894986]]}},{"type":"Feature","properties":{"highway":"service"},"geometry":{"type":"LineString","coordinates":[[9.136551,53.895092],[9.136133,53.8953]]}},{"type":"Feature","properties":{"highway":"service"},"geometry":{"type":"LineString","coordinates":[[9.135322,53.89412],[9.135663,53.894366],[9.135749,53.894399]]}},{"type":"Feature","properties":{"highway":"service"},"geometry":{"type":"LineString","coordinates":[[9.137062,53.895809],[9.136847,53.89583],[9.136494,53.895904]]}},{"type":"Feature","properties":{"highway":"service"},"geometry":{"type":"LineString","coordinates":[[9.135093,53.89474],[9.135583,53.894504],[9.13573,53.894479]]}},{"type":"Feature","properties":{"highway":"service"},"geometry":{"type":"LineString","coordinates":[[9.116832,53.892943],[9.117391,53.892936]]}},{"type":"Feature","properties":{"highway":"service"},"geometry":{"type":"LineString","coordinates":[[9.118243,53.892202],[9.118066,53.892562],[9.118214,53.89266]]}},{"type":"Feature","properties":{"highway":"service"},"geometry":{"type":"LineString","coordinates":[[9.127741,53.898964],[9.12813,53.898782],[9.128187,53.898776]]}},{"type":"Feature","properties":{"highway":"service"},"geometry":{"type":"LineString","coordinates":[[9.11866,53.891519],[9.118841,53.891494],[9.119047,53.891563]]}},{"type":"Feature","properties":{"highway":"service"},"geometry":{"type":"LineString","coordinates":[[9.14638,53.898298],[9.1459,53.897966],[9.145744,53.897858]]}},{"type":"Feature","properties":{"highway":"service"},"geometry":{"type":"LineString","coordinates":[[9.1459,53.897966],[9.146088,53.897885],[9.14618,53.897891],[9.146463,53.898123]]}},{"type":"Feature","properties":{"highway":"service"},"geometry":{"type":"LineString","coordinates":[[9.145111,53.897857],[9.145271,53.897839],[9.145406,53.897835],[9.145541,53.897876],[9.146316,53.898434]]}},{"type":"Feature","properties":{"highway":"service"},"geometry":{"type":"LineString","coordinates":[[9.156572,53.894445],[9.156583,53.894497],[9.156589,53.894527]]}},{"type":"Feature","properties":{"highway":"service"},"geometry":{"type":"LineString","coordinates":[[9.162323,53.895369],[9.162427,53.896102]]}},{"type":"Feature","properties":{"highway":"service"},"geometry":{"type":"LineString","coordinates":[[9.161134,53.896864],[9.161265,53.897221]]}},{"type":"Feature","properties":{"highway":"service"},"geometry":{"type":"LineString","coordinates":[[9.162427,53.896914],[9.162536,53.896842],[9.162619,53.896775],[9.162607,53.896567],[9.162587,53.896501],[9.162533,53.89645]]}},{"type":"Feature","properties":{"highway":"service"},"geometry":{"type":"LineString","coordinates":[[9.146057,53.900624],[9.1462,53.900762],[9.146362,53.9007]]}},{"type":"Feature","properties":{"highway":"service"},"geometry":{"type":"LineString","coordinates":[[9.149302,53.905906],[9.148903,53.906149]]}},{"type":"Feature","properties":{"highway":"service"},"geometry":{"type":"LineString","coordinates":[[9.148348,53.906635],[9.147931,53.906871]]}},{"type":"Feature","properties":{"highway":"service"},"geometry":{"type":"LineString","coordinates":[[9.149736,53.906157],[9.149179,53.906476]]}},{"type":"Feature","properties":{"highway":"service"},"geometry":{"type":"LineString","coordinates":[[9.148785,53.906903],[9.148349,53.907133]]}},{"type":"Feature","properties":{"highway":"service"},"geometry":{"type":"LineString","coordinates":[[9.147883,53.907578],[9.147524,53.907769]]}},{"type":"Feature","properties":{"highway":"service"},"geometry":{"type":"LineString","coordinates":[[9.147418,53.907316],[9.147047,53.907526]]}},{"type":"Feature","properties":{"highway":"service"},"geometry":{"type":"LineString","coordinates":[[9.127741,53.898964],[9.127895,53.899094]]}},{"type":"Feature","properties":{"highway":"service"},"geometry":{"type":"LineString","coordinates":[[9.130322,53.893197],[9.129991,53.892914]]}},{"type":"Feature","properties":{"highway":"service"},"geometry":{"type":"LineString","coordinates":[[9.126937,53.89045],[9.126545,53.890087]]}},{"type":"Feature","properties":{"highway":"service"},"geometry":{"type":"LineString","coordinates":[[9.126363,53.890526],[9.126154,53.890342]]}},{"type":"Feature","properties":{"highway":"service"},"geometry":{"type":"LineString","coordinates":[[9.126562,53.890449],[9.126283,53.890179]]}},{"type":"Feature","properties":{"highway":"residential"},"geometry":{"type":"LineString","coordinates":[[9.115998,53.896005],[9.115937,53.895943],[9.115858,53.895904],[9.115764,53.895924],[9.1157,53.895954]]}},{"type":"Feature","properties":{"highway":"residential"},"geometry":{"type":"LineString","coordinates":[[9.117229,53.897037],[9.117281,53.897013],[9.117365,53.897002],[9.117439,53.897012],[9.1177,53.897198],[9.117792,53.89723],[9.117899,53.897247]]}},{"type":"Feature","properties":{"highway":"residential"},"geometry":{"type":"LineString","coordinates":[[9.1157,53.897349],[9.115777,53.897369],[9.115919,53.897487],[9.116022,53.897533],[9.11616,53.897549]]}},{"type":"Feature","properties":{"highway":"service"},"geometry":{"type":"LineString","coordinates":[[9.117769,53.902769],[9.117566,53.90264]]}},{"type":"Feature","properties":{"highway":"service"},"geometry":{"type":"LineString","coordinates":[[9.117347,53.902501],[9.117566,53.90264]]}},{"type":"Feature","properties":{"highway":"service"},"geometry":{"type":"LineString","coordinates":[[9.116921,53.898541],[9.117026,53.898479],[9.117127,53.898276]]}},{"type":"Feature","properties":{"highway":"service"},"geometry":{"type":"LineString","coordinates":[[9.116494,53.898442],[9.116548,53.898336],[9.116567,53.898208],[9.116614,53.898123]]}},{"type":"Feature","properties":{"highway":"service"},"geometry":{"type":"LineString","coordinates":[[9.119047,53.900767],[9.118993,53.9009],[9.118884,53.901127]]}},{"type":"Feature","properties":{"highway":"service"},"geometry":{"type":"LineString","coordinates":[[9.13615,53.90416],[9.135723,53.904333]]}},{"type":"Feature","properties":{"highway":"service"},"geometry":{"type":"LineString","coordinates":[[9.134111,53.904955],[9.134372,53.905167]]}},{"type":"Feature","properties":{"highway":"service"},"geometry":{"type":"LineString","coordinates":[[9.131269,53.90209],[9.131635,53.901943]]}},{"type":"Feature","properties":{"highway":"service"},"geometry":{"type":"LineString","coordinates":[[9.135222,53.904901],[9.13601,53.904572],[9.135749,53.904358],[9.135723,53.904333]]}},{"type":"Feature","properties":{"highway":"service"},"geometry":{"type":"LineString","coordinates":[[9.134372,53.905167],[9.134509,53.905286],[9.135286,53.904957],[9.135222,53.904901],[9.13493,53.904636],[9.134754,53.904596]]}},{"type":"Feature","properties":{"highway":"service"},"geometry":{"type":"LineString","coordinates":[[9.131858,53.905887],[9.132356,53.905687]]}},{"type":"Feature","properties":{"highway":"service"},"geometry":{"type":"LineString","coordinates":[[9.131492,53.905589],[9.13202,53.905378]]}},{"type":"Feature","properties":{"highway":"service"},"geometry":{"type":"LineString","coordinates":[[9.133433,53.904193],[9.133841,53.904506]]}},{"type":"Feature","properties":{"highway":"service"},"geometry":{"type":"LineString","coordinates":[[9.134068,53.906323],[9.133875,53.906158]]}},{"type":"Feature","properties":{"highway":"service"},"geometry":{"type":"LineString","coordinates":[[9.134545,53.906129],[9.134286,53.906234],[9.134068,53.906323],[9.133849,53.906411],[9.133763,53.906446]]}},{"type":"Feature","properties":{"highway":"service"},"geometry":{"type":"LineString","coordinates":[[9.133763,53.906446],[9.133594,53.906307],[9.133569,53.906286],[9.133655,53.90625],[9.133875,53.906158],[9.134086,53.906069],[9.134286,53.906234]]}},{"type":"Feature","properties":{"highway":"service"},"geometry":{"type":"LineString","coordinates":[[9.13261,53.907301],[9.132209,53.906979]]}},{"type":"Feature","properties":{"highway":"service"},"geometry":{"type":"LineString","coordinates":[[9.133303,53.908067],[9.133004,53.90784]]}},{"type":"Feature","properties":{"highway":"service"},"geometry":{"type":"LineString","coordinates":[[9.150368,53.892676],[9.150039,53.89244],[9.149885,53.892343],[9.149919,53.892327],[9.150017,53.892279],[9.150368,53.892131]]}},{"type":"Feature","properties":{"highway":"service"},"geometry":{"type":"LineString","coordinates":[[9.155119,53.896059],[9.155014,53.896117],[9.153625,53.895079],[9.150368,53.892676]]}},{"type":"Feature","properties":{"highway":"service"},"geometry":{"type":"LineString","coordinates":[[9.149074,53.892515],[9.149121,53.892517],[9.149286,53.892524],[9.149387,53.892513],[9.149509,53.892498],[9.149597,53.89246],[9.149735,53.892406],[9.149885,53.892343]]}},{"type":"Feature","properties":{"highway":"service"},"geometry":{"type":"LineString","coordinates":[[9.147229,53.889828],[9.148095,53.889838]]}},{"type":"Feature","properties":{"highway":"service"},"geometry":{"type":"LineString","coordinates":[[9.146686,53.889897],[9.147094,53.889814],[9.14713,53.88982],[9.147229,53.889828]]}},{"type":"Feature","properties":{"highway":"service"},"geometry":{"type":"LineString","coordinates":[[9.146512,53.890141],[9.146645,53.890053],[9.146705,53.889963],[9.146686,53.889897],[9.146594,53.889824],[9.146437,53.889811],[9.146329,53.889841],[9.14623,53.889881]]}},{"type":"Feature","properties":{"highway":"service"},"geometry":{"type":"LineString","coordinates":[[9.128095,53.897469],[9.128518,53.897312]]}},{"type":"Feature","properties":{"highway":"service"},"geometry":{"type":"LineString","coordinates":[[9.117773,53.895906],[9.117449,53.896038]]}},{"type":"Feature","properties":{"highway":"service"},"geometry":{"type":"LineString","coordinates":[[9.130839,53.904356],[9.131064,53.904267],[9.131158,53.904278]]}},{"type":"Feature","properties":{"highway":"service"},"geometry":{"type":"LineString","coordinates":[[9.118428,53.897897],[9.118216,53.897879],[9.118011,53.897863],[9.117714,53.897849],[9.117652,53.897977]]}},{"type":"Feature","properties":{"highway":"service"},"geometry":{"type":"LineString","coordinates":[[9.118502,53.897033],[9.118495,53.896982],[9.118733,53.896833],[9.118652,53.896747],[9.118372,53.896716],[9.118285,53.896648]]}},{"type":"Feature","properties":{"highway":"residential"},"geometry":{"type":"LineString","coordinates":[[9.157702,53.893801],[9.157519,53.892848],[9.157439,53.892609]]}},{"type":"Feature","properties":{"highway":"residential"},"geometry":{"type":"LineString","coordinates":[[9.160399,53.892585],[9.158924,53.89261],[9.157439,53.892609]]}},{"type":"Feature","properties":{"highway":"residential"},"geometry":{"type":"LineString","coordinates":[[9.164873,53.897091],[9.164947,53.89702],[9.164994,53.896886],[9.165026,53.896301],[9.16504,53.896127],[9.165109,53.895795],[9.165125,53.895719]]}},{"type":"Feature","properties":{"highway":"residential"},"geometry":{"type":"LineString","coordinates":[[9.154478,53.893833],[9.154577,53.893959],[9.155042,53.894414],[9.155235,53.894483],[9.15534,53.894485],[9.155789,53.89447],[9.156406,53.894448],[9.156572,53.894445],[9.156871,53.894439],[9.15706,53.894436],[9.15774,53.894547],[9.157856,53.894566]]}},{"type":"Feature","properties":{"highway":"service"},"geometry":{"type":"LineString","coordinates":[[9.156616,53.894598],[9.156736,53.894898],[9.156494,53.894937]]}},{"type":"Feature","properties":{"highway":"service"},"geometry":{"type":"LineString","coordinates":[[9.156589,53.894527],[9.156616,53.894598]]}},{"type":"Feature","properties":{"highway":"service"},"geometry":{"type":"LineString","coordinates":[[9.164781,53.892084],[9.164822,53.891307],[9.16483,53.89084],[9.164862,53.890538]]}},{"type":"Feature","properties":{"highway":"service"},"geometry":{"type":"LineString","coordinates":[[9.155401,53.893832],[9.15534,53.89367],[9.155204,53.893315]]}},{"type":"Feature","properties":{"highway":"service"},"geometry":{"type":"LineString","coordinates":[[9.158172,53.895391],[9.156982,53.895566]]}},{"type":"Feature","properties":{"highway":"service"},"geometry":{"type":"LineString","coordinates":[[9.172838,53.899202],[9.172565,53.899322]]}},{"type":"Feature","properties":{"highway":"service"},"geometry":{"type":"LineString","coordinates":[[9.145473,53.895608],[9.145298,53.895552],[9.145069,53.89548],[9.144958,53.895443],[9.144702,53.895419]]}},{"type":"Feature","properties":{"highway":"service"},"geometry":{"type":"LineString","coordinates":[[9.148574,53.889907],[9.148628,53.889849],[9.148095,53.889838]]}},{"type":"Feature","properties":{"highway":"residential"},"geometry":{"type":"LineString","coordinates":[[9.121431,53.899187],[9.121251,53.89933],[9.121192,53.89937]]}},{"type":"Feature","properties":{"highway":"residential"},"geometry":{"type":"LineString","coordinates":[[9.123389,53.895295],[9.123186,53.895533],[9.122167,53.895979]]}},{"type":"Feature","properties":{"highway":"residential"},"geometry":{"type":"LineString","coordinates":[[9.121929,53.899986],[9.121835,53.899899],[9.121778,53.899846],[9.12126,53.899415],[9.121192,53.89937]]}},{"type":"Feature","properties":{"highway":"residential"},"geometry":{"type":"LineString","coordinates":[[9.12407,53.901737],[9.124009,53.901691],[9.123631,53.901391],[9.123219,53.901058],[9.12307,53.900946],[9.122684,53.900622],[9.122362,53.900352]]}},{"type":"Feature","properties":{"highway":"secondary"},"geometry":{"type":"LineString","coordinates":[[9.140513,53.897751],[9.142838,53.897588]]}},{"type":"Feature","properties":{"highway":"secondary"},"geometry":{"type":"LineString","coordinates":[[9.145737,53.897701],[9.145278,53.897684],[9.144855,53.897657]]}},{"type":"Feature","properties":{"highway":"residential"},"geometry":{"type":"LineString","coordinates":[[9.136936,53.896887],[9.138412,53.896726],[9.139147,53.896641],[9.14004,53.896536]]}},{"type":"Feature","properties":{"highway":"secondary"},"geometry":{"type":"LineString","coordinates":[[9.122668,53.90217],[9.122204,53.901864],[9.121682,53.901526],[9.120863,53.90098],[9.12067,53.900827],[9.120487,53.900694],[9.12033,53.90053],[9.120293,53.900478],[9.12021,53.900358],[9.120002,53.900055],[9.119898,53.899866],[9.119859,53.899744],[9.119802,53.899612],[9.119776,53.899394],[9.119753,53.899192]]}},{"type":"Feature","properties":{"highway":"service"},"geometry":{"type":"LineString","coordinates":[[9.122011,53.899882],[9.12197,53.899935],[9.121929,53.899986]]}},{"type":"Feature","properties":{"highway":"service"},"geometry":{"type":"LineString","coordinates":[[9.121431,53.899187],[9.121503,53.8992],[9.121638,53.899281],[9.121692,53.899327]]}},{"type":"Feature","properties":{"highway":"service"},"geometry":{"type":"LineString","coordinates":[[9.131325,53.892922],[9.131405,53.892908],[9.131476,53.892902],[9.131604,53.893022],[9.131742,53.893185],[9.131812,53.893283],[9.131905,53.893302]]}},{"type":"Feature","properties":{"highway":"service"},"geometry":{"type":"LineString","coordinates":[[9.121991,53.899552],[9.122043,53.899623],[9.122011,53.899882]]}},{"type":"Feature","properties":{"highway":"service"},"geometry":{"type":"LineString","coordinates":[[9.131007,53.893003],[9.131089,53.893137]]}},{"type":"Feature","properties":{"highway":"residential"},"geometry":{"type":"LineString","coordinates":[[9.130736,53.893816],[9.13106,53.893765],[9.13146,53.89374]]}},{"type":"Feature","properties":{"highway":"secondary"},"geometry":{"type":"LineString","coordinates":[[9.147774,53.897511],[9.147742,53.897516],[9.147115,53.897623]]}},{"type":"Feature","properties":{"highway":"residential"},"geometry":{"type":"LineString","coordinates":[[9.146564,53.897642],[9.146449,53.897511]]}},{"type":"Feature","properties":{"highway":"secondary"},"geometry":{"type":"LineString","coordinates":[[9.157421,53.896637],[9.157709,53.896582]]}},{"type":"Feature","properties":{"highway":"secondary"},"geometry":{"type":"LineString","coordinates":[[9.157709,53.896582],[9.157923,53.896535]]}},{"type":"Feature","properties":{"highway":"secondary"},"geometry":{"type":"LineString","coordinates":[[9.1567,53.896745],[9.156781,53.896734],[9.157421,53.896637]]}},{"type":"Feature","properties":{"highway":"service"},"geometry":{"type":"LineString","coordinates":[[9.147541,53.899447],[9.147199,53.899651],[9.147076,53.899729],[9.14697,53.899806],[9.146806,53.899924],[9.14686,53.899936],[9.146916,53.899971],[9.146919,53.900018],[9.146906,53.90007],[9.146868,53.900097],[9.14676,53.900152],[9.146565,53.900228],[9.146135,53.900395]]}},{"type":"Feature","properties":{"highway":"service"},"geometry":{"type":"LineString","coordinates":[[9.147102,53.899893],[9.14697,53.899806]]}},{"type":"Feature","properties":{"highway":"service"},"geometry":{"type":"LineString","coordinates":[[9.159551,53.911093],[9.158311,53.910603],[9.158017,53.910862]]}},{"type":"Feature","properties":{"highway":"service"},"geometry":{"type":"LineString","coordinates":[[9.14034,53.897286],[9.139818,53.897341],[9.139735,53.897314]]}},{"type":"Feature","properties":{"highway":"service"},"geometry":{"type":"LineString","coordinates":[[9.142805,53.894969],[9.143256,53.894839],[9.14335,53.894815],[9.143419,53.894802],[9.143527,53.894832],[9.143666,53.894891],[9.14398,53.895052],[9.144428,53.89534]]}},{"type":"Feature","properties":{"highway":"track"},"geometry":{"type":"LineString","coordinates":[[9.146655,53.910393],[9.146783,53.910458],[9.146872,53.910535],[9.147371,53.911079],[9.147449,53.911144],[9.147513,53.911187],[9.147599,53.911237],[9.147713,53.911288],[9.147741,53.9113]]}},{"type":"Feature","properties":{"highway":"tertiary"},"geometry":{"type":"LineString","coordinates":[[9.15102,53.906896],[9.150834,53.907043],[9.149569,53.908036],[9.147055,53.909994],[9.146827,53.910187],[9.146736,53.910285],[9.146655,53.910393]]}},{"type":"Feature","properties":{"highway":"secondary"},"geometry":{"type":"LineString","coordinates":[[9.137661,53.897358],[9.137891,53.897454],[9.138097,53.897535],[9.138177,53.897558]]}},{"type":"Feature","properties":{"highway":"service"},"geometry":{"type":"LineString","coordinates":[[9.122396,53.902562],[9.122153,53.902363],[9.122332,53.902257],[9.122021,53.902029],[9.122032,53.901947],[9.122204,53.901864]]}},{"type":"Feature","properties":{"highway":"residential"},"geometry":{"type":"LineString","coordinates":[[9.122603,53.902462],[9.122396,53.902562],[9.122296,53.902611],[9.121892,53.90276],[9.12167,53.902826],[9.120766,53.903257],[9.120578,53.903361],[9.120447,53.903411],[9.120281,53.903447],[9.119411,53.903443],[9.119161,53.903481],[9.118988,53.903575],[9.118787,53.903693]]}},{"type":"Feature","properties":{"highway":"secondary"},"geometry":{"type":"LineString","coordinates":[[9.123032,53.902409],[9.122989,53.902429],[9.122976,53.902434],[9.12291,53.902447],[9.122839,53.902447],[9.122773,53.902433],[9.122718,53.902407],[9.12268,53.902372],[9.122664,53.902332],[9.12267,53.902291],[9.122699,53.902253],[9.122747,53.902223],[9.122809,53.902204],[9.122879,53.902197],[9.122948,53.902205],[9.12301,53.902225],[9.123038,53.902243],[9.123057,53.902255],[9.123084,53.902293],[9.123089,53.902335],[9.123071,53.902375],[9.123032,53.902409]]}},{"type":"Feature","properties":{"highway":"service"},"geometry":{"type":"LineString","coordinates":[[9.139014,53.906049],[9.138899,53.906106],[9.138896,53.906166]]}},{"type":"Feature","properties":{"highway":"service"},"geometry":{"type":"LineString","coordinates":[[9.13871,53.905871],[9.138445,53.90597]]}},{"type":"Feature","properties":{"highway":"service"},"geometry":{"type":"LineString","coordinates":[[9.133461,53.900667],[9.133571,53.900713],[9.133839,53.900757],[9.134188,53.900748]]}},{"type":"Feature","properties":{"highway":"residential"},"geometry":{"type":"LineString","coordinates":[[9.161358,53.898426],[9.161392,53.898601],[9.163306,53.900017],[9.163573,53.900103],[9.164027,53.900128],[9.165933,53.900148]]}},{"type":"Feature","properties":{"highway":"secondary"},"geometry":{"type":"LineString","coordinates":[[9.165933,53.900148],[9.165949,53.899573],[9.165953,53.899001],[9.165984,53.897792],[9.165982,53.896239]]}},{"type":"Feature","properties":{"highway":"residential"},"geometry":{"type":"LineString","coordinates":[[9.12167,53.902826],[9.121384,53.902624],[9.120628,53.902091],[9.120539,53.902074],[9.120441,53.902085],[9.119742,53.902436],[9.119709,53.902506],[9.11976,53.902571],[9.120233,53.902903],[9.120574,53.903137],[9.120766,53.903257]]}},{"type":"Feature","properties":{"highway":"service"},"geometry":{"type":"LineString","coordinates":[[9.119045,53.90277],[9.119545,53.902526],[9.119709,53.902506]]}},{"type":"Feature","properties":{"highway":"service"},"geometry":{"type":"LineString","coordinates":[[9.121023,53.901758],[9.12057,53.902008],[9.120539,53.902074]]}},{"type":"Feature","properties":{"highway":"residential"},"geometry":{"type":"LineString","coordinates":[[9.12407,53.901737],[9.123575,53.901983],[9.12313,53.9022]]}},{"type":"Feature","properties":{"highway":"residential"},"geometry":{"type":"LineString","coordinates":[[9.127957,53.899946],[9.127731,53.900038],[9.127435,53.900158],[9.127204,53.900128],[9.127106,53.900097]]}},{"type":"Feature","properties":{"highway":"service"},"geometry":{"type":"LineString","coordinates":[[9.122402,53.900749],[9.122684,53.900622]]}},{"type":"Feature","properties":{"highway":"service"},"geometry":{"type":"LineString","coordinates":[[9.133202,53.899878],[9.133157,53.899896],[9.133039,53.899977]]}},{"type":"Feature","properties":{"highway":"service"},"geometry":{"type":"LineString","coordinates":[[9.133039,53.899977],[9.133229,53.90011],[9.133354,53.900249],[9.133374,53.900338],[9.133321,53.900445],[9.133206,53.900527],[9.132844,53.900675],[9.132677,53.900702],[9.132448,53.900749],[9.132337,53.900726],[9.132157,53.90058],[9.131932,53.900388],[9.13172,53.900235],[9.131628,53.900126],[9.131755,53.899996],[9.131871,53.899855],[9.132481,53.899613],[9.133039,53.899977]]}},{"type":"Feature","properties":{"highway":"residential"},"geometry":{"type":"LineString","coordinates":[[9.128571,53.897867],[9.127925,53.897951],[9.127588,53.898001]]}},{"type":"Feature","properties":{"highway":"secondary"},"geometry":{"type":"LineString","coordinates":[[9.128571,53.897867],[9.128179,53.897539]]}},{"type":"Feature","properties":{"highway":"secondary"},"geometry":{"type":"LineString","coordinates":[[9.128571,53.897867],[9.12992,53.897716]]}},{"type":"Feature","properties":{"highway":"unclassified"},"geometry":{"type":"LineString","coordinates":[[9.128571,53.897867],[9.129009,53.898239]]}},{"type":"Feature","properties":{"highway":"residential"},"geometry":{"type":"LineString","coordinates":[[9.140069,53.906869],[9.140206,53.90699],[9.142521,53.908964],[9.142625,53.909072],[9.142729,53.909185],[9.1428,53.909293],[9.142884,53.909441],[9.142933,53.909588],[9.14296,53.909725],[9.142969,53.909875],[9.142943,53.91006],[9.142908,53.910173],[9.142834,53.910349],[9.142751,53.910489],[9.142709,53.910568],[9.142306,53.911188],[9.142236,53.9113]]}},{"type":"Feature","properties":{"highway":"residential"},"geometry":{"type":"LineString","coordinates":[[9.139579,53.906469],[9.140069,53.906869]]}},{"type":"Feature","properties":{"highway":"residential"},"geometry":{"type":"LineString","coordinates":[[9.140069,53.906869],[9.139888,53.906944],[9.139496,53.907107]]}},{"type":"Feature","properties":{"highway":"secondary"},"geometry":{"type":"LineString","coordinates":[[9.131209,53.9106],[9.131271,53.910342],[9.131307,53.910017]]}},{"type":"Feature","properties":{"highway":"secondary"},"geometry":{"type":"LineString","coordinates":[[9.131307,53.910017],[9.131307,53.909916],[9.131303,53.909698],[9.131287,53.909448],[9.131199,53.909078],[9.131099,53.908861],[9.13094,53.908506],[9.130766,53.908193],[9.130581,53.907972],[9.130484,53.907861],[9.130358,53.907717],[9.130152,53.90751]]}},{"type":"Feature","properties":{"highway":"service"},"geometry":{"type":"LineString","coordinates":[[9.141524,53.896358],[9.141685,53.896795],[9.142293,53.896703]]}},{"type":"Feature","properties":{"highway":"service"},"geometry":{"type":"LineString","coordinates":[[9.134084,53.90764],[9.133944,53.907695],[9.133826,53.907605]]}},{"type":"Feature","properties":{"highway":"service"},"geometry":{"type":"LineString","coordinates":[[9.135298,53.906746],[9.135108,53.906828]]}},{"type":"Feature","properties":{"highway":"service"},"geometry":{"type":"LineString","coordinates":[[9.13527,53.906723],[9.1354,53.906674],[9.135502,53.906751]]}},{"type":"Feature","properties":{"highway":"service"},"geometry":{"type":"LineString","coordinates":[[9.1354,53.906674],[9.135291,53.90658]]}},{"type":"Feature","properties":{"highway":"service"},"geometry":{"type":"LineString","coordinates":[[9.135564,53.906957],[9.135374,53.90704]]}},{"type":"Feature","properties":{"highway":"service"},"geometry":{"type":"LineString","coordinates":[[9.135759,53.907113],[9.13558,53.907194]]}},{"type":"Feature","properties":{"highway":"service"},"geometry":{"type":"LineString","coordinates":[[9.136159,53.907217],[9.136171,53.907286],[9.136195,53.907307],[9.136528,53.907578]]}},{"type":"Feature","properties":{"highway":"service"},"geometry":{"type":"LineString","coordinates":[[9.136872,53.899961],[9.136975,53.899911],[9.137031,53.89986],[9.137283,53.899718],[9.137347,53.899669]]}},{"type":"Feature","properties":{"highway":"secondary"},"geometry":{"type":"LineString","coordinates":[[9.131522,53.897528],[9.131616,53.897518],[9.131739,53.897507]]}},{"type":"Feature","properties":{"highway":"service"},"geometry":{"type":"LineString","coordinates":[[9.132329,53.89911],[9.132399,53.899082]]}},{"type":"Feature","properties":{"highway":"service"},"geometry":{"type":"LineString","coordinates":[[9.132637,53.898992],[9.132766,53.898963]]}},{"type":"Feature","properties":{"highway":"service"},"geometry":{"type":"LineString","coordinates":[[9.132205,53.898905],[9.132399,53.899082]]}},{"type":"Feature","properties":{"highway":"service"},"geometry":{"type":"LineString","coordinates":[[9.134039,53.89948],[9.134148,53.899549]]}},{"type":"Feature","properties":{"highway":"service"},"geometry":{"type":"LineString","coordinates":[[9.136571,53.908361],[9.136647,53.90844],[9.136669,53.908469],[9.136681,53.908501],[9.136684,53.908551],[9.13667,53.908586],[9.136644,53.908614],[9.136587,53.908639],[9.136523,53.908659],[9.136458,53.908676],[9.136387,53.908688],[9.136336,53.908691],[9.136288,53.908684],[9.136239,53.908671],[9.1362,53.908651],[9.136179,53.908639],[9.136141,53.90861],[9.136088,53.908571]]}},{"type":"Feature","properties":{"highway":"service"},"geometry":{"type":"LineString","coordinates":[[9.138266,53.9113],[9.138302,53.911266],[9.138335,53.911236],[9.138364,53.911226],[9.138431,53.911224]]}},{"type":"Feature","properties":{"highway":"service"},"geometry":{"type":"LineString","coordinates":[[9.138431,53.911224],[9.138467,53.911223],[9.138557,53.911221],[9.138607,53.911215],[9.138644,53.911202],[9.138656,53.911185],[9.138658,53.911167],[9.138646,53.911151],[9.138624,53.911138],[9.138581,53.91113],[9.138544,53.911139],[9.138514,53.911158],[9.138502,53.911178],[9.13849,53.911194],[9.138467,53.911207],[9.138431,53.911224]]}},{"type":"Feature","properties":{"highway":"service"},"geometry":{"type":"LineString","coordinates":[[9.142908,53.910173],[9.143035,53.910204],[9.143285,53.910257],[9.14363,53.910351],[9.143731,53.910363],[9.143794,53.910377],[9.14385,53.910387]]}},{"type":"Feature","properties":{"highway":"service"},"geometry":{"type":"LineString","coordinates":[[9.14385,53.910387],[9.14434,53.910485]]}},{"type":"Feature","properties":{"highway":"service"},"geometry":{"type":"LineString","coordinates":[[9.14434,53.910485],[9.144062,53.910936]]}},{"type":"Feature","properties":{"highway":"service"},"geometry":{"type":"LineString","coordinates":[[9.143285,53.910257],[9.143305,53.910235],[9.143329,53.910224],[9.143368,53.910215],[9.143427,53.910215],[9.143498,53.910226],[9.143593,53.910242],[9.143673,53.910257],[9.143712,53.910271],[9.143736,53.910291],[9.143748,53.910323],[9.143731,53.910363]]}},{"type":"Feature","properties":{"highway":"service"},"geometry":{"type":"LineString","coordinates":[[9.14363,53.910351],[9.143521,53.91053]]}},{"type":"Feature","properties":{"highway":"service"},"geometry":{"type":"LineString","coordinates":[[9.137347,53.899669],[9.137488,53.899602],[9.13782,53.899465]]}},{"type":"Feature","properties":{"highway":"service"},"geometry":{"type":"LineString","coordinates":[[9.14434,53.910485],[9.144395,53.910388],[9.144435,53.909868],[9.145259,53.909578]]}},{"type":"Feature","properties":{"highway":"service"},"geometry":{"type":"LineString","coordinates":[[9.145568,53.900087],[9.14587,53.900354],[9.146035,53.900295]]}},{"type":"Feature","properties":{"highway":"service"},"geometry":{"type":"LineString","coordinates":[[9.127104,53.887878],[9.126964,53.887883],[9.126831,53.888129],[9.126726,53.888249],[9.126501,53.888463]]}},{"type":"Feature","properties":{"highway":"residential"},"geometry":{"type":"LineString","coordinates":[[9.122362,53.900352],[9.122,53.900049],[9.121929,53.899986]]}},{"type":"Feature","properties":{"highway":"service"},"geometry":{"type":"LineString","coordinates":[[9.121695,53.899501],[9.121845,53.899671]]}},{"type":"Feature","properties":{"highway":"service"},"geometry":{"type":"LineString","coordinates":[[9.121692,53.899327],[9.121828,53.899412]]}},{"type":"Feature","properties":{"highway":"service"},"geometry":{"type":"LineString","coordinates":[[9.162013,53.894095],[9.162008,53.893373],[9.161525,53.893373]]}},{"type":"Feature","properties":{"highway":"service"},"geometry":{"type":"LineString","coordinates":[[9.132249,53.899149],[9.132164,53.899069]]}},{"type":"Feature","properties":{"highway":"service"},"geometry":{"type":"LineString","coordinates":[[9.132202,53.899178],[9.132249,53.899149],[9.132329,53.89911]]}},{"type":"Feature","properties":{"highway":"service"},"geometry":{"type":"LineString","coordinates":[[9.132399,53.899082],[9.132472,53.899055],[9.132637,53.898992]]}},{"type":"Feature","properties":{"highway":"service"},"geometry":{"type":"LineString","coordinates":[[9.171403,53.906324],[9.171006,53.906085],[9.170941,53.906044],[9.170845,53.905976],[9.170814,53.905952],[9.17062,53.905842],[9.170316,53.905684],[9.170005,53.905518]]}},{"type":"Feature","properties":{"highway":"residential"},"geometry":{"type":"LineString","coordinates":[[9.127588,53.898001],[9.127241,53.898069],[9.127119,53.898101],[9.126665,53.898218],[9.126393,53.898284]]}},{"type":"Feature","properties":{"highway":"residential"},"geometry":{"type":"LineString","coordinates":[[9.12432,53.901625],[9.124155,53.901699],[9.12407,53.901737]]}},{"type":"Feature","properties":{"highway":"residential"},"geometry":{"type":"LineString","coordinates":[[9.124966,53.901268],[9.124878,53.901332],[9.124761,53.901417],[9.12432,53.901625]]}},{"type":"Feature","properties":{"highway":"secondary"},"geometry":{"type":"LineString","coordinates":[[9.126482,53.896117],[9.126369,53.896019]]}},{"type":"Feature","properties":{"highway":"residential"},"geometry":{"type":"LineString","coordinates":[[9.141912,53.901065],[9.140725,53.901637],[9.140489,53.901736]]}},{"type":"Feature","properties":{"highway":"residential"},"geometry":{"type":"LineString","coordinates":[[9.137246,53.89899],[9.136041,53.898049],[9.135431,53.897579],[9.134942,53.8971]]}},{"type":"Feature","properties":{"highway":"residential"},"geometry":{"type":"LineString","coordinates":[[9.137246,53.89899],[9.136318,53.899392]]}},{"type":"Feature","properties":{"highway":"secondary"},"geometry":{"type":"LineString","coordinates":[[9.136936,53.896887],[9.137661,53.897358]]}},{"type":"Feature","properties":{"highway":"service"},"geometry":{"type":"LineString","coordinates":[[9.168817,53.905073],[9.169039,53.904924]]}},{"type":"Feature","properties":{"highway":"secondary"},"geometry":{"type":"LineString","coordinates":[[9.165982,53.896239],[9.165979,53.895935]]}},{"type":"Feature","properties":{"highway":"service"},"geometry":{"type":"LineString","coordinates":[[9.152016,53.890337],[9.152301,53.890334],[9.152456,53.89028],[9.152547,53.890206]]}},{"type":"Feature","properties":{"highway":"service"},"geometry":{"type":"LineString","coordinates":[[9.14811,53.890599],[9.148128,53.890517],[9.148345,53.890193],[9.148574,53.889907]]}},{"type":"Feature","properties":{"highway":"service"},"geometry":{"type":"LineString","coordinates":[[9.163114,53.890093],[9.162521,53.890026],[9.156422,53.889956],[9.153697,53.88992],[9.153072,53.889912],[9.152611,53.889887]]}},{"type":"Feature","properties":{"highway":"service"},"geometry":{"type":"LineString","coordinates":[[9.151309,53.891944],[9.151603,53.891821]]}},{"type":"Feature","properties":{"highway":"service"},"geometry":{"type":"LineString","coordinates":[[9.15748,53.895686],[9.158249,53.895577]]}},{"type":"Feature","properties":{"highway":"service"},"geometry":{"type":"LineString","coordinates":[[9.157853,53.895857],[9.157821,53.895785],[9.158302,53.895706]]}},{"type":"Feature","properties":{"highway":"service"},"geometry":{"type":"LineString","coordinates":[[9.130262,53.90014],[9.13024,53.900182],[9.130234,53.90029],[9.13025,53.900511],[9.130308,53.900601],[9.13034,53.900686],[9.130308,53.900796]]}},{"type":"Feature","properties":{"highway":"service"},"geometry":{"type":"LineString","coordinates":[[9.130109,53.900018],[9.130171,53.900073],[9.130221,53.900105],[9.130262,53.90014],[9.13037,53.900136],[9.130975,53.899896]]}},{"type":"Feature","properties":{"highway":"residential"},"geometry":{"type":"LineString","coordinates":[[9.118988,53.903575],[9.118419,53.903237],[9.1182,53.903198]]}},{"type":"Feature","properties":{"highway":"service"},"geometry":{"type":"LineString","coordinates":[[9.152547,53.890206],[9.152592,53.890163],[9.152593,53.889986],[9.152593,53.88996]]}},{"type":"Feature","properties":{"highway":"service"},"geometry":{"type":"LineString","coordinates":[[9.140007,53.910092],[9.139895,53.910128],[9.139573,53.910253],[9.139316,53.910365]]}},{"type":"Feature","properties":{"highway":"service"},"geometry":{"type":"LineString","coordinates":[[9.163925,53.894357],[9.163936,53.894585],[9.163887,53.89463],[9.163813,53.894687],[9.163664,53.894711],[9.163505,53.894721]]}},{"type":"Feature","properties":{"highway":"service"},"geometry":{"type":"LineString","coordinates":[[9.163911,53.894075],[9.163925,53.894357]]}},{"type":"Feature","properties":{"highway":"residential"},"geometry":{"type":"LineString","coordinates":[[9.132773,53.899584],[9.132991,53.899728],[9.133074,53.899787],[9.133202,53.899878],[9.133303,53.899946],[9.133446,53.90005],[9.13362,53.900257],[9.133596,53.900384],[9.13356,53.900489],[9.133492,53.900553],[9.133367,53.900623]]}},{"type":"Feature","properties":{"highway":"secondary"},"geometry":{"type":"LineString","coordinates":[[9.133042,53.897364],[9.134942,53.8971]]}},{"type":"Feature","properties":{"highway":"residential"},"geometry":{"type":"LineString","coordinates":[[9.127744,53.89541],[9.127826,53.895373]]}},{"type":"Feature","properties":{"highway":"residential"},"geometry":{"type":"LineString","coordinates":[[9.127169,53.895701],[9.127377,53.895577]]}},{"type":"Feature","properties":{"highway":"secondary"},"geometry":{"type":"LineString","coordinates":[[9.13244,53.897435],[9.132613,53.897416],[9.13267,53.89741],[9.132795,53.897397],[9.133042,53.897364]]}},{"type":"Feature","properties":{"highway":"service"},"geometry":{"type":"LineString","coordinates":[[9.150306,53.906487],[9.150715,53.906244]]}},{"type":"Feature","properties":{"highway":"tertiary"},"geometry":{"type":"LineString","coordinates":[[9.155408,53.903857],[9.15539,53.903922]]}},{"type":"Feature","properties":{"highway":"service"},"geometry":{"type":"LineString","coordinates":[[9.169884,53.889962],[9.169713,53.889894],[9.169328,53.889793],[9.169099,53.889717],[9.168786,53.889555],[9.168564,53.889523],[9.164616,53.889354],[9.164081,53.889306],[9.159622,53.889031],[9.159363,53.889002]]}},{"type":"Feature","properties":{"highway":"service"},"geometry":{"type":"LineString","coordinates":[[9.159363,53.889002],[9.159189,53.888985]]}},{"type":"Feature","properties":{"highway":"service"},"geometry":{"type":"LineString","coordinates":[[9.159189,53.888985],[9.158757,53.888939],[9.152816,53.888869]]}},{"type":"Feature","properties":{"highway":"service"},"geometry":{"type":"LineString","coordinates":[[9.152816,53.888869],[9.152596,53.888866]]}},{"type":"Feature","properties":{"highway":"service"},"geometry":{"type":"LineString","coordinates":[[9.147851,53.900897],[9.147258,53.900785]]}},{"type":"Feature","properties":{"highway":"service"},"geometry":{"type":"LineString","coordinates":[[9.146855,53.900498],[9.146362,53.9007]]}},{"type":"Feature","properties":{"highway":"service"},"geometry":{"type":"LineString","coordinates":[[9.147258,53.900785],[9.147153,53.900715],[9.146916,53.900556]]}},{"type":"Feature","properties":{"highway":"residential"},"geometry":{"type":"LineString","coordinates":[[9.131539,53.897602],[9.131583,53.897754],[9.131621,53.897908]]}},{"type":"Feature","properties":{"highway":"residential"},"geometry":{"type":"LineString","coordinates":[[9.131522,53.897528],[9.131539,53.897602]]}},{"type":"Feature","properties":{"highway":"secondary"},"geometry":{"type":"LineString","coordinates":[[9.157923,53.896535],[9.158266,53.896371],[9.158526,53.896266],[9.159573,53.895766]]}},{"type":"Feature","properties":{"highway":"residential"},"geometry":{"type":"LineString","coordinates":[[9.157923,53.896535],[9.15859,53.896962]]}},{"type":"Feature","properties":{"highway":"service"},"geometry":{"type":"LineString","coordinates":[[9.17034,53.901401],[9.17027,53.901814]]}},{"type":"Feature","properties":{"highway":"service"},"geometry":{"type":"LineString","coordinates":[[9.151201,53.905314],[9.15132,53.905364],[9.151638,53.90555],[9.151697,53.905575],[9.151751,53.905575],[9.151809,53.905553],[9.152115,53.905363]]}},{"type":"Feature","properties":{"highway":"service"},"geometry":{"type":"LineString","coordinates":[[9.138907,53.909186],[9.138829,53.909216],[9.13881,53.909229],[9.138803,53.909248],[9.13881,53.909267],[9.139059,53.909482],[9.13908,53.909494],[9.139117,53.909498],[9.139153,53.909492],[9.139235,53.909457]]}},{"type":"Feature","properties":{"highway":"pedestrian"},"geometry":{"type":"LineString","coordinates":[[9.122608,53.898302],[9.123456,53.898347]]}},{"type":"Feature","properties":{"highway":"pedestrian"},"geometry":{"type":"LineString","coordinates":[[9.122787,53.899086],[9.123513,53.89914]]}},{"type":"Feature","properties":{"highway":"service"},"geometry":{"type":"LineString","coordinates":[[9.124363,53.899535],[9.124527,53.899672],[9.12504,53.899457],[9.125245,53.899372]]}},{"type":"Feature","properties":{"highway":"service"},"geometry":{"type":"LineString","coordinates":[[9.125571,53.899641],[9.125359,53.899727],[9.125209,53.8996],[9.12504,53.899457]]}},{"type":"Feature","properties":{"highway":"service"},"geometry":{"type":"LineString","coordinates":[[9.121267,53.900064],[9.121538,53.899948],[9.121778,53.899846]]}},{"type":"Feature","properties":{"highway":"service"},"geometry":{"type":"LineString","coordinates":[[9.121298,53.899748],[9.121538,53.899948]]}},{"type":"Feature","properties":{"highway":"service"},"geometry":{"type":"LineString","coordinates":[[9.142969,53.909875],[9.142893,53.909863],[9.142772,53.909842],[9.142731,53.909835],[9.142218,53.909745]]}},{"type":"Feature","properties":{"highway":"service"},"geometry":{"type":"LineString","coordinates":[[9.142488,53.910498],[9.142092,53.910358],[9.142181,53.910171],[9.142149,53.910165],[9.142177,53.910104],[9.141832,53.910045],[9.14198,53.909659],[9.142132,53.909615]]}},{"type":"Feature","properties":{"highway":"service"},"geometry":{"type":"LineString","coordinates":[[9.142488,53.910498],[9.142642,53.910547],[9.142709,53.910568]]}},{"type":"Feature","properties":{"highway":"service"},"geometry":{"type":"LineString","coordinates":[[9.142488,53.910498],[9.14253,53.910451],[9.142579,53.910359],[9.14262,53.910259],[9.142659,53.910122]]}},{"type":"Feature","properties":{"highway":"service"},"geometry":{"type":"LineString","coordinates":[[9.142181,53.910171],[9.14262,53.910259]]}},{"type":"Feature","properties":{"highway":"service"},"geometry":{"type":"LineString","coordinates":[[9.142731,53.909835],[9.142725,53.909745],[9.14271,53.909671],[9.142704,53.909636],[9.142687,53.909597],[9.142651,53.909561]]}},{"type":"Feature","properties":{"highway":"service"},"geometry":{"type":"LineString","coordinates":[[9.142659,53.910122],[9.142705,53.909971]]}},{"type":"Feature","properties":{"highway":"service"},"geometry":{"type":"LineString","coordinates":[[9.139845,53.909959],[9.139945,53.909919],[9.140767,53.909579],[9.140942,53.909734]]}},{"type":"Feature","properties":{"highway":"service"},"geometry":{"type":"LineString","coordinates":[[9.140538,53.91053],[9.140432,53.910574],[9.140373,53.910592],[9.140295,53.91059],[9.140231,53.910563],[9.140142,53.910481],[9.140075,53.910421],[9.140032,53.910363],[9.140032,53.910339],[9.140046,53.910317],[9.140086,53.91029],[9.140189,53.910242]]}},{"type":"Feature","properties":{"highway":"service"},"geometry":{"type":"LineString","coordinates":[[9.141496,53.91099],[9.141202,53.911151],[9.140955,53.911001]]}},{"type":"Feature","properties":{"highway":"service"},"geometry":{"type":"LineString","coordinates":[[9.141784,53.911066],[9.141638,53.9113]]}},{"type":"Feature","properties":{"highway":"service"},"geometry":{"type":"LineString","coordinates":[[9.141624,53.9113],[9.141553,53.911285],[9.141544,53.9113]]}},{"type":"Feature","properties":{"highway":"service"},"geometry":{"type":"LineString","coordinates":[[9.133767,53.9055],[9.133697,53.90553],[9.133266,53.905716]]}},{"type":"Feature","properties":{"highway":"service"},"geometry":{"type":"LineString","coordinates":[[9.124878,53.901332],[9.124723,53.901202]]}},{"type":"Feature","properties":{"highway":"service"},"geometry":{"type":"LineString","coordinates":[[9.125378,53.900792],[9.125254,53.900726]]}},{"type":"Feature","properties":{"highway":"service"},"geometry":{"type":"LineString","coordinates":[[9.123478,53.900951],[9.123308,53.901021],[9.123219,53.901058]]}},{"type":"Feature","properties":{"highway":"service"},"geometry":{"type":"LineString","coordinates":[[9.132806,53.906615],[9.133289,53.906424]]}},{"type":"Feature","properties":{"highway":"service"},"geometry":{"type":"LineString","coordinates":[[9.138155,53.905623],[9.138227,53.905577],[9.138269,53.905551]]}},{"type":"Feature","properties":{"highway":"service"},"geometry":{"type":"LineString","coordinates":[[9.143024,53.904025],[9.143045,53.903945],[9.142759,53.903688]]}},{"type":"Feature","properties":{"highway":"service"},"geometry":{"type":"LineString","coordinates":[[9.146916,53.900556],[9.146855,53.900498],[9.146565,53.900228]]}},{"type":"Feature","properties":{"highway":"service"},"geometry":{"type":"LineString","coordinates":[[9.147997,53.899701],[9.147583,53.899977]]}},{"type":"Feature","properties":{"highway":"service"},"geometry":{"type":"LineString","coordinates":[[9.133849,53.906411],[9.133655,53.90625]]}},{"type":"Feature","properties":{"highway":"residential"},"geometry":{"type":"LineString","coordinates":[[9.144411,53.902551],[9.143995,53.902753]]}},{"type":"Feature","properties":{"highway":"residential"},"geometry":{"type":"LineString","coordinates":[[9.150359,53.905807],[9.149763,53.906173]]}},{"type":"Feature","properties":{"highway":"service"},"geometry":{"type":"LineString","coordinates":[[9.127771,53.90793],[9.127674,53.907866]]}},{"type":"Feature","properties":{"highway":"service"},"geometry":{"type":"LineString","coordinates":[[9.127674,53.907866],[9.127646,53.907851],[9.127611,53.90784],[9.127568,53.907836],[9.12753,53.907837],[9.127492,53.907843],[9.127347,53.907916],[9.126788,53.908222]]}},{"type":"Feature","properties":{"highway":"residential"},"geometry":{"type":"LineString","coordinates":[[9.120766,53.903257],[9.121602,53.903755],[9.122756,53.904439],[9.123088,53.904595]]}},{"type":"Feature","properties":{"highway":"service"},"geometry":{"type":"LineString","coordinates":[[9.122534,53.903603],[9.122515,53.903444],[9.12167,53.902826]]}},{"type":"Feature","properties":{"highway":"residential"},"geometry":{"type":"LineString","coordinates":[[9.121602,53.903755],[9.12184,53.903637],[9.121948,53.903613],[9.122534,53.903603],[9.123176,53.903605],[9.123399,53.903615],[9.123516,53.903678],[9.124057,53.904067],[9.124056,53.904119],[9.123978,53.904194],[9.123856,53.904231],[9.123421,53.904212],[9.123132,53.904259],[9.122756,53.904439]]}},{"type":"Feature","properties":{"highway":"residential"},"geometry":{"type":"LineString","coordinates":[[9.122756,53.904439],[9.122599,53.904558],[9.122547,53.904604],[9.12237,53.904676],[9.120998,53.904682],[9.120504,53.904397],[9.12029,53.904265],[9.12023,53.90422],[9.120232,53.904165],[9.120319,53.904111],[9.120429,53.904088],[9.120581,53.904078],[9.121034,53.904079],[9.121424,53.903872],[9.121602,53.903755]]}},{"type":"Feature","properties":{"highway":"secondary"},"geometry":{"type":"LineString","coordinates":[[9.116729,53.894929],[9.11656,53.894949]]}},{"type":"Feature","properties":{"highway":"tertiary"},"geometry":{"type":"LineString","coordinates":[[9.116176,53.89507],[9.116043,53.895118]]}},{"type":"Feature","properties":{"highway":"secondary"},"geometry":{"type":"LineString","coordinates":[[9.116579,53.895174],[9.116465,53.89509]]}},{"type":"Feature","properties":{"highway":"secondary"},"geometry":{"type":"LineString","coordinates":[[9.122747,53.902223],[9.122668,53.90217]]}},{"type":"Feature","properties":{"highway":"service"},"geometry":{"type":"LineString","coordinates":[[9.16684,53.909158],[9.166585,53.909304]]}},{"type":"Feature","properties":{"highway":"service"},"geometry":{"type":"LineString","coordinates":[[9.166391,53.908924],[9.166126,53.909093]]}},{"type":"Feature","properties":{"highway":"service"},"geometry":{"type":"LineString","coordinates":[[9.165198,53.908603],[9.165027,53.908714]]}},{"type":"Feature","properties":{"highway":"residential"},"geometry":{"type":"LineString","coordinates":[[9.127902,53.895167],[9.127727,53.895251],[9.127582,53.89532],[9.127226,53.895485],[9.126916,53.895623]]}},{"type":"Feature","properties":{"highway":"service"},"geometry":{"type":"LineString","coordinates":[[9.121938,53.891922],[9.122088,53.89191],[9.122238,53.891852]]}},{"type":"Feature","properties":{"highway":"track"},"geometry":{"type":"LineString","coordinates":[[9.122469,53.892148],[9.122238,53.891852]]}},{"type":"Feature","properties":{"highway":"service"},"geometry":{"type":"LineString","coordinates":[[9.122238,53.891852],[9.122107,53.891748],[9.121908,53.891647],[9.121701,53.891539],[9.121616,53.891505],[9.121428,53.891498],[9.121357,53.8915]]}},{"type":"Feature","properties":{"highway":"residential"},"geometry":{"type":"LineString","coordinates":[[9.131739,53.909995],[9.131641,53.910001],[9.131307,53.910017]]}},{"type":"Feature","properties":{"highway":"residential"},"geometry":{"type":"LineString","coordinates":[[9.130152,53.90751],[9.130396,53.907398],[9.131272,53.907028]]}},{"type":"Feature","properties":{"highway":"service"},"geometry":{"type":"LineString","coordinates":[[9.128873,53.894151],[9.128919,53.89424]]}},{"type":"Feature","properties":{"highway":"service"},"geometry":{"type":"LineString","coordinates":[[9.128815,53.894229],[9.128919,53.89424]]}},{"type":"Feature","properties":{"highway":"track"},"geometry":{"type":"LineString","coordinates":[[9.121357,53.8915],[9.121412,53.891417],[9.121329,53.891329],[9.121163,53.891185]]}},{"type":"Feature","properties":{"highway":"service"},"geometry":{"type":"LineString","coordinates":[[9.127728,53.894936],[9.127796,53.895054],[9.127902,53.895167]]}},{"type":"Feature","properties":{"highway":"residential"},"geometry":{"type":"LineString","coordinates":[[9.123318,53.906587],[9.123036,53.906398],[9.12134,53.905397],[9.120068,53.904647],[9.118616,53.903794],[9.11754,53.903155],[9.117121,53.902905],[9.116856,53.902748]]}},{"type":"Feature","properties":{"highway":"service"},"geometry":{"type":"LineString","coordinates":[[9.120068,53.904647],[9.120132,53.904611],[9.120504,53.904397]]}},{"type":"Feature","properties":{"highway":"track"},"geometry":{"type":"LineString","coordinates":[[9.125947,53.908601],[9.125881,53.908546]]}},{"type":"Feature","properties":{"highway":"track"},"geometry":{"type":"LineString","coordinates":[[9.120562,53.908077],[9.120476,53.907953]]}},{"type":"Feature","properties":{"highway":"track"},"geometry":{"type":"LineString","coordinates":[[9.120712,53.908364],[9.120562,53.908077]]}},{"type":"Feature","properties":{"highway":"service"},"geometry":{"type":"LineString","coordinates":[[9.149074,53.892515],[9.14901,53.892512],[9.148914,53.892432],[9.148604,53.89225],[9.148216,53.892038],[9.147803,53.891731],[9.147596,53.891594]]}},{"type":"Feature","properties":{"highway":"service"},"geometry":{"type":"LineString","coordinates":[[9.157439,53.892609],[9.157389,53.89235]]}},{"type":"Feature","properties":{"highway":"service"},"geometry":{"type":"LineString","coordinates":[[9.152593,53.88996],[9.152611,53.889887]]}},{"type":"Feature","properties":{"highway":"residential"},"geometry":{"type":"LineString","coordinates":[[9.138113,53.897838],[9.138109,53.897692],[9.138177,53.897558]]}},{"type":"Feature","properties":{"highway":"service"},"geometry":{"type":"LineString","coordinates":[[9.148986,53.890874],[9.148731,53.890697]]}},{"type":"Feature","properties":{"highway":"service"},"geometry":{"type":"LineString","coordinates":[[9.150404,53.891257],[9.150074,53.891576]]}},{"type":"Feature","properties":{"highway":"service"},"geometry":{"type":"LineString","coordinates":[[9.148993,53.891869],[9.149592,53.892281],[9.149919,53.892327]]}},{"type":"Feature","properties":{"highway":"residential"},"geometry":{"type":"LineString","coordinates":[[9.15102,53.906896],[9.150893,53.906827]]}},{"type":"Feature","properties":{"highway":"residential"},"geometry":{"type":"LineString","coordinates":[[9.122718,53.902407],[9.122603,53.902462]]}},{"type":"Feature","properties":{"highway":"residential"},"geometry":{"type":"LineString","coordinates":[[9.12313,53.9022],[9.123038,53.902243]]}},{"type":"Feature","properties":{"highway":"residential"},"geometry":{"type":"LineString","coordinates":[[9.131272,53.907028],[9.13135,53.906995],[9.132411,53.906536],[9.132608,53.906457]]}},{"type":"Feature","properties":{"highway":"residential"},"geometry":{"type":"LineString","coordinates":[[9.116869,53.901836],[9.116916,53.901694],[9.116944,53.901532],[9.116905,53.901441],[9.116844,53.901363],[9.116711,53.901275]]}},{"type":"Feature","properties":{"highway":"service"},"geometry":{"type":"LineString","coordinates":[[9.117566,53.90264],[9.117162,53.902878],[9.117121,53.902905]]}},{"type":"Feature","properties":{"highway":"service"},"geometry":{"type":"LineString","coordinates":[[9.118787,53.903693],[9.118616,53.903794]]}},{"type":"Feature","properties":{"highway":"service"},"geometry":{"type":"LineString","coordinates":[[9.116414,53.9113],[9.116066,53.911116],[9.11609,53.910739]]}},{"type":"Feature","properties":{"highway":"unclassified"},"geometry":{"type":"LineString","coordinates":[[9.130884,53.899813],[9.130975,53.899896],[9.131742,53.900528],[9.132085,53.900811],[9.1323,53.901004]]}},{"type":"Feature","properties":{"highway":"residential"},"geometry":{"type":"LineString","coordinates":[[9.133367,53.900623],[9.132471,53.900996],[9.132348,53.901047]]}},{"type":"Feature","properties":{"highway":"service"},"geometry":{"type":"LineString","coordinates":[[9.133367,53.900623],[9.133461,53.900667]]}},{"type":"Feature","properties":{"highway":"residential"},"geometry":{"type":"LineString","coordinates":[[9.126916,53.895623],[9.126889,53.895641],[9.126823,53.895692]]}},{"type":"Feature","properties":{"highway":"unclassified"},"geometry":{"type":"LineString","coordinates":[[9.1323,53.901004],[9.132348,53.901047]]}},{"type":"Feature","properties":{"highway":"service"},"geometry":{"type":"LineString","coordinates":[[9.127038,53.8945],[9.126672,53.894187],[9.126599,53.894069],[9.126391,53.894117]]}},{"type":"Feature","properties":{"highway":"service"},"geometry":{"type":"LineString","coordinates":[[9.123865,53.900797],[9.123593,53.900588],[9.123566,53.900561],[9.123179,53.900721],[9.123478,53.900951]]}},{"type":"Feature","properties":{"highway":"service"},"geometry":{"type":"LineString","coordinates":[[9.124098,53.899182],[9.124564,53.899227]]}},{"type":"Feature","properties":{"highway":"service"},"geometry":{"type":"LineString","coordinates":[[9.124905,53.899302],[9.124689,53.89913],[9.124534,53.899105]]}},{"type":"Feature","properties":{"highway":"service"},"geometry":{"type":"LineString","coordinates":[[9.12171,53.897972],[9.121831,53.89808],[9.122434,53.898131],[9.122501,53.897985]]}},{"type":"Feature","properties":{"highway":"service"},"geometry":{"type":"LineString","coordinates":[[9.121852,53.897932],[9.122024,53.897802],[9.122528,53.897843],[9.122501,53.897985]]}},{"type":"Feature","properties":{"highway":"service"},"geometry":{"type":"LineString","coordinates":[[9.121496,53.898033],[9.12171,53.897972],[9.121852,53.897932],[9.122501,53.897985]]}},{"type":"Feature","properties":{"highway":"service"},"geometry":{"type":"LineString","coordinates":[[9.132579,53.896862],[9.133085,53.896693]]}},{"type":"Feature","properties":{"highway":"residential"},"geometry":{"type":"LineString","coordinates":[[9.144501,53.896041],[9.14501,53.895982],[9.145131,53.895968]]}},{"type":"Feature","properties":{"highway":"service"},"geometry":{"type":"LineString","coordinates":[[9.13234,53.893827],[9.13227,53.893855],[9.132222,53.893874],[9.132095,53.894002]]}},{"type":"Feature","properties":{"highway":"service"},"geometry":{"type":"LineString","coordinates":[[9.131401,53.893765],[9.131448,53.8938],[9.131646,53.893949],[9.131587,53.893976]]}},{"type":"Feature","properties":{"highway":"residential"},"geometry":{"type":"LineString","coordinates":[[9.132255,53.899216],[9.132295,53.899251],[9.132394,53.899323],[9.132773,53.899584]]}},{"type":"Feature","properties":{"highway":"residential"},"geometry":{"type":"LineString","coordinates":[[9.131621,53.897908],[9.13163,53.898001],[9.131597,53.898104],[9.13153,53.898215],[9.13145,53.898344],[9.131433,53.898371]]}},{"type":"Feature","properties":{"highway":"service"},"geometry":{"type":"LineString","coordinates":[[9.171331,53.906409],[9.171144,53.906314]]}},{"type":"Feature","properties":{"highway":"service"},"geometry":{"type":"LineString","coordinates":[[9.131061,53.900813],[9.131742,53.900528]]}},{"type":"Feature","properties":{"highway":"service"},"geometry":{"type":"LineString","coordinates":[[9.16637,53.894844],[9.166472,53.894849],[9.167304,53.894888],[9.167375,53.894874],[9.167408,53.894813],[9.167465,53.894244],[9.167444,53.8942],[9.167373,53.894185],[9.166534,53.894151],[9.166435,53.894147]]}},{"type":"Feature","properties":{"highway":"service"},"geometry":{"type":"LineString","coordinates":[[9.171468,53.890417],[9.171411,53.890371],[9.171416,53.890303],[9.17145,53.890241],[9.171507,53.890154],[9.171605,53.890034],[9.171606,53.889998]]}},{"type":"Feature","properties":{"highway":"residential"},"geometry":{"type":"LineString","coordinates":[[9.14753,53.904421],[9.147131,53.904647]]}},{"type":"Feature","properties":{"highway":"service"},"geometry":{"type":"LineString","coordinates":[[9.176561,53.891334],[9.1767,53.891333]]}},{"type":"Feature","properties":{"highway":"service"},"geometry":{"type":"LineString","coordinates":[[9.17286,53.890769],[9.175681,53.890789],[9.1767,53.890812]]}},{"type":"Feature","properties":{"highway":"service"},"geometry":{"type":"LineString","coordinates":[[9.1767,53.89611],[9.176529,53.896106],[9.17341,53.89592],[9.173353,53.896003],[9.173299,53.896197]]}},{"type":"Feature","properties":{"highway":"service"},"geometry":{"type":"LineString","coordinates":[[9.171376,53.889972],[9.17126,53.889956],[9.171152,53.889952],[9.171021,53.890006],[9.170757,53.890128],[9.170659,53.890175]]}},{"type":"Feature","properties":{"highway":"service"},"geometry":{"type":"LineString","coordinates":[[9.171498,53.889993],[9.171376,53.889972]]}},{"type":"Feature","properties":{"highway":"tertiary"},"geometry":{"type":"LineString","coordinates":[[9.176687,53.896367],[9.1767,53.896368]]}},{"type":"Feature","properties":{"highway":"service"},"geometry":{"type":"LineString","coordinates":[[9.132969,53.899527],[9.133188,53.899448]]}},{"type":"Feature","properties":{"highway":"service"},"geometry":{"type":"LineString","coordinates":[[9.133188,53.899448],[9.133242,53.899415],[9.133458,53.899335],[9.133595,53.899298],[9.133648,53.899299],[9.133693,53.899303],[9.133853,53.89937],[9.134039,53.89948],[9.133976,53.899517],[9.133877,53.899549],[9.133541,53.899549],[9.133353,53.899539],[9.133262,53.899503],[9.133188,53.899448]]}},{"type":"Feature","properties":{"highway":"service"},"geometry":{"type":"LineString","coordinates":[[9.141948,53.893808],[9.141755,53.893837],[9.141693,53.893882],[9.141581,53.893962]]}},{"type":"Feature","properties":{"highway":"secondary"},"geometry":{"type":"LineString","coordinates":[[9.162323,53.895369],[9.164416,53.895636],[9.164502,53.895647],[9.165125,53.895719],[9.165982,53.895795]]}},{"type":"Feature","properties":{"highway":"service"},"geometry":{"type":"LineString","coordinates":[[9.164416,53.895636],[9.164386,53.895702],[9.164313,53.895835]]}},{"type":"Feature","properties":{"highway":"pedestrian"},"geometry":{"type":"LineString","coordinates":[[9.124549,53.900176],[9.124644,53.90023],[9.124884,53.900416]]}},{"type":"Feature","properties":{"highway":"pedestrian"},"geometry":{"type":"LineString","coordinates":[[9.123513,53.89914],[9.123479,53.899311],[9.123825,53.899609],[9.123937,53.899709]]}},{"type":"Feature","properties":{"highway":"pedestrian"},"geometry":{"type":"LineString","coordinates":[[9.125221,53.899912],[9.125673,53.899726]]}},{"type":"Feature","properties":{"highway":"pedestrian"},"geometry":{"type":"LineString","coordinates":[[9.124549,53.900176],[9.125221,53.899912]]}},{"type":"Feature","properties":{"highway":"service"},"geometry":{"type":"LineString","coordinates":[[9.144299,53.894185],[9.144142,53.89418]]}},{"type":"Feature","properties":{"highway":"service"},"geometry":{"type":"LineString","coordinates":[[9.142129,53.893626],[9.142071,53.893709]]}},{"type":"Feature","properties":{"highway":"service"},"geometry":{"type":"LineString","coordinates":[[9.142597,53.893358],[9.142129,53.893626]]}},{"type":"Feature","properties":{"highway":"service"},"geometry":{"type":"LineString","coordinates":[[9.141948,53.893808],[9.142071,53.893709],[9.142269,53.893746],[9.142731,53.893955],[9.14271,53.894024]]}},{"type":"Feature","properties":{"highway":"service"},"geometry":{"type":"LineString","coordinates":[[9.147922,53.89755],[9.147812,53.897721],[9.146987,53.897812],[9.146613,53.897797]]}},{"type":"Feature","properties":{"highway":"service"},"geometry":{"type":"LineString","coordinates":[[9.157389,53.89235],[9.157358,53.892184]]}},{"type":"Feature","properties":{"highway":"service"},"geometry":{"type":"LineString","coordinates":[[9.13145,53.898344],[9.131585,53.89837],[9.131648,53.898375],[9.13171,53.898358],[9.13173,53.898353],[9.131915,53.898278],[9.132414,53.898707]]}},{"type":"Feature","properties":{"highway":"service"},"geometry":{"type":"LineString","coordinates":[[9.132677,53.898608],[9.132414,53.898707],[9.132212,53.898791],[9.132033,53.898866],[9.131893,53.898924]]}},{"type":"Feature","properties":{"highway":"service"},"geometry":{"type":"LineString","coordinates":[[9.13171,53.898358],[9.132212,53.898791]]}},{"type":"Feature","properties":{"highway":"service"},"geometry":{"type":"LineString","coordinates":[[9.121509,53.897119],[9.121836,53.89739]]}},{"type":"Feature","properties":{"highway":"service"},"geometry":{"type":"LineString","coordinates":[[9.120797,53.897422],[9.120908,53.897378],[9.121099,53.897293],[9.121308,53.897201],[9.121509,53.897119]]}},{"type":"Feature","properties":{"highway":"service"},"geometry":{"type":"LineString","coordinates":[[9.12146,53.89759],[9.121099,53.897293]]}},{"type":"Feature","properties":{"highway":"service"},"geometry":{"type":"LineString","coordinates":[[9.121261,53.897672],[9.120908,53.897378]]}},{"type":"Feature","properties":{"highway":"service"},"geometry":{"type":"LineString","coordinates":[[9.121154,53.897716],[9.121261,53.897672],[9.12146,53.89759],[9.121646,53.897514],[9.121308,53.897201]]}},{"type":"Feature","properties":{"highway":"service"},"geometry":{"type":"LineString","coordinates":[[9.120697,53.896608],[9.121115,53.89695]]}},{"type":"Feature","properties":{"highway":"service"},"geometry":{"type":"LineString","coordinates":[[9.11866,53.891519],[9.118604,53.891411],[9.118232,53.891072]]}},{"type":"Feature","properties":{"highway":"service"},"geometry":{"type":"LineString","coordinates":[[9.116075,53.900455],[9.116254,53.900066],[9.116268,53.89998]]}},{"type":"Feature","properties":{"highway":"service"},"geometry":{"type":"LineString","coordinates":[[9.146317,53.897398],[9.146633,53.897315],[9.146737,53.897312],[9.146874,53.897319],[9.146921,53.897319],[9.146955,53.897312],[9.147069,53.897162],[9.147064,53.897135],[9.147051,53.897106]]}},{"type":"Feature","properties":{"highway":"service"},"geometry":{"type":"LineString","coordinates":[[9.11624,53.898823],[9.115838,53.898755]]}},{"type":"Feature","properties":{"highway":"tertiary"},"geometry":{"type":"LineString","coordinates":[[9.116043,53.895118],[9.115811,53.895181],[9.1157,53.895204]]}},{"type":"Feature","properties":{"highway":"residential"},"geometry":{"type":"LineString","coordinates":[[9.150893,53.906827],[9.150823,53.906786]]}},{"type":"Feature","properties":{"highway":"secondary"},"geometry":{"type":"LineString","coordinates":[[9.126369,53.896019],[9.126052,53.895781]]}},{"type":"Feature","properties":{"highway":"secondary_link"},"geometry":{"type":"LineString","coordinates":[[9.131303,53.909698],[9.131383,53.90976],[9.131464,53.909822],[9.131535,53.909877],[9.131592,53.90991]]}},{"type":"Feature","properties":{"highway":"residential"},"geometry":{"type":"LineString","coordinates":[[9.131727,53.909917],[9.131648,53.909914],[9.131592,53.90991],[9.131307,53.909916]]}},{"type":"Feature","properties":{"highway":"residential"},"geometry":{"type":"LineString","coordinates":[[9.132168,53.909948],[9.131727,53.909917]]}},{"type":"Feature","properties":{"highway":"residential"},"geometry":{"type":"LineString","coordinates":[[9.132168,53.909948],[9.131739,53.909995]]}}]}